Nº;ID;Date;Time;Country;League;Home;Away;jogosHome;jogosAway;GPH;GAH;GPA;GAA;avgHome;avgAway;avgSum;U25;O25
1;I10bE7po;19/09/2023;11:35;OMAN;PROFESSIONAL LEAGUE - ROUND 4;Al-Rustaq;Al Seeb;20;23;0,5;0,7;1,3913;0,6522;0,5761;1,0457;1,6217;77,78;22,2
2;fy3SzZW7;19/09/2023;15:30;ARGENTINA;PRIMERA D - SECOND STAGE - ROUND 13;Deportivo Muniz;CSR Espanol;21;22;0,9524;0,8571;0,8636;0,8636;0,908;0,8604;1,7684;73,9;26,07
3;pCKS5vDi;19/09/2023;10:00;ALBANIA;SUPERLIGA - ROUND 4;Teuta;Skenderbeu;24;21;1,125;0,8333;0,9524;0,6667;0,8958;0,8929;1,7887;73,37;26,6
4;EkcwGmjk;19/09/2023;11:30;BULGARIA;VTORA LIGA - ROUND 9;Montana;Yantra Gabrovo;18;20;1,1667;0,9444;0,65;0,9;1,0333;0,7972;1,8306;72,24;27,72
5;CYd8EYPG;19/09/2023;18:45;ARGENTINA;COPA DE LA LIGA PROFESIONAL - ROUND 5;Central Cordoba;Boca Juniors;21;22;0,9524;0,8571;1,0;0,9091;0,9307;0,9286;1,8593;71,48;28,48
6;IDf9h8hA;19/09/2023;18:05;COLOMBIA;PRIMERA B - CLAUSURA - ROUND 12;Quindio;Llaneros;21;21;1,2857;0,8571;0,7619;0,8571;1,0714;0,8095;1,881;70,88;29,1
7;44kZnLsd;19/09/2023;15:45;ENGLAND;NATIONAL LEAGUE - ROUND 10;Boreham Wood;Rochdale;21;22;0,9048;0,8571;1,0455;1,1818;1,0433;0,9513;1,9946;67,82;32,12
8;UXNX5rBs;19/09/2023;21:30;BRAZIL;SERIE B - ROUND 29;Sampaio Correa;Vila Nova FC;22;21;1,2273;0,9545;1,0476;0,7619;0,9946;1,0011;1,9957;67,78;32,17
9;Am1Gwymk;19/09/2023;15:30;ARGENTINA;PRIMERA D - SECOND STAGE - ROUND 13;Central Ballester;Argentino de Rosario;21;21;0,7619;1,1429;1,0952;1,0;0,881;1,119;2,0;67,65;32,3
10;lApCtSbU;19/09/2023;13:30;ITALY;SERIE C - GROUP B - ROUND 4;Lucchese;Gubbio;18;20;0,8889;0,7778;1,3;1,05;0,9694;1,0389;2,0083;67,44;32,52
11;tps4rlUH;19/09/2023;13:30;ITALY;SERIE C - GROUP B - ROUND 4;Fermana;Recanatese;20;22;0,95;1,0;1,0455;1,0909;1,0205;1,0227;2,0432;66,51;33,47
12;hfPZcE9a;19/09/2023;14:30;SOUTH AFRICA;PREMIER LEAGUE - ROUND 7;Richards Bay;Chippa Utd.;21;19;0,619;0,9524;1,1053;1,4211;1,0201;1,0288;2,0489;66,36;33,64
13;29KvGWDp;19/09/2023;21:00;ECUADOR;SERIE B - ROUND 31;America de Quito;Manta;21;20;1,0476;1,0476;0,75;1,3;1,1738;0,8988;2,0726;65,7;34,26
14;08M33FuR;19/09/2023;14:30;SAUDI ARABIA;DIVISION 1 - ROUND 6;Al-Faisaly;Al Qadisiya;23;23;1,5652;0,9565;0,6522;1,0;1,2826;0,8043;2,087;65,31;34,65
15;vq5eHztb;19/09/2023;21:00;ARGENTINA;COPA DE LA LIGA PROFESIONAL - ROUND 5;Rosario Central;Independiente;21;19;1,7143;0,7143;0,7368;1,0526;1,3835;0,7256;2,109;64,72;35,21
16;K0ecYSNF;19/09/2023;13:00;SPAIN;SEGUNDA RFEF - GROUP 3 - ROUND 3;Manresa;Pena Deportiva;23;21;1,2174;0,7826;1,1429;1,1429;1,1801;0,9627;2,1429;63,81;36,16
17;nqX5ZvXH;19/09/2023;10:00;EGYPT;PREMIER LEAGUE - ROUND 1;ZED;El Ismaily;21;23;1,4286;0,619;0,8696;1,3913;1,4099;0,7443;2,1542;63,49;36,41
18;4nlipp0j;19/09/2023;16:00;COLOMBIA;PRIMERA B - CLAUSURA - ROUND 12;Patriotas;Orsomarso;21;22;1,4286;0,7143;0,5455;1,6364;1,5325;0,6299;2,1623;63,29;36,62
19;ObPmXbcA;19/09/2023;11:00;ARGENTINA;RESERVE LEAGUE - SECOND STAGE - ROUND 7;Defensa y Justicia 2;Arsenal Sarandi 2;20;20;1,45;1,1;0,6;1,2;1,325;0,85;2,175;62,94;37,04
20;p0bhsmm1;19/09/2023;15:00;ASIA;AFC CUP - ROUND 1;Al Wehdat;Al-Ittihad;22;19;1,9545;0,6364;1,2632;0,5789;1,2667;0,9498;2,2165;61,83;38,15
21;Gd8ZcTT4;19/09/2023;13:30;ITALY;SERIE C - GROUP B - ROUND 4;Vis Pesaro;Entella;20;19;0,55;1,2;1,3158;1,3684;0,9592;1,2579;2,2171;61,81;38,12
22;Q7FM0Vqn;19/09/2023;13:30;ITALY;SERIE C - GROUP B - ROUND 4;Pineto;Rimini;20;21;1,8;0,75;0,8095;1,1429;1,4714;0,7798;2,2512;60,91;39,01
23;pWOWWk3R;19/09/2023;11:00;ARGENTINA;RESERVE LEAGUE - SECOND STAGE - ROUND 7;Sarmiento Junin 2;Barracas Central 2;21;21;1,2857;0,9048;0,619;1,7143;1,5;0,7619;2,2619;60,62;39,25
24;IZ3aGfe4;19/09/2023;21:00;ARGENTINA;COPA DE LA LIGA PROFESIONAL - ROUND 5;Huracan;Gimnasia L.P.;21;20;1,2381;0,9048;0,75;1,65;1,444;0,8274;2,2714;60,38;39,55
25;zVjmeim7;19/09/2023;14:30;SAUDI ARABIA;DIVISION 1 - ROUND 6;Al Arabi;Al Kholood;21;22;1,4286;1,0;1,1818;0,9545;1,1916;1,0909;2,2825;60,06;39,87
26;jHwcy125;19/09/2023;13:00;EGYPT;PREMIER LEAGUE - ROUND 1;Al Ahly;Al Masry;25;21;1,8;0,84;1,0;1,0;1,4;0,92;2,32;59,08;40,83
27;AJo8s8qO;19/09/2023;15:45;ITALY;SERIE C - GROUP B - ROUND 4;Juventus U23;Spal;18;21;1,3333;1,1667;0,8571;1,2857;1,3095;1,0119;2,3214;59,02;40,88
28;6u4YYKrD;19/09/2023;17:20;PERU;LIGA 1 - CLAUSURA - ROUND 14;AD Cantolao;FBC Melgar;20;20;0,95;1,25;1,05;1,4;1,175;1,15;2,325;58,95;40,98
29;AFVSXJPD;19/09/2023;07:30;SOUTH KOREA;K LEAGUE 2 - ROUND 32;Cheongju;Seoul E-Land;22;18;1,0909;1,1818;1,0;1,3889;1,2399;1,0909;2,3308;58,78;41,17
30;6LkPDAdk;19/09/2023;11:00;ARGENTINA;RESERVE LEAGUE - SECOND STAGE - ROUND 7;Gimnasia L.P. 2;Estudiantes L.P. 2;21;21;1,5238;1,0952;0,7143;1,3333;1,4286;0,9048;2,3333;58,72;41,19
31;nHOwcYO5;19/09/2023;14:30;SOUTH AFRICA;PREMIER LEAGUE - ROUND 7;Stellenbosch;Swallows;23;22;1,5652;1,2174;0,6364;1,2727;1,419;0,9269;2,3458;58,4;41,53
32;EXBI1BUu;19/09/2023;15:45;ITALY;SERIE C - GROUP B - ROUND 4;Perugia;Pontedera;21;22;1,3333;1,2857;1,1818;0,9091;1,1212;1,2338;2,355;58,15;41,81
33;viLVbffg;19/09/2023;14:30;SOUTH AFRICA;PREMIER LEAGUE - ROUND 7;Cape Town Spurs;Golden Arrows;21;21;1,5714;0,6667;1,0476;1,4286;1,5;0,8571;2,3571;58,09;41,81
34;UXTX33v7;19/09/2023;22:20;COLOMBIA;PRIMERA A - CLAUSURA - ROUND 12;La Equidad;Dep. Cali;21;22;1,1905;0,7143;0,9091;1,9545;1,5725;0,8117;2,3842;57,38;42,48
35;fkbZQRpG;19/09/2023;18:00;COSTA RICA;PRIMERA DIVISION - APERTURA - ROUND 11;Guanacasteca;Alajuelense;23;21;1,3478;0,8261;1,619;1,0;1,1739;1,2226;2,3965;57,06;42,87
36;neFvaY02;19/09/2023;15:45;ENGLAND;CHAMPIONSHIP - ROUND 7;Cardiff;Coventry;22;22;1,3182;1,0909;1,5455;0,8636;1,0909;1,3182;2,4091;56,74;43,18
37;h61rdXX0;19/09/2023;12:50;SAUDI ARABIA;DIVISION 1 - ROUND 6;Al Jabalain;Jeddah;22;22;1,5455;1,2727;0,7273;1,2727;1,4091;1,0;2,4091;56,73;43,19
38;QLWaQ9La;19/09/2023;13:00;PERU;LIGA 2 - ROUND 25;Ayacucho;Santos;20;22;1,3;1,3;0,7273;1,5;1,4;1,0136;2,4136;56,62;43,3
39;E9y6kQSK;19/09/2023;21:06;NORTH & CENTRAL AMERICA;CONCACAF CARIBBEAN CUP - ROUND 3;Cavalier;Moca;18;21;1,8889;0,7778;1,3333;0,8571;1,373;1,0556;2,4286;56,23;43,73
40;KUhepAa5;19/09/2023;13:30;ITALY;SERIE C - GROUP B - ROUND 4;Arezzo;Olbia;20;21;1,5;1,15;1,1429;1,0952;1,2976;1,1464;2,444;55,81;44,12
41;ryzKldJD;19/09/2023;15:45;ENGLAND;LEAGUE ONE - ROUND 7;Port Vale;Burton;21;25;1,0476;1,0952;1,16;1,6;1,3238;1,1276;2,4514;55,64;44,26
42;4GmwyVhn;19/09/2023;15:00;ASIA;AFC CHAMPIONS LEAGUE - ROUND 1;Persepolis;Al Nassr;21;25;1,4762;0,5238;1,84;1,08;1,2781;1,1819;2,46;55,42;44,5
43;2X6xGSg8;19/09/2023;15:00;ENGLAND;EFL TROPHY;Derby;Lincoln;25;24;1,52;0,92;1,375;1,125;1,3225;1,1475;2,47;55,17;44,78
44;MTZ8ypy2;19/09/2023;08:30;ASIA;ASIAN GAMES - ROUND 1;Saudi Arabia U23;Iran U23;25;26;1,84;0,72;1,1923;1,1923;1,5162;0,9562;2,4723;55,09;44,78
45;YmVUXkGc;19/09/2023;09:00;ARMENIA;PREMIER LEAGUE - ROUND 8;Urartu;Van;19;22;1,5263;0,8947;0,8182;1,7273;1,6268;0,8565;2,4833;54,82;45,01
46;E7zWxmcj;19/09/2023;15:00;ENGLAND;EFL TROPHY;Exeter;Reading;19;20;1,4211;0,9474;0,75;1,85;1,6355;0,8487;2,4842;54,79;45,04
47;AR7omraI;19/09/2023;22:05;MEXICO;LIGA DE EXPANSION MX - APERTURA - ROUND 10;Cancun;Cimarrones de Sonora;24;21;1,0833;1,3333;1,2857;1,2857;1,1845;1,3095;2,494;54,53;45,41
48;nyL8OmjC;19/09/2023;17:15;PERU;LIGA 2 - ROUND 25;Union Huaral;Los Chankas;22;21;1,0455;1,1364;1,1905;1,619;1,3323;1,1634;2,4957;54,49;45,44
49;r9wsAGX6;19/09/2023;07:00;SOUTH KOREA;K LEAGUE 2 - ROUND 32;Busan;Ansan Greeners;19;20;1,3158;0,5789;1,15;1,95;1,6329;0,8645;2,4974;54,45;45,4
50;OjR8UHYO;19/09/2023;11:30;PORTUGAL;LIGA REVELACAO U23 - ROUND 5;Estrela U23;Estoril U23;18;18;0,9444;0,7222;1,6111;1,7222;1,3333;1,1667;2,5;54,39;45,55
51;WbexHSas;19/09/2023;15:45;ENGLAND;FA CUP - QUALIFICATION - QUARTER-FINALS;Biggleswade Town;Bishop's Stortford;20;19;1,5;1,3;1,4211;0,7895;1,1447;1,3605;2,5053;54,26;45,67
52;f7sxBXTo;19/09/2023;15:45;ENGLAND;NATIONAL LEAGUE - ROUND 10;Dag & Red;Bromley;19;20;0,8947;1,5263;1,45;1,15;1,0224;1,4882;2,5105;54,1;45,79
53;zJtzLEy5;19/09/2023;15:00;ENGLAND;EFL TROPHY;Wycombe;Crystal Palace U21;23;22;1,087;1,0;1,5909;1,3636;1,2253;1,2955;2,5208;53,86;46,07
54;tKF60nPn;19/09/2023;12:35;SAUDI ARABIA;DIVISION 1 - ROUND 6;Al Batin;Ohod;21;21;1,3333;1,7143;0,619;1,381;1,3571;1,1667;2,5238;53,77;46,15
55;G067uJ1M;19/09/2023;16:00;EUROPE;CHAMPIONS LEAGUE - GROUP STAGE - ROUND 1;Barcelona;Antwerp;18;22;1,8889;0,6667;1,5909;0,9091;1,399;1,1288;2,5278;53,67;46,25
56;QoErbhG8;19/09/2023;15:45;ENGLAND;CHAMPIONSHIP - ROUND 7;QPR;Swansea;19;21;0,5263;1,7895;1,4286;1,3333;0,9298;1,609;2,5388;53,38;46,48
57;8pM4PTz6;19/09/2023;17:15;PERU;LIGA 2 - ROUND 25;Pirata;Comerciantes Unidos;22;22;1,1364;1,1364;1,4091;1,4091;1,2727;1,2727;2,5455;53,21;46,76
58;KUEQakah;19/09/2023;15:45;ITALY;SERIE C - GROUP B - ROUND 4;Sestri Levante;Pescara;19;20;1,7368;0,4737;1,35;1,55;1,6434;0,9118;2,5553;52,97;46,88
59;Ys6IoB2N;19/09/2023;11:00;ROMANIA;LIGA 3 - SERIA 9 - ROUND 4;Avantul Reghin;Industria Galda;22;21;1,1818;1,1818;1,0476;1,7143;1,4481;1,1147;2,5628;52,77;47,14
60;SWLar5OJ;19/09/2023;13:30;ITALY;SERIE C - GROUP A - ROUND 4;Pergolettese;Triestina;23;21;1,4783;1,3478;1,0;1,3333;1,4058;1,1739;2,5797;52,36;47,57
61;zsLjuR3n;19/09/2023;20:30;PARAGUAY;COPA PARAGUAY - 1/8-FINALS;Tacuary;Sportivo Trinidense;21;22;1,2381;1,5714;1,2727;1,0909;1,1645;1,4221;2,5866;52,18;47,73
62;2eyAzXJP;19/09/2023;16:00;EUROPE;CHAMPIONS LEAGUE - GROUP STAGE - ROUND 1;Lazio;Atl. Madrid;18;25;1,6111;0,7778;1,72;1,08;1,3456;1,2489;2,5944;51,98;47,94
63;vNe5glw4;19/09/2023;20:10;COLOMBIA;PRIMERA B - CLAUSURA - ROUND 12;Barranquilla;Atletico F.C.;21;21;1,2381;1,381;0,7619;1,8095;1,5238;1,0714;2,5952;51,95;47,92
64;2gr0qUEB;19/09/2023;15:45;ITALY;SERIE C - GROUP B - ROUND 4;Cesena;Ancona;19;20;2,0;0,8421;1,0;1,35;1,675;0,9211;2,5961;51,94;47,87
65;YNigDpa6;19/09/2023;15:45;ENGLAND;FA CUP - QUALIFICATION - QUARTER-FINALS;Braintree;Canvey;21;19;1,4762;1,0476;1,6842;1,0;1,2381;1,3659;2,604;51,74;48,17
66;U3WtfIGF;19/09/2023;16:00;EUROPE;CHAMPIONS LEAGUE - GROUP STAGE - ROUND 1;Shakhtar Donetsk;FC Porto;18;20;2,1111;1,0;1,55;0,55;1,3306;1,275;2,6056;51,71;48,23
67;djMnt7lt;19/09/2023;18:00;PARAGUAY;COPA PARAGUAY - 1/8-FINALS;Nacional Asuncion;Sp. Luqueno;21;22;1,3333;1,0476;1,3182;1,5455;1,4394;1,1829;2,6223;51,28;48,6
68;ImiRlsDq;19/09/2023;15:45;ENGLAND;NATIONAL LEAGUE - ROUND 10;Southend;Maidenhead;22;24;1,6818;1,0;1,125;1,4583;1,5701;1,0625;2,6326;51,03;48,84
69;MmKGTewO;19/09/2023;05:00;ASIA;ASIAN GAMES - ROUND 1;Bahrain U23;Thailand U23;21;20;1,0476;1,4762;1,95;0,8;0,9238;1,7131;2,6369;50,91;48,88
70;UPZl8VD4;19/09/2023;15:45;ENGLAND;NATIONAL LEAGUE - ROUND 10;Gateshead;Kidderminster;22;24;1,9091;1,3636;1,25;0,7917;1,3504;1,3068;2,6572;50,42;49,48
71;t4gfnlio;19/09/2023;15:45;ENGLAND;NATIONAL LEAGUE - ROUND 10;Chesterfield;FC Halifax;21;25;1,9048;1,619;1,08;0,72;1,3124;1,3495;2,6619;50,29;49,6
72;QR3G28oU;19/09/2023;11:00;ALBANIA;SUPERLIGA - ROUND 4;Laci;Vllaznia;20;21;1,95;1,3;0,9524;1,1905;1,5702;1,1262;2,6964;49,45;50,41
73;EcHKtyEm;19/09/2023;13:00;ASIA;AFC CUP - ROUND 1;Al Kahraba;Al Kuwait;21;20;1,1905;0,7619;2,0;1,45;1,3202;1,381;2,7012;49,33;50,56
74;xjwc69rH;19/09/2023;15:45;ENGLAND;NATIONAL LEAGUE - ROUND 10;Solihull Moors;AFC Fylde;21;20;1,3333;1,2857;1,8;1,0;1,1667;1,5429;2,7095;49,13;50,7
75;MmlkEQq0;19/09/2023;15:45;ENGLAND;FA CUP - QUALIFICATION - QUARTER-FINALS;Brackley Town;Scunthorpe;21;21;1,5714;1,0;1,1429;1,7143;1,6429;1,0714;2,7143;49,01;50,81
76;YD80yzMo;19/09/2023;15:30;ENGLAND;EFL TROPHY;Colchester;Tottenham U21;22;27;1,1364;1,0455;1,2222;2,037;1,5867;1,1338;2,7205;48,86;50,99
77;Maxo9zmD;19/09/2023;07:30;SOUTH KOREA;K LEAGUE 2 - ROUND 32;Seongnam;Gimcheon Sangmu;22;22;1,3182;1,6364;1,3182;1,1818;1,25;1,4773;2,7273;48,7;51,16
78;dvjVm1Sk;19/09/2023;15:45;ENGLAND;NATIONAL LEAGUE - ROUND 10;Woking;Ebbsfleet;22;22;1,4091;1,1364;1,6818;1,2727;1,3409;1,4091;2,75;48,15;51,74
79;lvYtVm0G;19/09/2023;12:00;ARMENIA;PREMIER LEAGUE - ROUND 8;Shirak Gyumri;Ararat-Armenia;25;22;0,76;1,52;2,0455;1,2273;0,9936;1,7827;2,7764;47,51;52,22
80;A7DW3L4e;19/09/2023;15:45;ENGLAND;FA CUP - QUALIFICATION - QUARTER-FINALS;Scarborough;Farsley;20;23;1,45;1,45;1,0;1,6522;1,5511;1,225;2,7761;47,51;52,35
81;I9fNQrC8;19/09/2023;15:45;ENGLAND;FA CUP - QUALIFICATION - QUARTER-FINALS;Frome;Plymouth Parkway;24;20;1,4167;1,5;0,9;1,75;1,5833;1,2;2,7833;47,34;52,51
82;2F1sP5FS;19/09/2023;23:00;COSTA RICA;PRIMERA DIVISION - APERTURA - ROUND 11;Saprissa;AD Santos;22;21;2,4545;0,5455;0,9524;1,619;2,0368;0,7489;2,7857;47,29;52,2
83;KCksDMaJ;19/09/2023;15:45;ENGLAND;FA CUP - QUALIFICATION - QUARTER-FINALS;Taunton;Merthyr Town;21;21;1,0476;1,381;1,8095;1,3333;1,1905;1,5952;2,7857;47,28;52,54
84;8ptnqywB;19/09/2023;08:30;ASIA;ASIAN GAMES - ROUND 1;Indonesia U23;Kyrgyzstan U23;23;19;2,4783;1,0435;0,6842;1,3684;1,9233;0,8638;2,7872;47,25;52,34
85;tjzYqIjC;19/09/2023;08:00;EUROPE;UEFA YOUTH LEAGUE - GROUP STAGE - ROUND 1;Shakhtar Donetsk U19;FC Porto U19;18;22;1,9444;0,7778;1,9545;0,9091;1,4268;1,3662;2,7929;47,12;52,76
86;S4ydTdk4;19/09/2023;15:45;ENGLAND;FA CUP - QUALIFICATION - QUARTER-FINALS;Marlow;Horsham FC;21;18;1,5714;1,4762;1,3889;1,2222;1,3968;1,4325;2,8294;46,26;53,58
87;WYmliKvn;19/09/2023;07:00;PORTUGAL;LIGA REVELACAO U23 - ROUND 5;Leixoes U23;Famalicao U23;23;21;1,2609;1,2174;1,9048;1,2857;1,2733;1,5611;2,8344;46,13;53,69
88;jZzo9Bbb;19/09/2023;15:45;ENGLAND;NATIONAL LEAGUE - ROUND 10;Eastleigh;Oxford City;22;21;1,1818;1,4091;1,6667;1,4286;1,3052;1,5379;2,8431;45,92;53,9
89;4SqvCsHe;19/09/2023;14:00;FAROE ISLANDS;PREMIER LEAGUE - ROUND 22;HB Torshavn;Vikingur;21;23;2,381;0,6667;1,5652;1,087;1,734;1,1159;2,8499;45,77;53,99
90;OnZh7kTA;19/09/2023;15:45;ENGLAND;NATIONAL LEAGUE - ROUND 10;Oldham;York City;20;20;1,5;1,15;1,35;1,7;1,6;1,25;2,85;45,76;54,05
91;6B2SjUrU;19/09/2023;15:45;ENGLAND;NATIONAL LEAGUE - ROUND 10;Barnet;Aldershot;20;22;1,65;1,1;1,4091;1,5455;1,5977;1,2545;2,8523;45,71;54,09
92;A1tIayqr;19/09/2023;15:45;ENGLAND;FA CUP - QUALIFICATION - QUARTER-FINALS;Farnborough;Wingate & Finchley;22;20;1,7273;1,1818;1,25;1,55;1,6386;1,2159;2,8545;45,66;54,14
93;QZZEobUI;19/09/2023;07:00;ASIA;AFC CHAMPIONS LEAGUE - ROUND 1;Ulsan Hyundai;Pathum United;22;21;1,7727;1,2727;1,2857;1,381;1,5768;1,2792;2,8561;45,62;54,19
94;YD0BdQMD;19/09/2023;15:45;ENGLAND;CHAMPIONSHIP - ROUND 7;Preston;Birmingham;21;23;1,381;1,5714;1,2609;1,5217;1,4513;1,4161;2,8675;45,35;54,45
95;rDiXc0dR;19/09/2023;15:45;ENGLAND;LEAGUE ONE - ROUND 7;Barnsley;Portsmouth;23;23;2,2174;1,3043;1,2174;1,0;1,6087;1,2609;2,8696;45,31;54,48
96;UuzVmYID;19/09/2023;15:45;ENGLAND;CHAMPIONSHIP - ROUND 7;Bristol City;Plymouth;24;21;2,0833;1,0417;1,3333;1,2857;1,6845;1,1875;2,872;45,25;54,55
97;vDSrvI6n;19/09/2023;15:45;ENGLAND;CHAMPIONSHIP - ROUND 7;Southampton;Ipswich;22;23;1,2273;1,9545;1,5652;1,0;1,1136;1,7599;2,8735;45,2;54,49
98;pGvZUAsm;19/09/2023;13:45;EUROPE;CHAMPIONS LEAGUE - GROUP STAGE - ROUND 1;AC Milan;Newcastle;22;21;1,9091;1,0;1,6667;1,1905;1,5498;1,3333;2,8831;44,98;54,84
99;OG2HbGxb;19/09/2023;05:00;ASIA;ASIAN GAMES - ROUND 1;Bangladesh U23;Myanmar U23;16;25;0,625;1,375;1,6;2,2;1,4125;1,4875;2,9;44,59;55,23
100;UXVFkx47;19/09/2023;15:45;ENGLAND;LEAGUE ONE - ROUND 7;Peterborough;Cheltenham;21;23;1,5238;1,381;1,3043;1,6087;1,5663;1,3427;2,9089;44,39;55,47
101;8Eq4RzKG;19/09/2023;15:45;ENGLAND;FA CUP - QUALIFICATION - QUARTER-FINALS;Chorley;Runcorn Linnets;19;21;1,1579;1,2105;2,0476;1,4286;1,2932;1,6291;2,9223;44,09;55,73
102;rqvc3vpf;19/09/2023;11:00;SLOVAKIA;3. LIGA - EAST - ROUND 7;Stropkov;Oravske Vesele;19;23;1,8947;1,2105;1,2174;1,5217;1,7082;1,214;2,9222;44,08;55,67
103;hAR0j2zd;19/09/2023;15:45;ENGLAND;FA CUP - QUALIFICATION - QUARTER-FINALS;Atherton;Ashton Utd;22;22;1,2273;1,5455;1,3182;1,7727;1,5;1,4318;2,9318;43,87;55,98
104;AgKYd8lM;19/09/2023;15:45;ENGLAND;EFL TROPHY;Bristol Rovers;West Ham U21;19;22;1,1579;1,5263;1,5909;1,5909;1,3744;1,5586;2,933;43,84;56,01
105;Y5EJYw5B;19/09/2023;15:00;ENGLAND;EFL TROPHY;Morecambe;Liverpool U21;21;23;1,5238;1,0476;1,4783;1,8261;1,6749;1,2629;2,9379;43,73;56,07
106;fonLEjsq;19/09/2023;11:00;ARGENTINA;RESERVE LEAGUE - SECOND STAGE - ROUND 7;Central Cordoba 2;Atl. Tucuman 2;22;21;1,0909;1,2727;0,9524;2,5714;1,8312;1,1126;2,9437;43,59;56,15
107;pv3kA7NG;19/09/2023;15:00;NETHERLANDS;KNVB BEKER - 1/64-FINALS;Sparta Nijkerk;GVV Unitas;22;22;1,5455;1,1364;1,3182;1,9091;1,7273;1,2273;2,9545;43,33;56,39
108;EsDSRqEa;19/09/2023;15:45;ENGLAND;FA CUP - QUALIFICATION - QUARTER-FINALS;Marine;Spennymoor;22;19;1,7727;1,0909;1,7368;1,3158;1,5443;1,4139;2,9581;43,27;56,57
109;pjTvubit;19/09/2023;16:00;ENGLAND;CHAMPIONSHIP - ROUND 7;Sheffield Wed;Middlesbrough;21;23;1,9048;0,8095;1,5652;1,6522;1,7785;1,1874;2,9658;43,09;56,63
110;ldwDb8uM;19/09/2023;19:00;BRAZIL;COPA DO BRASIL U20 - QUARTER-FINALS;Corinthians U20;Fluminense U20;22;19;1,9091;0,8182;1,8947;1,3158;1,6124;1,3565;2,9689;43,03;56,8
111;MJdWDbij;19/09/2023;13:00;ASIA;AFC CHAMPIONS LEAGUE - ROUND 1;Istiqlol Dushanbe;Al-Duhail;20;20;2,4;0,4;1,95;1,2;1,8;1,175;2,975;42,88;56,82
112;fmPfoBkA;19/09/2023;15:00;ENGLAND;EFL TROPHY;Oxford Utd;MK Dons;21;22;1,5714;1,3333;1,2273;1,8182;1,6948;1,2803;2,9751;42,87;56,91
113;IgAZcr5s;19/09/2023;05:00;CHINA;YI LEAGUE - RELEGATION GROUP - ROUND 19;Shaoxing Shangyu;Zibo Qisheng;16;18;1,625;2,5;0,6667;1,1667;1,3958;1,5833;2,9792;42,78;57,0
114;nsILlje9;19/09/2023;15:00;ENGLAND;EFL TROPHY;Wigan;Leicester U21;20;23;0,8;1,35;1,2174;2,6087;1,7043;1,2837;2,988;42,59;57,19
115;YaV5loS9;19/09/2023;11:00;ASIA;AFC CHAMPIONS LEAGUE - ROUND 1;Pakhtakor;Al Ain;22;19;1,8182;0,9545;2,1579;1,0526;1,4354;1,5562;2,9916;42,5;57,29
116;CI4UZ0T6;19/09/2023;15:00;PERU;LIGA 1 - CLAUSURA - ROUND 14;Alianza Atl.;Binacional;22;23;1,7727;1,1364;0,7391;2,3478;2,0603;0,9377;2,998;42,37;57,09
117;th3slOqC;19/09/2023;20:05;MEXICO;LIGA DE EXPANSION MX - APERTURA - ROUND 10;Celaya;Zacatecas Mineros;21;20;1,5238;1,1905;1,3;2,0;1,7619;1,2452;3,0071;42,16;57,59
118;zgygPMVH;19/09/2023;11:00;ROMANIA;LIGA 2 - ROUND 6;Ceahlaul;Chindia Targoviste;19;20;2,4737;1,3684;1,0;1,2;1,8368;1,1842;3,0211;41,83;57,84
119;txwvzgqE;19/09/2023;16:00;WALES;LEAGUE CUP - 1/8-FINALS;Aberystwyth;Pontypridd;20;23;1,25;1,85;1,3043;1,6522;1,4511;1,5772;3,0283;41,69;58,1
120;MsNLfSNT;19/09/2023;15:00;NETHERLANDS;KNVB BEKER - 1/64-FINALS;DVS '33 Ermelo;IJsselmeervogels;21;20;1,6667;0,9524;1,25;2,2;1,9333;1,1012;3,0345;41,56;58,02
121;YqJqxKd1;19/09/2023;15:45;ENGLAND;SOUTHERN LEAGUE SOUTH DIVISION - ROUND 1;Winchester;Walton & Hersham;20;17;1,25;2,0;1,3529;1,4706;1,3603;1,6765;3,0368;41,5;58,27
122;jNCxjjvg;19/09/2023;14:00;GERMANY;REGIONALLIGA SUDWEST - ROUND 7;Mainz II;Hoffenheim II;21;19;1,8571;1,2857;2,2105;0,7368;1,297;1,7481;3,0451;41,31;58,44
123;WMqBSAyl;19/09/2023;15:30;WALES;LEAGUE CUP - 1/8-FINALS;Afan Lido;Cardiff Metropolitan;22;22;2,3636;1,2273;1,0;1,5;1,9318;1,1136;3,0455;41,31;58,31
124;0SlP6OGf;19/09/2023;15:00;ENGLAND;EFL TROPHY;Doncaster;Everton U21;21;23;0,9524;1,3333;1,5217;2,3043;1,6284;1,4275;3,0559;41,08;58,73
125;4zrJQl60;19/09/2023;15:30;WALES;LEAGUE CUP - 1/8-FINALS;Buckley;Gresford;21;24;2,0;1,4762;1,2917;1,375;1,6875;1,3839;3,0714;40,75;59,08
126;xChUUk5T;19/09/2023;15:00;ENGLAND;EFL TROPHY;Leyton Orient;Fulham U21;16;19;1,0625;1,0;2,7368;1,3684;1,2155;1,8684;3,0839;40,46;59,21
127;pU5LdGWA;19/09/2023;14:00;GERMANY;REGIONALLIGA BAYERN - ROUND 7;Burghausen;Furth II;22;20;1,7727;1,0909;1,55;1,8;1,7864;1,3205;3,1068;39,96;59,76
128;ADrFRUjf;19/09/2023;15:45;WALES;LEAGUE CUP - 1/8-FINALS;Guilsfield;Bala;20;17;2,1;1,25;1,4118;1,4706;1,7853;1,3309;3,1162;39,76;59,95
129;SzEdRk6g;19/09/2023;15:00;PERU;LIGA 2 - ROUND 25;Carlos Stein;Llacuabamba;21;21;1,1905;2,1429;1,0476;1,8571;1,5238;1,5952;3,119;39,7;60,05
130;EgRCR8hi;19/09/2023;15:00;NETHERLANDS;KNVB BEKER - 1/64-FINALS;DEM;Sportlust;23;22;1,7826;1,3913;1,5909;1,5;1,6413;1,4911;3,1324;39,41;60,37
131;0vJKSFhU;19/09/2023;08:30;ASIA;ASIAN GAMES - ROUND 1;South Korea U23;Kuwait U23;26;20;2,3846;1,0385;1,1;1,75;2,0673;1,0692;3,1365;39,32;60,13
132;OUiaLm2F;19/09/2023;15:15;LIBERIA;LFA FIRST DIVISION - ROUND 2;NPA Anchors;LPRC Oiler;21;23;1,0952;1,7619;1,8696;1,5652;1,3302;1,8157;3,146;39,12;60,52
133;YcttAiqh;19/09/2023;15:45;ENGLAND;NATIONAL LEAGUE - ROUND 10;Dorking;Wealdstone;20;21;1,75;1,7;1,0;1,8571;1,8036;1,35;3,1536;38,96;60,77
134;QeDrJ2GE;19/09/2023;21:30;BRAZIL;SERIE A - ROUND 24;America MG;Bragantino;22;22;1,8182;1,5;1,4091;1,5909;1,7045;1,4545;3,1591;38,86;60,88
135;b3ET3QRd;19/09/2023;13:00;ASIA;AFC CHAMPIONS LEAGUE - ROUND 1;Ahal;Al Feiha;21;21;3,0;0,8571;1,0952;1,381;2,1905;0,9762;3,1667;38,68;60,55
136;2DMv9JEF;19/09/2023;14:00;AUSTRIA;REGIONALLIGA EAST - ROUND 7;Austria Vienna;Neusiedl;24;20;1,7917;1,4583;1,35;1,75;1,7708;1,4042;3,175;38,51;61,21
137;OnDNiATN;19/09/2023;15:45;ENGLAND;NATIONAL LEAGUE - ROUND 10;Altrincham;Hartlepool;20;19;1,6;1,55;1,3684;1,8421;1,7211;1,4592;3,1803;38,42;61,33
138;jwT0Ww4C;19/09/2023;11:00;PORTUGAL;LIGA REVELACAO U23 - ROUND 5;Sporting CP U23;Mafra U23;23;18;1,9565;1,6957;1,1111;1,6111;1,7838;1,4034;3,1872;38,26;61,44
139;8zsqtHzq;19/09/2023;07:00;ASIA;AFC CHAMPIONS LEAGUE - ROUND 1;Yokohama F. Marinos;Incheon;23;19;2,6087;1,2609;1,1579;1,3684;1,9886;1,2094;3,1979;38,03;61,48
140;GpOPgDdA;19/09/2023;12:15;GERMANY;OBERLIGA BAYERN SÜD - ROUND 14;Pipinsried;Gundelfingen;19;20;0,8947;2,5263;1,2;1,8;1,3474;1,8632;3,2105;37,77;61,87
141;WxtKacb8;19/09/2023;14:00;GERMANY;OBERLIGA BAYERN NORD - ROUND 5;ATSV;Bayern Hof;21;21;1,7143;1,6667;1,4286;1,619;1,6667;1,5476;3,2143;37,69;62,05
142;zZACeFkO;19/09/2023;11:00;EUROPE;UEFA YOUTH LEAGUE - GROUP STAGE - ROUND 1;Paris SG U19;Dortmund U19;21;23;1,9048;1,381;1,8261;1,3478;1,6263;1,6035;3,2298;37,37;62,34
143;d89eS3U2;19/09/2023;12:00;POLAND;POLISH CUP - 1/32-FINALS;Legnica 2;S. Rzeszow;22;24;1,5455;2,4091;0,9583;1,625;1,5852;1,6837;3,2689;36,56;63,14
144;MP52NUMD;19/09/2023;15:45;ENGLAND;FA CUP - QUALIFICATION - QUARTER-FINALS;Folkestone;Margate;22;22;2,2727;1,4091;1,0909;1,7727;2,0227;1,25;3,2727;36,49;63,0
145;boqQ350p;19/09/2023;15:00;NETHERLANDS;KNVB BEKER - 1/64-FINALS;GVVV;Barendrecht;22;22;2,0455;1,2273;1,8182;1,4545;1,75;1,5227;3,2727;36,48;63,23
146;Oj9mjnWp;19/09/2023;15:00;NETHERLANDS;KNVB BEKER - 1/64-FINALS;RKAV Volendam;Westlandia;21;21;1,7619;1,8095;1,0;2,1429;1,9524;1,4048;3,3571;34,8;64,72
147;46SGe88N;19/09/2023;15:00;NETHERLANDS;KNVB BEKER - 1/64-FINALS;Scheveningen;Hoek;22;22;1,2273;1,4545;2,0909;1,9545;1,5909;1,7727;3,3636;34,69;64,92
148;8ET7HuVC;19/09/2023;15:45;ENGLAND;EFL TROPHY;Sutton;Aston Villa U21;21;28;1,1905;1,0952;2,0;2,5;1,8452;1,5476;3,3929;34,11;65,46
149;Em6wpIV7;19/09/2023;14:00;GERMANY;REGIONALLIGA BAYERN - ROUND 4;Augsburg II;Bayreuth;23;22;2,087;1,5217;1,2727;1,9091;1,998;1,3972;3,3953;34,06;65,4
150;Au5LFIzt;19/09/2023;09:00;EUROPE;UEFA YOUTH LEAGUE - GROUP STAGE - ROUND 1;Lazio U19;Atl. Madrid U19;20;24;2,6;0,95;1,9167;1,3333;1,9667;1,4333;3,4;33,97;65,54
151;t6lhabRF;19/09/2023;11:00;SLOVAKIA;3. LIGA - WEST - ROUND 7;MSK Martin;Raca;18;26;2,0;1,6111;1,3846;1,8846;1,9423;1,4979;3,4402;33,22;66,32
152;AaXnM3Gs;19/09/2023;15:00;ENGLAND;EFL TROPHY;Shrewsbury;Brighton U21;22;21;1,5;1,3636;2,1429;1,9048;1,7024;1,7532;3,4556;32,9;66,68
153;dWiradsL;19/09/2023;09:00;ASIA;AFC CHAMPIONS LEAGUE - ROUND 1;Kaya;Shandong Taishan;23;23;3,5217;0,5652;1,7826;1,1304;2,3261;1,1739;3,5;32,08;66,88
154;IsIFslRh;19/09/2023;16:00;EUROPE;CHAMPIONS LEAGUE - GROUP STAGE - ROUND 1;Manchester City;Crvena zvezda;23;20;2,8696;0,6087;2,65;0,9;1,8848;1,6293;3,5141;31,82;67,73
155;WjoM3Q5e;19/09/2023;08:00;ENGLAND;PROFESSIONAL DEVELOPMENT LEAGUE;Burnley U21;Sheffield Wed U21;19;16;1,8947;2,2632;1,0625;1,8125;1,8536;1,6628;3,5164;31,79;67,75
156;QBmGdyJf;19/09/2023;12:00;AUSTRIA;REGIONALLIGA CENTRAL - ROUND 7;Wolfsberger AC;Vorwarts Steyr;19;22;2,0526;1,8947;0,9545;2,1364;2,0945;1,4246;3,5191;31,73;67,62
157;8UFnpsmi;19/09/2023;13:45;EUROPE;CHAMPIONS LEAGUE - GROUP STAGE - ROUND 1;Young Boys;RB Leipzig;23;16;3,087;0,8261;1,875;1,25;2,1685;1,3505;3,519;31,73;67,53
158;Qemhjvfh;19/09/2023;11:00;PORTUGAL;LIGA REVELACAO U23 - ROUND 5;Gil Vicente U23;Vizela U23;19;21;2,1053;1,5263;1,8095;1,6667;1,886;1,6679;3,5539;31,1;68,44
159;ziEOSPbg;19/09/2023;15:45;ENGLAND;FA CUP - QUALIFICATION - QUARTER-FINALS;Cray Valley;Northwood;16;16;1,9375;2,0625;1,5625;1,5625;1,75;1,8125;3,5625;30,94;68,55
160;xlM3d5SH;19/09/2023;08:00;GERMANY;REGIONALLIGA NORTH - ROUND 7;Hamburger SV II;Hannover II;22;22;2,0;1,2273;2,0909;1,8182;1,9091;1,6591;3,5682;30,83;68,63
161;SIh3HiDm;19/09/2023;16:00;EUROPE;CHAMPIONS LEAGUE - GROUP STAGE - ROUND 1;Feyenoord;Celtic;26;22;2,6923;1,0;2,2727;1,1818;1,9371;1,6364;3,5734;30,75;68,69
162;4xXdM5Y3;19/09/2023;11:30;CZECH REPUBLIC;U19 LEAGUE - ROUND 6;Sparta Prague U19;Dukla Prague U19;23;22;2,2609;1,1739;1,3182;2,4091;2,335;1,246;3,581;30,6;68,36
163;6PuVVjSt;19/09/2023;16:00;EUROPE;CHAMPIONS LEAGUE - GROUP STAGE - ROUND 1;Paris SG;Dortmund;22;25;2,0;1,2273;2,64;1,36;1,68;1,9336;3,6136;30,04;69,42
164;2DI2qQKT;19/09/2023;15:00;ENGLAND;PREMIER LEAGUE CUP;Norwich U21;Wolves U21;17;21;2,0;2,0588;1,1905;2,0476;2,0238;1,6246;3,6485;29,43;69,98
165;fusrZCbK;19/09/2023;15:30;WALES;LEAGUE CUP - 1/8-FINALS;Ammanford;Briton Ferry;22;22;1,8182;1,7273;2,5;1,3182;1,5682;2,1136;3,6818;28,86;70,41
166;xfcVEV8o;19/09/2023;15:00;NETHERLANDS;KNVB BEKER - 1/64-FINALS;Eemdijk;Harkemase Boys;24;22;1,7083;2,3333;1,5;1,8636;1,786;1,9167;3,7027;28,5;70,91
167;ImuyJSOl;19/09/2023;00:00;MEXICO;LIGA MX - APERTURA - ROUND 8;Pachuca;Santos Laguna;20;22;2,15;1,4;1,6364;2,2273;2,1886;1,5182;3,7068;28,43;70,74
168;jBSDTjMs;19/09/2023;15:45;WALES;LEAGUE CUP - 1/8-FINALS;Prestatyn;Colwyn Bay;22;21;2,1818;1,4545;2,8095;1,0;1,5909;2,132;3,7229;28,16;71,13
169;4SDg29tO;19/09/2023;07:00;ASIA;AFC CUP - ROUND 1;Maziya;Bashundara Kings;30;23;3,9;0,4667;2,1304;1,1739;2,537;1,2986;3,8355;26,32;72,11
170;n1nolijH;19/09/2023;09:00;ASIA;AFC CHAMPIONS LEAGUE - ROUND 1;Johor DT;Kawasaki Frontale;23;21;3,7391;0,4348;1,7143;1,8095;2,7743;1,0745;3,8489;26,11;71,55
171;lW3PExjn;19/09/2023;10:00;EUROPE;UEFA YOUTH LEAGUE - GROUP STAGE - ROUND 1;Feyenoord U19;Celtic U19;21;21;2,381;1,7619;1,7143;1,8571;2,119;1,7381;3,8571;25,97;73,18
172;vXbeB96D;19/09/2023;15:45;WALES;LEAGUE CUP - 1/8-FINALS;TNS;Porthmadog;20;22;4,0;0,75;1,3636;1,9091;2,9545;1,0568;4,0114;23,63;73,23
173;l2tnYWDQ;19/09/2023;15:30;WALES;LEAGUE CUP - 1/8-FINALS;Swansea U21;Cardiff U21;21;23;3,3333;1,4286;1,3043;2,1304;2,7319;1,3665;4,0983;22,4;75,38
