Nº;Date;Time;Country;League;Home;Away;o15Home;totalHome;AvgHome;o15Away;totalAway;AvgAway;pHome;pAway;pSum;avgSum
1;02/06/2023;15:45;NORTHERN IRELAND;PREMIERSHIP WOMEN - ROUND 7;Mid-Ulster W;Ballymena W;23;23;4,6957;6;6;5,3333;1,0;1,0;2,0;10,029
2;02/06/2023;20:00;USA;USL LEAGUE TWO;Thunder Bay Chill;Rochester FC;25;27;2,7778;2;2;2,5;0,9259;1,0;1,9259;5,2778
3;02/06/2023;10:00;KAZAKHSTAN;FIRST DIVISION - ROUND 10;K. Almaty 2;Jas Qyran;27;30;3,6667;12;12;4,5833;0,9;1,0;1,9;8,25
4;02/06/2023;15:00;EUROPE;EURO U17 - PLAY OFFS - FINAL;Germany U17;France U17;29;30;4,0;28;30;3,4667;0,9667;0,9333;1,9;7,4667
5;02/06/2023;15:00;SWITZERLAND;SUPER LEAGUE WOMEN - PLAY OFFS - FINAL;Servette Geneve FC W;Zurich W;28;30;3,8;29;30;4,8333;0,9333;0,9667;1,9;8,6333
6;02/06/2023;15:45;NORTHERN IRELAND;PREMIERSHIP WOMEN - ROUND 7;Cliftonville W;Glentoran W;29;30;5,1667;27;30;5,2333;0,9667;0,9;1,8667;10,4
7;02/06/2023;15:45;NORTHERN IRELAND;PREMIERSHIP WOMEN - ROUND 7;Linfield W;Sion Swifts W;27;30;4,6333;29;30;4,0667;0,9;0,9667;1,8667;8,7
8;02/06/2023;23:00;USA;USL LEAGUE TWO;Lane United;United PDX;26;30;3,6667;2;2;7,0;0,8667;1,0;1,8667;10,6667
9;02/06/2023;13:00;ESTONIA;MEISTRILIIGA WOMEN - ROUND 8;Parnu JK Vaprus W;Tallina Kalev W;30;30;6,5;26;30;4,2;1,0;0,8667;1,8667;10,7
10;02/06/2023;07:00;CZECH REPUBLIC;U19 LEAGUE - ROUND 29;Dukla Prague U19;Brno U19;28;30;3,7667;28;30;3,7667;0,9333;0,9333;1,8666;7,5334
11;02/06/2023;14:30;GERMANY;OBERLIGA NIEDERRHEIN - ROUND 42;Meerbusch;Hamborn;28;30;3,4;28;30;3,8667;0,9333;0,9333;1,8666;7,2667
12;02/06/2023;06:00;AUSTRALIA;NPL ACT - ROUND 4;Tigers FC;Gungahlin;28;30;3,6333;28;30;4,0333;0,9333;0,9333;1,8666;7,6666
13;02/06/2023;19:00;NORTH & CENTRAL AMERICA;CONCACAF CHAMPIONSHIP WOMEN U20 - PLAY OFFS - SEMI-FINALS;USA U20 W;Costa Rica U20 W;29;30;5,5;26;30;4,4;0,9667;0,8667;1,8334;9,9
14;02/06/2023;14:00;AUSTRIA;REGIONALLIGA CENTRAL - ROUND 29;Wolfsberger AC (Am);Bad Gleichenberg;27;30;3,4333;28;30;3,9333;0,9;0,9333;1,8333;7,3666
15;02/06/2023;07:15;AUSTRALIA;NPL QUEENSLAND - ROUND 12;Olympic FC;Moreton Bay Utd;27;30;3,8333;27;30;3,4667;0,9;0,9;1,8;7,3
16;02/06/2023;13:30;AUSTRIA;REGIONALLIGA WEST - SALZBURG - RELEGATION GROUP - ROUND 31;SAK 1914;USK Anif;26;30;3,2667;28;30;3,4333;0,8667;0,9333;1,8;6,7
17;02/06/2023;14:30;NORWAY;DIVISION 3 - GROUP 3 - ROUND 8;Froya;Bremnes;26;30;3,4333;28;30;4,3667;0,8667;0,9333;1,8;7,8
18;02/06/2023;11:00;KAZAKHSTAN;FIRST DIVISION - ROUND 10;Zhenis;Aktobe 2;24;30;3,4333;8;8;4,875;0,8;1,0;1,8;8,3083
19;02/06/2023;07:15;AUSTRALIA;NPL NORTHERN NSW - ROUND 14;New Lambton;Lambton J.;12;13;4,0769;26;30;3,2667;0,9231;0,8667;1,7898;7,3436
20;02/06/2023;16:00;NORTHERN IRELAND;PREMIERSHIP WOMEN - ROUND 7;Crusaders W;Lisburn Ladies W;26;30;3,8667;21;23;4,087;0,8667;0,913;1,7797;7,9537
21;02/06/2023;14:00;AUSTRIA;REGIONALLIGA CENTRAL - ROUND 29;Weindorf St. Anna;Treibach;26;30;3,3333;27;30;3,5333;0,8667;0,9;1,7667;6,8666
22;02/06/2023;08:00;SEYCHELLES;FIRST DIVISION LEAGUE - CHAMPIONSHIP GROUP - ROUND 14;Anse Reunion;Bazar Brothers;27;30;4,3;26;30;3,3667;0,9;0,8667;1,7667;7,6667
23;02/06/2023;15:45;GERMANY;2. BUNDESLIGA - RELEGATION - FINAL;Wehen;Arminia Bielefeld;26;30;3,1;27;30;3,3;0,8667;0,9;1,7667;6,4
24;02/06/2023;14:00;AUSTRIA;REGIONALLIGA CENTRAL - ROUND 29;LASK (Am);WSC Wels;27;30;3,5667;26;30;3,1;0,9;0,8667;1,7667;6,6667
25;02/06/2023;14:00;DENMARK;2ND DIVISION - PROMOTION GROUP - ROUND 8;B.93;AB Copenhagen;27;30;3,4333;26;30;3,1;0,9;0,8667;1,7667;6,5333
26;02/06/2023;08:35;CHINA;SUPER LEAGUE - ROUND 11;Zhejiang Professional;Shenzhen;27;30;2,9333;26;30;2,7667;0,9;0,8667;1,7667;5,7
27;02/06/2023;13:30;GERMANY;REGIONALLIGA BAYERN - RELEGATION - FINAL;Spvgg Ansbach 09;Gebenbach;25;30;3,7333;28;30;4,3;0,8333;0,9333;1,7666;8,0333
28;02/06/2023;13:00;CZECH REPUBLIC;DIVISION D - ROUND 25;Start Brno;Stara Rise;28;30;3,9;25;30;3,2667;0,9333;0,8333;1,7666;7,1667
29;02/06/2023;13:00;FINLAND;KAKKONEN GROUP B;HJS;Ilves 2;25;30;3,4667;28;30;3,6;0,8333;0,9333;1,7666;7,0667
30;02/06/2023;12:00;CZECH REPUBLIC;DIVISION F - ROUND 25;Valasske Mezirici;Frenstat p. R.;25;30;3,4333;28;30;3,6667;0,8333;0,9333;1,7666;7,1
31;02/06/2023;14:00;SWEDEN;DIVISION 2 - NORRA SVEALAND - ROUND 10;Skiljebo;Enskede;28;30;3,5667;25;30;3,2333;0,9333;0,8333;1,7666;6,8
32;02/06/2023;16:15;ICELAND;DIVISION 2 - ROUND 5;Fjardabyggd/Leiknir;Hottur / Huginn;28;29;4,0;24;30;3,2333;0,9655;0,8;1,7655;7,2333
33;02/06/2023;16:15;ICELAND;DIVISION 2 - ROUND 5;Throttur Vogar;IR Reykjavik;24;30;2,8667;28;30;3,5333;0,8;0,9333;1,7333;6,4
34;02/06/2023;14:00;SWEDEN;DIVISION 2 - SÖDRA GÖTALAND - ROUND 10;Hassleholms IF;Rappe GOIF;24;30;2,9667;28;30;3,9667;0,8;0,9333;1,7333;6,9334
35;02/06/2023;07:00;BANGLADESH;PREMIER LEAGUE - ROUND 19;Bashundara Kings;Mohammedan;27;30;3,2333;25;30;3,5;0,9;0,8333;1,7333;6,7333
36;02/06/2023;15:15;FAROE ISLANDS;1. DEILD - ROUND 12;Sandur;Klaksvik 2;28;30;3,6333;24;30;3,6333;0,9333;0,8;1,7333;7,2666
37;02/06/2023;16:15;ICELAND;BESTA-DEILD KARLA - ROUND 11;Fram;Keflavik;28;30;4,2333;24;30;3,5;0,9333;0,8;1,7333;7,7333
38;02/06/2023;12:30;FINLAND;KANSALLINEN LIIGA WOMEN;Ilves W;KuPS W;24;30;3,2667;28;30;4,3333;0,8;0,9333;1,7333;7,6
39;02/06/2023;17:30;PERU;LIGA WOMEN - ROUND 10;Cesar Vallejo W;Carlos Mannucci W;24;30;3,1667;28;30;3,8;0,8;0,9333;1,7333;6,9667
40;02/06/2023;12:30;CZECH REPUBLIC;MSFL - ROUND 31;Znojmo;Uhersky Brod;27;30;3,2;25;30;3,1333;0,9;0,8333;1,7333;6,3333
41;02/06/2023;13:00;CZECH REPUBLIC;PLZENSKY KP - ROUND 29;Petrin Plzen B;Chotikov;25;28;5,3571;25;30;4,1333;0,8929;0,8333;1,7262;9,4904
42;02/06/2023;16:00;IRELAND;DIVISION 1 - ROUND 17;Finn Harps;Kerry;26;30;3,1;18;21;3,381;0,8667;0,8571;1,7238;6,481
43;02/06/2023;23:00;USA;USL LEAGUE TWO;Ballard;PDX FC;15;18;3,2778;23;26;4,2308;0,8333;0,8846;1,7179;7,5086
44;02/06/2023;09:00;KENYA;SUPER LEAGUE - ROUND 31;Kajiado;Vihiga United;22;26;3,4231;26;30;3,6333;0,8462;0,8667;1,7129;7,0564
45;02/06/2023;14:00;DENMARK;1ST DIVISION - RELEGATION GROUP - ROUND 32;Nykobing;Fredericia;28;30;3,8667;23;30;3,0;0,9333;0,7667;1,7;6,8667
46;02/06/2023;13:30;CZECH REPUBLIC;USTECKY KP - ROUND 28;Modlany;Krupka;26;30;3,9333;25;30;3,8667;0,8667;0,8333;1,7;7,8
47;02/06/2023;12:00;CZECH REPUBLIC;MSFL - ROUND 31;Kvitkovice;Hlucin;25;30;3,7667;26;30;3,2333;0,8333;0,8667;1,7;7,0
48;02/06/2023;13:00;POLAND;III LIGA - GROUP I - ROUND 32;Warta Sieradz;LKS Lodz II;23;30;2,7333;28;30;3,8;0,7667;0,9333;1,7;6,5333
49;02/06/2023;14:00;AUSTRIA;REGIONALLIGA CENTRAL - ROUND 29;SC Weiz;Leoben;26;30;3,5333;25;30;3,2;0,8667;0,8333;1,7;6,7333
50;02/06/2023;20:00;USA;USL LEAGUE TWO;RC New Jersey;Lehigh Valley;22;30;3,4;29;30;3,8667;0,7333;0,9667;1,7;7,2667
51;02/06/2023;07:00;SOUTH KOREA;WK LEAGUE WOMEN - ROUND 14;Changnyeong W;Sejong Sportstoto W;24;30;2,7;27;30;3,2333;0,8;0,9;1,7;5,9333
52;02/06/2023;23:00;USA;MLS NEXT PRO;Vancouver Whitecaps 2;Sporting Kansas City II;25;30;3,6333;26;30;3,2;0,8333;0,8667;1,7;6,8333
53;02/06/2023;18:00;TRINIDAD AND TOBAGO;TT PREMIER LEAGUE - ROUND 19;Central FC;San Juan Jabloteh;26;30;3,3667;25;30;3,5667;0,8667;0,8333;1,7;6,9334
54;02/06/2023;13:00;SWEDEN;ALLSVENSKAN WOMEN - ROUND 11;Hacken W;Kristianstad W;25;30;3,3667;26;30;3,6;0,8333;0,8667;1,7;6,9667
55;02/06/2023;15:00;SWEDEN;DIVISION 2 - SÖDRA SVEALAND - ROUND 10;Ragsved;Haninge;25;30;3,0667;26;30;3,1667;0,8333;0,8667;1,7;6,2334
56;02/06/2023;08:00;AUSTRALIA;NPL WESTERN AUSTRALIA - ROUND 11;Perth Glory U21;Floreat Athena;25;30;3,7667;26;30;3,5333;0,8333;0,8667;1,7;7,3
57;02/06/2023;14:00;SWEDEN;DIVISION 2 - SÖDRA GÖTALAND - ROUND 10;Balkan;VMA;22;30;2,7333;29;30;4,2333;0,7333;0,9667;1,7;6,9666
58;02/06/2023;14:00;AUSTRIA;REGIONALLIGA WEST - TYROL - RELEGATION GROUP - ROUND 30;SC Kundl;SV Worgl;25;30;2,8667;26;30;3,8333;0,8333;0,8667;1,7;6,7
59;02/06/2023;14:00;SWEDEN;DIVISION 2 - NORRA GÖTALAND - ROUND 10;Torslanda;Grebbestad;26;30;3,7;25;30;3,3667;0,8667;0,8333;1,7;7,0667
60;02/06/2023;14:00;AUSTRIA;REGIONALLIGA WEST - PROMOTION GROUP - ROUND 9;Bischofshofen;Kufstein;24;30;3,4;26;30;3,3667;0,8;0,8667;1,6667;6,7667
61;02/06/2023;14:00;SWEDEN;DIVISION 2 - NORRA GÖTALAND - ROUND 10;Lidkoping;Gauthiod;26;30;3,6333;24;30;3,2667;0,8667;0,8;1,6667;6,9
62;02/06/2023;10:00;MALAYSIA;SUPER LEAGUE - ROUND 13;Kedah;Sabah;24;30;3,2;26;30;3,1;0,8;0,8667;1,6667;6,3
63;02/06/2023;14:00;SWEDEN;DIVISION 2 - SÖDRA GÖTALAND - ROUND 10;Osterlen FF;Nosaby IF;26;30;3,0667;24;30;2,6333;0,8667;0,8;1,6667;5,7
64;02/06/2023;14:30;GERMANY;OBERLIGA MITTELRHEIN - ROUND 29;Bonner;Wegberg-Beeck;23;30;3,1667;27;30;3,4667;0,7667;0,9;1,6667;6,6334
65;02/06/2023;14:00;SWEDEN;DIVISION 2 - NORRLAND - ROUND 10;Notvikens IK;Storfors AIK;24;30;2,5667;26;30;3,5667;0,8;0,8667;1,6667;6,1334
66;02/06/2023;07:30;AUSTRALIA;NPL VICTORIA - ROUND 16;Oakleigh Cannons;Dandenong Thunder;27;30;4,0333;23;30;3,2333;0,9;0,7667;1,6667;7,2666
67;02/06/2023;11:00;FINLAND;KANSALLINEN LIIGA WOMEN;TPS W;Aland Utd W;21;30;3,2;29;30;3,7;0,7;0,9667;1,6667;6,9
68;02/06/2023;19:00;BRAZIL;SERIE B - ROUND 10;Ceara;Chapecoense-SC;29;30;2,9667;21;30;2,3333;0,9667;0,7;1,6667;5,3
69;02/06/2023;15:00;ICELAND;BESTA-DEILD KARLA - ROUND 10;Stjarnan;KA Akureyri;26;30;3,5667;24;30;3,1333;0,8667;0,8;1,6667;6,7
70;02/06/2023;20:00;PERU;LIGA WOMEN - ROUND 10;Killas W;Sporting Victoria W;23;30;2,8;9;10;3,4;0,7667;0,9;1,6667;6,2
71;02/06/2023;12:30;FINLAND;KANSALLINEN LIIGA WOMEN;Honka W;HPS W;24;30;2,7;26;30;3,2333;0,8;0,8667;1,6667;5,9333
72;02/06/2023;07:00;AUSTRALIA;NPL SOUTH AUSTRALIAN - ROUND 15;White City;Campbelltown City;25;30;3,2667;25;30;2,9667;0,8333;0,8333;1,6666;6,2334
73;02/06/2023;07:00;AUSTRALIA;NPL VICTORIA - ROUND 16;Green Gully;Bentleigh Greens;25;30;3,4667;25;30;3,1;0,8333;0,8333;1,6666;6,5667
74;02/06/2023;22:00;PERU;LIGA 1 - APERTURA - ROUND 18;ADT Tarma;Alianza Lima;25;30;2,8;25;30;2,6333;0,8333;0,8333;1,6666;5,4333
75;02/06/2023;20:15;TRINIDAD AND TOBAGO;TT PREMIER LEAGUE - ROUND 19;Prison Service;Port Of Spain;15;18;3,1667;25;30;3,5;0,8333;0,8333;1,6666;6,6667
76;02/06/2023;20:00;BRAZIL;CAMPEONATO AMAPAENSE - ROUND 4;Ypiranga AP;Santana EC;25;30;3,0667;23;28;3,5714;0,8333;0,8214;1,6547;6,6381
77;02/06/2023;13:00;CZECH REPUBLIC;PARDUBICKY KP - ROUND 29;Horni Redice;Lazne Bohdanec;26;30;3,4667;23;30;2,8;0,8667;0,7667;1,6334;6,2667
78;02/06/2023;07:00;BANGLADESH;PREMIER LEAGUE - ROUND 19;Abahani Limited;Sheikh Jamal;26;30;4,0;23;30;2,8333;0,8667;0,7667;1,6334;6,8333
79;02/06/2023;07:00;SOUTH KOREA;WK LEAGUE WOMEN - ROUND 14;Seoul W;Incheon Hyundai Steel W;26;30;3,3333;23;30;2,6333;0,8667;0,7667;1,6334;5,9666
80;02/06/2023;14:00;AUSTRIA;REGIONALLIGA CENTRAL - ROUND 29;Deutschlandsberger;Allerheiligen;26;30;3,5333;23;30;3,0667;0,8667;0,7667;1,6334;6,6
81;02/06/2023;09:00;KAZAKHSTAN;FIRST DIVISION - ROUND 10;FK Kyran;Turkistan;26;30;4,4333;23;30;4,0667;0,8667;0,7667;1,6334;8,5
82;02/06/2023;13:00;CZECH REPUBLIC;CFL - GROUP A - ROUND 29;Pisek;Vltavin;25;30;3,6333;24;30;2,8333;0,8333;0,8;1,6333;6,4666
83;02/06/2023;14:30;AUSTRIA;BUNDESLIGA - RELEGATION GROUP - ROUND 32;A. Lustenau;Hartberg;24;30;3,5;25;30;3,0;0,8;0,8333;1,6333;6,5
84;02/06/2023;19:00;USA;USL LEAGUE TWO;St. Petersburg FC;Weston;3;3;3,6667;19;30;2,2667;1,0;0,6333;1,6333;5,9334
85;02/06/2023;14:00;SWEDEN;DIVISION 2 - VÄSTRA GÖTALAND - ROUND 10;Landvetter;Qviding;21;30;2,5667;28;30;3,6333;0,7;0,9333;1,6333;6,2
86;02/06/2023;07:00;SOUTH KOREA;WK LEAGUE WOMEN - ROUND 14;Suwon FC W;Hwacheon W;24;30;2,7;25;30;2,7;0,8;0,8333;1,6333;5,4
87;02/06/2023;15:45;IRELAND;DIVISION 1 - ROUND 17;Athlone;Longford;27;30;3,7;22;30;2,5667;0,9;0,7333;1,6333;6,2667
88;02/06/2023;23:00;MEXICO;LIGA MX WOMEN - CLAUSURA - PLAY OFFS - FINAL;Pachuca W;Club America W;25;30;3,9;24;30;3,4667;0,8333;0,8;1,6333;7,3667
89;02/06/2023;15:45;IRELAND;DIVISION 1 - ROUND 17;Waterford;Treaty United;22;30;3,1333;27;30;3,1667;0,7333;0,9;1,6333;6,3
90;02/06/2023;10:00;ETHIOPIA;PREMIER LEAGUE - ROUND 27;Dire Dawa;Adama City;27;30;2,9667;22;30;2,4;0,9;0,7333;1,6333;5,3667
91;02/06/2023;14:00;AUSTRIA;REGIONALLIGA CENTRAL - ROUND 29;Gleisdorf;Kalsdorf;27;30;3,4333;22;30;2,9333;0,9;0,7333;1,6333;6,3666
92;02/06/2023;13:00;CZECH REPUBLIC;JIHOCESKY KP - ROUND 29;Hluboka nad Vltavou;Milevsko;27;30;3,5667;22;30;3,3;0,9;0,7333;1,6333;6,8667
93;02/06/2023;14:00;DENMARK;1ST DIVISION - RELEGATION GROUP - ROUND 32;Hillerod;Hobro;25;30;2,7333;24;30;2,5;0,8333;0,8;1,6333;5,2333
94;02/06/2023;13:00;POLAND;III LIGA - GROUP II - ROUND 32;Ol. Grudziadz;Sroda;22;30;2,6667;27;30;4,3333;0,7333;0,9;1,6333;7,0
95;02/06/2023;20:00;BOLIVIA;DIVISION PROFESIONAL - ROUND 16;Aurora;Libertad Gran Mamore;22;30;2,4;27;30;3,3333;0,7333;0,9;1,6333;5,7333
96;02/06/2023;14:00;DENMARK;2ND DIVISION - RELEGATION GROUP - ROUND 8;Roskilde;BK Frem;22;30;2,8;27;30;3,5333;0,7333;0,9;1,6333;6,3333
97;02/06/2023;16:15;ICELAND;BESTA-DEILD KARLA - ROUND 10;Breidablik;Vikingur Reykjavik;24;30;3,3;25;30;3,1667;0,8;0,8333;1,6333;6,4667
98;02/06/2023;16:15;ICELAND;BESTA-DEILD KARLA - ROUND 11;Valur;Hafnarfjordur;21;30;2,8333;27;30;4,0;0,7;0,9;1,6;6,8333
99;02/06/2023;15:45;FRANCE;LIGUE 2 - ROUND 38;Paris FC;Annecy;21;30;2,6667;27;30;3,2333;0,7;0,9;1,6;5,9
100;02/06/2023;13:00;FINLAND;KANSALLINEN LIIGA WOMEN;PK-35 Vantaa W;PK-35 Helsinki W;23;30;3,4;25;30;3,1333;0,7667;0,8333;1,6;6,5333
101;02/06/2023;15:30;ITALY;SERIE A - ROUND 38;Sassuolo;Fiorentina;24;30;2,9667;24;30;2,8667;0,8;0,8;1,6;5,8334
102;02/06/2023;15:00;ICELAND;LENGJUDEILDIN - ROUND 5;Thor Akureyri;Aegir;22;30;3,2333;26;30;3,5333;0,7333;0,8667;1,6;6,7666
103;02/06/2023;15:45;IRELAND;DIVISION 1 - ROUND 17;Bray;Galway;25;30;3,0333;23;30;2,9333;0,8333;0,7667;1,6;5,9666
104;02/06/2023;15:45;IRELAND;DIVISION 1 - ROUND 17;Wexford;Cobh Ramblers;24;30;2,8333;24;30;2,9333;0,8;0,8;1,6;5,7666
105;02/06/2023;11:00;ITALY;PRIMAVERA 1 - PLAY OFFS - QUARTER-FINALS;Sassuolo U19;Juventus U19;23;30;2,7333;25;30;3,5667;0,7667;0,8333;1,6;6,3
106;02/06/2023;13:00;CZECH REPUBLIC;DIVISION C - ROUND 29;Novy Bydzov;Dobrovice;25;30;3,0;23;30;3,3667;0,8333;0,7667;1,6;6,3667
107;02/06/2023;12:30;CZECH REPUBLIC;MSFL - ROUND 31;Velke Mezirici;Vrchovina;29;30;4,1333;19;30;2,6;0,9667;0,6333;1,6;6,7333
108;02/06/2023;16:00;NORTH & CENTRAL AMERICA;CONCACAF CHAMPIONSHIP WOMEN U20 - PLAY OFFS - SEMI-FINALS;Mexico U20 W;Canada U20 W;22;30;3,4333;26;30;4,9;0,7333;0,8667;1,6;8,3333
109;02/06/2023;22:30;PERU;LIGA 1 - APERTURA - ROUND 18;U. de Deportes;Cusco;21;30;2,2667;27;30;2,9;0,7;0,9;1,6;5,1667
110;02/06/2023;07:00;SOUTH KOREA;WK LEAGUE WOMEN - ROUND 14;Gyeongju W;Boeun Sangmu W;24;30;2,7333;24;30;2,7;0,8;0,8;1,6;5,4333
111;02/06/2023;06:45;AUSTRALIA;NPL NSW - ROUND 18;Sutherland Sharks;Central Coast U21;20;30;2,4333;28;30;3,2667;0,6667;0,9333;1,6;5,7
112;02/06/2023;14:00;SWEDEN;DIVISION 1 - NORRA - ROUND 11;Karlstad;Orebro Syr.;24;30;3,0;24;30;3,1;0,8;0,8;1,6;6,1
113;02/06/2023;14:30;SWEDEN;DIVISION 2 - NORRA GÖTALAND - ROUND 10;IFK Skovde;Saffle SK;26;30;4,0;22;30;2,8333;0,8667;0,7333;1,6;6,8333
114;02/06/2023;10:00;TURKEY;TFF 3. LIG PLAY OFFS - SEMI-FINALS;Beyoglu Yeni Carsi;Efeler 09;26;30;3,3;22;30;2,7;0,8667;0,7333;1,6;6,0
115;02/06/2023;06:00;UKRAINE;YOUTH LEAGUE - ROUND 30;Minaj U19;Zorya U19;24;30;3,1667;24;30;3,5333;0,8;0,8;1,6;6,7
116;02/06/2023;14:00;WORLD;ARAB CLUB CHAMPIONS CUP - QUALIFICATION - FINAL;Nouadhibou;Al Kuwait;23;30;2,8667;25;30;3,5667;0,7667;0,8333;1,6;6,4334
117;02/06/2023;06:30;MYANMAR;NATIONAL LEAGUE - ROUND 7;Dagon;Ispe FC;22;28;3,3929;24;30;3,0;0,7857;0,8;1,5857;6,3929
118;02/06/2023;21:00;USA;USL LEAGUE TWO;Minneapolis City;Bavarian United;13;16;3,5;10;13;3,0;0,8125;0,7692;1,5817;6,5
119;02/06/2023;21:30;ECUADOR;LIGA PRO - FIRST STAGE - ROUND 13;LDU Quito;Libertad;26;30;2,8333;21;30;2,5333;0,8667;0,7;1,5667;5,3666
120;02/06/2023;13:30;GERMANY;REGIONALLIGA BAYERN - RELEGATION - FINAL;Eichstatt;Memmingen;26;30;3,4333;21;30;2,4;0,8667;0,7;1,5667;5,8333
121;02/06/2023;10:00;MALAYSIA;SUPER LEAGUE - ROUND 13;Kelantan United;Kelantan;23;30;2,6333;24;30;3,3;0,7667;0,8;1,5667;5,9333
122;02/06/2023;14:00;AUSTRIA;REGIONALLIGA CENTRAL - ROUND 29;SAK Klagenfurt;Ried (Am);24;30;3,2;23;30;3,1667;0,8;0,7667;1,5667;6,3667
123;02/06/2023;14:30;GERMANY;OBERLIGA NIEDERRHEIN - ROUND 42;SSVg Velbert;Germania Ratingen;23;30;3,4667;24;30;3,1667;0,7667;0,8;1,5667;6,6334
124;02/06/2023;11:00;SEYCHELLES;FIRST DIVISION LEAGUE - CHAMPIONSHIP GROUP - ROUND 14;Red Star;St Michel United;24;30;3,3667;23;30;2,5333;0,8;0,7667;1,5667;5,9
125;02/06/2023;19:00;BRAZIL;SERIE B - ROUND 10;Botafogo SP;Tombense;23;30;2,3667;24;30;2,7;0,7667;0,8;1,5667;5,0667
126;02/06/2023;15:45;IRELAND;PREMIER DIVISION - ROUND 18;Shamrock Rovers;Dundalk;25;30;2,9333;22;30;2,7333;0,8333;0,7333;1,5666;5,6666
127;02/06/2023;20:30;PARAGUAY;PRIMERA DIVISION - APERTURA - ROUND 21;Guarani;Olimpia Asuncion;25;30;2,8333;22;30;2,4333;0,8333;0,7333;1,5666;5,2666
128;02/06/2023;15:45;FRANCE;LIGUE 2 - ROUND 38;St Etienne;Valenciennes;25;30;2,9;22;30;2,6667;0,8333;0,7333;1,5666;5,5667
129;02/06/2023;14:00;TURKEY;SUPER LIG WOMEN - PLAY OFFS - FINAL;Fomget GSK W;Fenerbahce W;23;30;4,4333;23;30;3,7333;0,7667;0,7667;1,5334;8,1666
130;02/06/2023;11:00;ARGENTINA;RESERVE LEAGUE - FIRST STAGE - ROUND 19;Huracan 2;Central Cordoba 2;23;30;2,7667;23;30;2,8333;0,7667;0,7667;1,5334;5,6
131;02/06/2023;12:00;CZECH REPUBLIC;DIVISION D - ROUND 25;Breclav;Bohunice;23;30;3,4;23;30;3,2;0,7667;0,7667;1,5334;6,6
132;02/06/2023;14:30;AUSTRIA;BUNDESLIGA - RELEGATION GROUP - ROUND 32;Ried;Wolfsberger AC;23;30;2,8667;23;30;2,8333;0,7667;0,7667;1,5334;5,7
133;02/06/2023;07:00;SOUTH KOREA;K3 LEAGUE - ROUND 13;Busan Kyotong;Changwon;26;30;2,6333;20;30;2,0;0,8667;0,6667;1,5334;4,6333
134;02/06/2023;18:00;PARAGUAY;DIVISION INTERMEDIA - ROUND 11;Sol de America;3 de Febrero;23;30;2,7667;23;30;2,2;0,7667;0,7667;1,5334;4,9667
135;02/06/2023;20:30;PARAGUAY;PRIMERA DIVISION - APERTURA - ROUND 21;Cerro Porteno;Libertad Asuncion;25;30;2,9667;21;30;2,4333;0,8333;0,7;1,5333;5,4
136;02/06/2023;15:45;IRELAND;PREMIER DIVISION - ROUND 18;UC Dublin;St. Patricks;22;30;2,7333;24;30;3,1;0,7333;0,8;1,5333;5,8333
137;02/06/2023;06:15;MYANMAR;NATIONAL LEAGUE - ROUND 7;Shan Utd;Rakhine United;22;30;2,7333;24;30;3,2;0,7333;0,8;1,5333;5,9333
138;02/06/2023;12:30;ALGERIA;LIGUE 2 - ROUND 30;El Khemis;Hussein Dey;25;30;2,8667;21;30;2,5;0,8333;0,7;1,5333;5,3667
139;02/06/2023;06:30;AUSTRALIA;NPL VICTORIA - ROUND 16;Melbourne Knights;South Melbourne;27;30;3,1;19;30;2,6;0,9;0,6333;1,5333;5,7
140;02/06/2023;15:00;ARGENTINA;PRIMERA A WOMEN - APERTURA - ROUND 15;Excursionistas W;UAI Urquiza W;24;30;3,2;22;30;3,3333;0,8;0,7333;1,5333;6,5333
141;02/06/2023;12:30;SLOVAKIA;4. LIGA - CENTRAL - ROUND 24;Badin;Zarnovica;19;30;2,8333;27;30;5,3;0,6333;0,9;1,5333;8,1333
142;02/06/2023;08:00;KENYA;SUPER LEAGUE - ROUND 31;Silibwet;Mombasa Elite;21;30;2,2667;25;30;2,7333;0,7;0,8333;1,5333;5,0
143;02/06/2023;14:30;AUSTRIA;BUNDESLIGA - RELEGATION GROUP - ROUND 32;Tirol;Altach;27;30;3,5;19;30;2,3333;0,9;0,6333;1,5333;5,8333
144;02/06/2023;20:30;USA;NISA;Club de Lyon;Albion San Diego;5;7;3,0;24;30;2,6;0,7143;0,8;1,5143;5,6
145;02/06/2023;21:30;BRAZIL;SERIE B - ROUND 10;Vitoria;Ituano;26;30;2,5667;19;30;2,1333;0,8667;0,6333;1,5;4,7
146;02/06/2023;08:35;CHINA;SUPER LEAGUE - ROUND 11;Beijing Guoan;Changchun Yatai;25;30;3,1667;20;30;2,7667;0,8333;0,6667;1,5;5,9334
147;02/06/2023;15:45;IRELAND;PREMIER DIVISION - ROUND 18;Drogheda;Cork City;22;30;2,3333;23;30;2,7667;0,7333;0,7667;1,5;5,1
148;02/06/2023;15:45;FRANCE;LIGUE 2 - ROUND 38;Amiens;Laval;25;30;2,7;20;30;2,4;0,8333;0,6667;1,5;5,1
149;02/06/2023;16:15;ICELAND;LENGJUDEILDIN - ROUND 5;Grotta;Leiknir;21;30;3,2;24;30;3,7667;0,7;0,8;1,5;6,9667
150;02/06/2023;12:00;LITHUANIA;A LYGA - ROUND 16;Dziugas Telsiai;Kauno Zalgiris;23;30;2,6333;22;30;2,7667;0,7667;0,7333;1,5;5,4
151;02/06/2023;20:00;URUGUAY;PRIMERA DIVISION - TORNEO INTERMEDIO - ROUND 1;La Luz;Penarol;23;30;2,9;22;30;2,6333;0,7667;0,7333;1,5;5,5333
152;02/06/2023;07:00;BANGLADESH;PREMIER LEAGUE - ROUND 19;Azampur Uttara;Sheikh Russel;14;19;3,4737;22;30;3,4667;0,7368;0,7333;1,4701;6,9404
153;02/06/2023;14:00;DENMARK;1ST DIVISION - RELEGATION GROUP - ROUND 32;Koge;F. Amager;23;30;3,6;21;30;3,0;0,7667;0,7;1,4667;6,6
154;02/06/2023;12:00;JORDAN;SHIELD CUP - ROUND 4;Shabab Al Ordon;Al Hussein;23;30;2,7333;21;30;2,2667;0,7667;0,7;1,4667;5,0
155;02/06/2023;07:30;AUSTRALIA;NPL VICTORIA - ROUND 16;Heidelberg Utd;St Albans;23;30;3,5;21;30;2,8;0,7667;0,7;1,4667;6,3
156;02/06/2023;13:00;ARMENIA;PREMIER LEAGUE - ROUND 35;Pyunik Yerevan;Urartu;25;30;2,8667;19;30;2,5333;0,8333;0,6333;1,4666;5,4
157;02/06/2023;22:00;USA;MLS NEXT PRO;Austin FC II;Real Monarchs;8;11;2,2727;22;30;3,1;0,7273;0,7333;1,4606;5,3727
158;02/06/2023;12:00;BULGARIA;THIRD LEAGUE - SOUTH-EAST - ROUND 38;Dimitrovgrad;Gigant Saedinenie;20;30;2,9333;23;30;2,6667;0,6667;0,7667;1,4334;5,6
159;02/06/2023;18:00;PARAGUAY;DIVISION INTERMEDIA - ROUND 11;12 de Octubre;Atyra;23;30;2,7667;20;30;2,2;0,7667;0,6667;1,4334;4,9667
160;02/06/2023;12:30;CROATIA;PRVA NL - ROUND 33;Rudes;Vukovar 1991;23;30;2,6333;20;30;2,4333;0,7667;0,6667;1,4334;5,0666
161;02/06/2023;06:00;UKRAINE;YOUTH LEAGUE - ROUND 30;Kolos Kovalivka U19;Lviv U19;23;30;2,5667;20;30;2,2;0,7667;0,6667;1,4334;4,7667
162;02/06/2023;21:30;BRAZIL;SERIE B - ROUND 10;Criciuma;Atletico GO;17;30;1,7333;26;30;3,1;0,5667;0,8667;1,4334;4,8333
163;02/06/2023;12:30;ALGERIA;LIGUE 2 - ROUND 30;Medea;Saida;20;30;2,5667;23;30;2,6667;0,6667;0,7667;1,4334;5,2334
164;02/06/2023;15:45;FRANCE;LIGUE 2 - ROUND 38;Nimes;Sochaux;23;30;2,8333;20;30;2,5667;0,7667;0,6667;1,4334;5,4
165;02/06/2023;15:45;FRANCE;LIGUE 2 - ROUND 38;Bordeaux;Rodez;23;30;2,5333;20;30;2,6667;0,7667;0,6667;1,4334;5,2
166;02/06/2023;15:45;IRELAND;PREMIER DIVISION - ROUND 18;Bohemians;Sligo Rovers;21;30;2,5;22;30;2,6333;0,7;0,7333;1,4333;5,1333
167;02/06/2023;08:00;KENYA;SUPER LEAGUE - ROUND 31;Migori;Coastal Heroes;19;30;2,1333;24;30;3,0667;0,6333;0,8;1,4333;5,2
168;02/06/2023;20:30;PARAGUAY;PRIMERA DIVISION - APERTURA - ROUND 21;Sp. Luqueno;Sportivo Trinidense;21;30;2,3;22;30;2,3333;0,7;0,7333;1,4333;4,6333
169;02/06/2023;20:00;BRAZIL;SERIE C - FIRST STAGE - ROUND 6;America RN;Operario;19;30;2,2333;24;30;2,6667;0,6333;0,8;1,4333;4,9
170;02/06/2023;09:00;RUSSIA;SUPREME DIVISION WOMEN - ROUND 12;FK Yenisey W;Lokomotiv Moscow W;21;30;2,8;22;30;3,0667;0,7;0,7333;1,4333;5,8667
171;02/06/2023;13:30;SLOVAKIA;4. LIGA - BRATISLAVA - ROUND 28;MSK Senec;Rohoznik;19;30;2,1667;24;30;2,9;0,6333;0,8;1,4333;5,0667
172;02/06/2023;19:00;ARGENTINA;LIGA PROFESIONAL - ROUND 19;Estudiantes L.P.;Barracas Central;22;30;2,3333;21;30;2,2;0,7333;0,7;1,4333;4,5333
173;02/06/2023;15:45;FRANCE;LIGUE 2 - ROUND 38;Niort;Quevilly Rouen;22;30;2,7667;21;30;2,4333;0,7333;0,7;1,4333;5,2
174;02/06/2023;22:00;USA;USL CHAMPIONSHIP;Colorado Springs;Oakland Roots;19;30;2,2667;23;30;2,6;0,6333;0,7667;1,4;4,8667
175;02/06/2023;14:00;AUSTRIA;REGIONALLIGA CENTRAL - ROUND 29;Vocklamarkt;Union Gurten;22;30;2,5333;20;30;2,6667;0,7333;0,6667;1,4;5,2
176;02/06/2023;15:00;ARGENTINA;PRIMERA A WOMEN - APERTURA - ROUND 15;Ferro W;Platense W;21;30;2,6667;21;30;2,3667;0,7;0,7;1,4;5,0334
177;02/06/2023;21:00;CHILE;SEGUNDA DIVISION - ROUND 13;Limache;Trasandino;21;30;2,2667;21;30;2,3667;0,7;0,7;1,4;4,6334
178;02/06/2023;20:30;USA;USL CHAMPIONSHIP;Charleston;Indy Eleven;23;30;3,1;19;30;2,7333;0,7667;0,6333;1,4;5,8333
179;02/06/2023;14:00;SWEDEN;ALLSVENSKAN WOMEN - ROUND 11;Hammarby W;Norrkoping W;24;30;3,3;18;30;2,8;0,8;0,6;1,4;6,1
180;02/06/2023;21:30;ARGENTINA;LIGA PROFESIONAL - ROUND 19;Tigre;Talleres Cordoba;22;30;2,4;20;30;2,5333;0,7333;0,6667;1,4;4,9333
181;02/06/2023;11:00;ARGENTINA;RESERVE LEAGUE - FIRST STAGE - ROUND 19;Defensa y Justicia 2;River Plate 2;21;30;2,8333;21;30;2,6667;0,7;0,7;1,4;5,5
182;02/06/2023;19:00;ARGENTINA;PRIMERA NACIONAL - ROUND 17;Chacarita Juniors;Atl. Rafaela;22;30;2,1667;20;30;2,2667;0,7333;0,6667;1,4;4,4334
183;02/06/2023;15:30;ARGENTINA;PRIMERA C - ROUND 20;Yupanqui;Deportivo Espanol;24;30;2,6667;18;30;2,1667;0,8;0,6;1,4;4,8334
184;02/06/2023;11:00;ARGENTINA;RESERVE LEAGUE - FIRST STAGE - ROUND 19;Velez Sarsfield 2;Belgrano 2;25;30;2,8333;10;18;2,1667;0,8333;0,5556;1,3889;5,0
185;02/06/2023;14:30;BELARUS;VYSSHAYA LIGA - ROUND 11;Dynamo Brest;FC Minsk;21;30;2,7;20;30;2,2667;0,7;0,6667;1,3667;4,9667
186;02/06/2023;15:45;FRANCE;LIGUE 2 - ROUND 38;Metz;Bastia;21;30;2,3333;20;30;2,4667;0,7;0,6667;1,3667;4,8
187;02/06/2023;12:30;ALGERIA;LIGUE 2 - ROUND 30;Ben Aknoun;Mostaganem;22;30;3,1333;19;30;2,5333;0,7333;0,6333;1,3666;5,6666
188;02/06/2023;15:45;FRANCE;LIGUE 2 - ROUND 38;Pau FC;Caen;19;30;2,5;22;30;2,6333;0,6333;0,7333;1,3666;5,1333
189;02/06/2023;12:30;ALGERIA;LIGUE 2 - ROUND 30;Temouchent;Tlemcen;22;30;2,5333;19;30;2,0667;0,7333;0,6333;1,3666;4,6
190;02/06/2023;10:30;CROATIA;PRVA NL - ROUND 33;Jarun;Cibalia;22;30;3,0333;19;30;2,0667;0,7333;0,6333;1,3666;5,1
191;02/06/2023;11:30;LIBYA;PREMIER LEAGUE - ROUND 17;Mahalla Tripoli;Asswehly;22;30;2,2333;19;30;2,3;0,7333;0,6333;1,3666;4,5333
192;02/06/2023;09:00;KAZAKHSTAN;FIRST DIVISION - ROUND 10;Arys;Taraz;7;11;3,4545;21;30;3,1;0,6364;0,7;1,3364;6,5545
193;02/06/2023;12:20;BELARUS;VYSSHAYA LIGA - ROUND 11;Slavia Mozyr;Naftan;19;30;2,2667;21;30;2,6333;0,6333;0,7;1,3333;4,9
194;02/06/2023;11:00;GREECE;SUPER LEAGUE 2 - ROUND 28;Kalamata;O.F. Ierapetra;18;30;1,8333;22;30;2,3333;0,6;0,7333;1,3333;4,1666
195;02/06/2023;15:00;URUGUAY;PRIMERA DIVISION - TORNEO INTERMEDIO - ROUND 1;Liverpool M.;Racing Montevideo;22;30;2,7667;18;30;1,9667;0,7333;0,6;1,3333;4,7334
196;02/06/2023;13:45;BULGARIA;PARVA LIGA - CHAMPIONSHIP GROUP - ROUND 34;Lok. Plovdiv;Cherno More;18;30;2,3333;22;30;2,4667;0,6;0,7333;1,3333;4,8
197;02/06/2023;11:00;EGYPT;DIVISION 2 - GROUP B - ROUND 28;Suez SC;ZED;21;30;2,4667;19;30;1,9667;0,7;0,6333;1,3333;4,4334
198;02/06/2023;15:30;EGYPT;PREMIER LEAGUE - ROUND 30;Pyramids;Future FC;21;30;2,3;18;30;2,0333;0,7;0,6;1,3;4,3333
199;02/06/2023;11:00;ARGENTINA;RESERVE LEAGUE - FIRST STAGE - ROUND 19;Barracas Central 2;Estudiantes L.P. 2;21;30;2,6;18;30;2,1667;0,7;0,6;1,3;4,7667
200;02/06/2023;22:15;ARGENTINA;TORNEO FEDERAL - ROUND 14;Antoniana;Boca Unidos;19;30;2,2;20;30;2,2;0,6333;0,6667;1,3;4,4
201;02/06/2023;19:00;ECUADOR;LIGA PRO - FIRST STAGE - ROUND 13;Ind. del Valle;Aucas;19;30;2,3;20;30;2,4;0,6333;0,6667;1,3;4,7
202;02/06/2023;11:30;LIBYA;PREMIER LEAGUE - ROUND 17;Al Akhdar;Darnes;22;30;2,6333;17;30;2,1;0,7333;0,5667;1,3;4,7333
203;02/06/2023;15:45;FRANCE;LIGUE 2 - ROUND 38;Grenoble;Guingamp;15;30;1,7667;24;30;2,5667;0,5;0,8;1,3;4,3334
204;02/06/2023;11:30;LIBYA;PREMIER LEAGUE - ROUND 17;Al-Khmes;Olympic Azzaweya;19;30;1,9333;20;30;1,9333;0,6333;0,6667;1,3;3,8666
205;02/06/2023;13:00;GAMBIA;GFA LEAGUE - ROUND 26;Greater Tomorrow;Team Rhino;16;25;2,36;19;30;1,9;0,64;0,6333;1,2733;4,26
206;02/06/2023;13:00;GAMBIA;GFA LEAGUE - ROUND 26;Brikama U.;Hawks;18;30;2,1667;20;30;2,2667;0,6;0,6667;1,2667;4,4334
207;02/06/2023;11:30;LIBYA;PREMIER LEAGUE - ROUND 17;Shabaab Al Jabal;Al Nasr;18;30;2,1333;20;30;2,0667;0,6;0,6667;1,2667;4,2
208;02/06/2023;12:00;GUINEA;LIGUE 1 - ROUND 23;Renaissance;Flamme Olympique;18;30;2,2667;20;30;2,4;0,6;0,6667;1,2667;4,6667
209;02/06/2023;11:00;EGYPT;DIVISION 2 - GROUP B - ROUND 28;Telecom Egypt;Mostaqbal;18;30;2,3667;18;27;2,4815;0,6;0,6667;1,2667;4,8482
210;02/06/2023;12:30;ALGERIA;LIGUE 2 - ROUND 30;RC Kouba;JSM Tiaret;18;30;2,5667;20;30;2,4333;0,6;0,6667;1,2667;5,0
211;02/06/2023;11:00;EGYPT;DIVISION 2 - GROUP B - ROUND 28;Wadi Degla;Porto Suez;19;30;2,4667;19;30;2,2667;0,6333;0,6333;1,2666;4,7334
212;02/06/2023;15:45;IRELAND;PREMIER DIVISION - ROUND 18;Derry City;Shelbourne;19;30;2,2667;19;30;2,1667;0,6333;0,6333;1,2666;4,4334
213;02/06/2023;15:30;JORDAN;SHIELD CUP - ROUND 4;Aqaba;Al Ramtha;17;30;1,9667;20;30;2,4;0,5667;0,6667;1,2334;4,3667
214;02/06/2023;11:00;EGYPT;DIVISION 2 - GROUP B - ROUND 28;Petrojet;Eastern Company;14;30;1,9;22;30;2,2667;0,4667;0,7333;1,2;4,1667
215;02/06/2023;11:00;GREECE;SUPER LEAGUE 2 - ROUND 28;PAE Chania;AEK Athens FC B;17;30;1,8333;19;30;2,4;0,5667;0,6333;1,2;4,2333
216;02/06/2023;15:45;FRANCE;LIGUE 2 - ROUND 38;Le Havre;Dijon;15;30;1,8;21;30;2,1667;0,5;0,7;1,2;3,9667
217;02/06/2023;13:15;SIERRA LEONE;PREMIER LEAGUE - ROUND 29;SLIFA;Wusum Stars;14;30;1,6333;22;30;2,6667;0,4667;0,7333;1,2;4,3
218;02/06/2023;11:00;ARGENTINA;RESERVE LEAGUE - FIRST STAGE - ROUND 19;Colon Santa Fe 2;San Lorenzo 2;20;30;2,5667;16;30;2,0667;0,6667;0,5333;1,2;4,6334
219;02/06/2023;12:00;GUINEA;LIGUE 1 - ROUND 23;SOAR;Sequence;14;30;1,9;21;30;2,5667;0,4667;0,7;1,1667;4,4667
220;02/06/2023;23:00;CANADA;CANADIAN PREMIER LEAGUE;Vancouver FC;Pacific FC;4;8;1,75;20;30;2,4;0,5;0,6667;1,1667;4,15
221;02/06/2023;12:30;ALGERIA;LIGUE 2 - ROUND 30;GC Mascara;Widad Adabi de Boufarik;17;30;2,3;18;30;2,2667;0,5667;0,6;1,1667;4,5667
222;02/06/2023;15:30;ITALY;SERIE B - PLAY OFFS - SEMI-FINALS;Bari;Sudtirol;18;30;2,2333;17;30;1,7;0,6;0,5667;1,1667;3,9333
223;02/06/2023;11:00;EGYPT;DIVISION 2 - GROUP B - ROUND 28;El Alameen;Tersana;20;30;2,4333;15;30;1,6667;0,6667;0,5;1,1667;4,1
224;02/06/2023;12:30;ALGERIA;LIGUE 2 - ROUND 30;Relizane;ASM Oran;19;30;3,0333;16;30;1,9;0,6333;0,5333;1,1666;4,9333
225;02/06/2023;15:30;IVORY COAST;LIGUE 1 - ROUND 29;Stade d Abidjan;Stella Adjame;19;30;2,2333;16;30;1,8667;0,6333;0,5333;1,1666;4,1
226;02/06/2023;21:30;ARGENTINA;LIGA PROFESIONAL - ROUND 19;Argentinos Jrs;Platense;16;30;2,0667;19;30;2,1333;0,5333;0,6333;1,1666;4,2
227;02/06/2023;11:30;LIBYA;PREMIER LEAGUE - ROUND 17;Al Sadaqa;Al Hilal;17;30;1,8333;17;30;1,8333;0,5667;0,5667;1,1334;3,6666
228;02/06/2023;13:00;EGYPT;PREMIER LEAGUE - ROUND 30;Ceramica Cleopatra;Pharco;18;30;2,1;16;30;1,9333;0,6;0,5333;1,1333;4,0333
229;02/06/2023;07:00;ETHIOPIA;PREMIER LEAGUE - ROUND 27;Hawassa;Welayta Dicha;19;30;2,2667;15;30;1,7333;0,6333;0,5;1,1333;4,0
230;02/06/2023;11:30;LIBYA;PREMIER LEAGUE - ROUND 17;Al Taawun;Al-Suqoor;18;30;2,1667;8;16;2,1875;0,6;0,5;1,1;4,3542
231;02/06/2023;13:15;SIERRA LEONE;PREMIER LEAGUE - ROUND 29;Old Edwardians;Diamond Stars;16;30;1,9667;17;30;2,0333;0,5333;0,5667;1,1;4,0
232;02/06/2023;11:00;EGYPT;DIVISION 2 - GROUP B - ROUND 28;Kahrabaa Ismailia;Shabab Al Obour;20;28;2,3929;11;29;1,6897;0,7143;0,3793;1,0936;4,0826
233;02/06/2023;12:30;ALGERIA;LIGUE 2 - ROUND 30;Oued Sly;SC Mecheria;21;30;2,6;11;30;1,6;0,7;0,3667;1,0667;4,2
234;02/06/2023;11:30;LIBYA;PREMIER LEAGUE - ROUND 17;Al-Ittihad;Al-Athad;16;30;2,0;16;30;1,6;0,5333;0,5333;1,0666;3,6
235;02/06/2023;11:00;EGYPT;DIVISION 2 - GROUP B - ROUND 28;Al-Sekka;El-Entag El-Harby;16;30;1,9667;15;30;1,8;0,5333;0,5;1,0333;3,7667
236;02/06/2023;11:00;EGYPT;DIVISION 2 - GROUP B - ROUND 28;Al Nasr;Al Qanah;14;30;2,3;16;30;1,9667;0,4667;0,5333;1,0;4,2667
237;02/06/2023;13:00;GAMBIA;GFA LEAGUE - ROUND 26;WAA Banjul;Wallidan;15;30;1,5;14;30;1,5667;0,5;0,4667;0,9667;3,0667
238;02/06/2023;13:00;GAMBIA;GFA LEAGUE - ROUND 26;Marimoo;Steve Biko;14;30;1,6667;15;30;1,7333;0,4667;0,5;0,9667;3,4
239;02/06/2023;11:30;LIBYA;PREMIER LEAGUE - ROUND 17;Al Ahly Benghazi;Al Tahaddi;12;30;1,7667;16;30;1,8;0,4;0,5333;0,9333;3,5667
240;02/06/2023;13:15;SIERRA LEONE;PREMIER LEAGUE - ROUND 29;East End Lions;FC Johansen;12;30;1,5667;15;30;1,7333;0,4;0,5;0,9;3,3
241;02/06/2023;10:00;ZIMBABWE;PREMIER SOCCER LEAGUE - ROUND 12;Simba Bhora;Triangle;5;11;1,3636;13;30;1,4333;0,4545;0,4333;0,8878;2,7969
