Nº;Date;Time;Country;League;Home;Away;golshtHome;totalHome;AvgHome;golshtAway;totalAway;AvgAway;pHome;pAway;Sum;Times
1;27/05/2023;16:00;FRANCE;LIGUE 1 - ROUND 37;Angers;Troyes;37;43;1,4651;35;43;1,3488;0,8605;0,814;1,6745;0,7004
2;27/05/2023;16:00;FRANCE;LIGUE 1 - ROUND 37;Clermont;Lorient;29;43;1,0465;31;43;1,2791;0,6744;0,7209;1,3953;0,4862
3;27/05/2023;16:00;FRANCE;LIGUE 1 - ROUND 37;Lens;AC Ajaccio;27;42;1,2619;28;43;1,2558;0,6429;0,6512;1,2941;0,4187
4;27/05/2023;16:00;FRANCE;LIGUE 1 - ROUND 37;Lille;Nantes;35;43;1,2558;26;43;1,093;0,814;0,6047;1,4187;0,4922
5;27/05/2023;16:00;FRANCE;LIGUE 1 - ROUND 37;Lyon;Reims;32;43;1,4186;29;43;1,0698;0,7442;0,6744;1,4186;0,5019
6;27/05/2023;16:00;FRANCE;LIGUE 1 - ROUND 37;Marseille;Brest;34;43;1,2791;27;42;1,1905;0,7907;0,6429;1,4336;0,5083
7;27/05/2023;16:00;FRANCE;LIGUE 1 - ROUND 37;Montpellier;Nice;31;40;1,475;33;42;1,1429;0,775;0,7857;1,5607;0,6089
8;27/05/2023;16:00;FRANCE;LIGUE 1 - ROUND 37;Rennes;Monaco;33;42;1,5;32;42;1,5238;0,7857;0,7619;1,5476;0,5986
9;27/05/2023;16:00;FRANCE;LIGUE 1 - ROUND 37;Strasbourg;Paris SG;38;42;1,6667;36;43;1,6977;0,9048;0,8372;1,742;0,7575
10;27/05/2023;16:00;FRANCE;LIGUE 1 - ROUND 37;Toulouse;Auxerre;30;41;1,5122;33;43;1,4419;0,7317;0,7674;1,4991;0,5615
11;27/05/2023;10:30;GERMANY;BUNDESLIGA - ROUND 34;B. Monchengladbach;Augsburg;34;43;1,5581;28;43;1,6047;0,7907;0,6512;1,4419;0,5149
12;27/05/2023;10:30;GERMANY;BUNDESLIGA - ROUND 34;Bochum;Bayer Leverkusen;36;43;1,5581;31;43;1,2326;0,8372;0,7209;1,5581;0,6035
13;27/05/2023;10:30;GERMANY;BUNDESLIGA - ROUND 34;Dortmund;Mainz;36;42;1,9048;36;42;1,6429;0,8571;0,8571;1,7142;0,7346
14;27/05/2023;10:30;GERMANY;BUNDESLIGA - ROUND 34;Eintracht Frankfurt;Freiburg;36;43;1,6977;25;40;1,275;0,8372;0,625;1,4622;0,5232
15;27/05/2023;10:30;GERMANY;BUNDESLIGA - ROUND 34;FC Koln;Bayern Munich;33;42;1,5714;35;43;1,7442;0,7857;0,814;1,5997;0,6396
16;27/05/2023;10:30;GERMANY;BUNDESLIGA - ROUND 34;RB Leipzig;Schalke;35;43;1,4419;32;43;1,3721;0,814;0,7442;1,5582;0,6058
17;27/05/2023;10:30;GERMANY;BUNDESLIGA - ROUND 34;Stuttgart;Hoffenheim;33;43;1,3953;36;41;1,7073;0,7674;0,878;1,6454;0,6738
18;27/05/2023;10:30;GERMANY;BUNDESLIGA - ROUND 34;Union Berlin;Werder Bremen;27;43;1,2558;28;43;1,3488;0,6279;0,6512;1,2791;0,4089
19;27/05/2023;10:30;GERMANY;BUNDESLIGA - ROUND 34;Wolfsburg;Hertha Berlin;32;43;1,5814;34;43;1,6977;0,7442;0,7907;1,5349;0,5884
20;27/05/2023;10:00;ITALY;SERIE A - ROUND 37;Salernitana;Udinese;33;43;1,3488;32;43;1,3023;0,7674;0,7442;1,5116;0,5711
21;27/05/2023;10:00;ITALY;SERIE A - ROUND 37;Spezia;Torino;34;43;1,2791;30;43;0,9535;0,7907;0,6977;1,4884;0,5517
22;27/05/2023;13:00;ITALY;SERIE A - ROUND 37;Fiorentina;AS Roma;33;43;1,3023;27;43;0,8605;0,7674;0,6279;1,3953;0,4819
23;27/05/2023;15:45;ITALY;SERIE A - ROUND 37;Inter;Atalanta;24;43;1,0465;32;43;1,3488;0,5581;0,7442;1,3023;0,4153
24;27/05/2023;11:30;NETHERLANDS;EREDIVISIE - RELEGATION - PLAY OFFS - QUARTER-FINALS;Willem II;Venlo;33;43;1,3023;29;43;1,1163;0,7674;0,6744;1,4418;0,5175
25;27/05/2023;15:00;NETHERLANDS;EREDIVISIE - RELEGATION - PLAY OFFS - QUARTER-FINALS;Maastricht;Breda;35;43;1,5349;37;43;1,6512;0,814;0,8605;1,6745;0,7004
26;27/05/2023;14:00;SPAIN;LALIGA - ROUND 37;Sevilla;Real Madrid;26;43;1,0;29;43;1,3256;0,6047;0,6744;1,2791;0,4078
27;27/05/2023;15:00;WORLD;WORLD CUP U20 - ROUND 3;Brazil U20;Nigeria U20;27;43;1,1628;24;37;1,1622;0,6279;0,6486;1,2765;0,4073
28;27/05/2023;15:00;WORLD;WORLD CUP U20 - ROUND 3;Dominican Republic U20;Italy U20;20;23;2,2174;32;43;1,6047;0,8696;0,7442;1,6138;0,6472
29;27/05/2023;18:00;WORLD;WORLD CUP U20 - ROUND 3;Colombia U20;Senegal U20;31;43;1,2558;32;42;1,3571;0,7209;0,7619;1,4828;0,5493
30;27/05/2023;18:00;WORLD;WORLD CUP U20 - ROUND 3;Japan U20;Israel U20;28;38;1,1053;1;4;0,5;0,7368;0,25;0,9868;0,1842
31;27/05/2023;14:00;ALGERIA;ALGERIA CUP - SEMI-FINALS;Magra;CR Belouizdad;23;43;0,907;25;43;0,9767;0,5349;0,5814;1,1163;0,311
32;27/05/2023;15:30;ANDORRA;PRIMERA DIVISIÓ - RELEGATION - FINAL;Carroi;UE Engordany;38;42;1,4286;26;38;1,3947;0,9048;0,6842;1,589;0,6191
33;27/05/2023;11:00;ARGENTINA;LIGA PROFESIONAL - ROUND 18;Gimnasia L.P.;Sarmiento Junin;25;43;0,7442;25;43;0,907;0,5814;0,5814;1,1628;0,338
34;27/05/2023;18:00;ARGENTINA;LIGA PROFESIONAL - ROUND 18;Platense;Belgrano;27;42;1,0476;24;43;0,7907;0,6429;0,5581;1,201;0,3588
35;27/05/2023;20:30;ARGENTINA;LIGA PROFESIONAL - ROUND 18;Independiente;Lanus;28;43;1,0;32;43;1,2791;0,6512;0,7442;1,3954;0,4846
36;27/05/2023;15:00;ARGENTINA;PRIMERA NACIONAL - ROUND 16;Deportivo Madryn;Chaco For Ever;31;43;1,093;24;43;0,7442;0,7209;0,5581;1,279;0,4023
37;27/05/2023;15:00;ARGENTINA;PRIMERA NACIONAL - ROUND 16;Villa Dalmine;Ind. Rivadavia;26;43;1,1628;29;43;0,9767;0,6047;0,6744;1,2791;0,4078
38;27/05/2023;15:30;ARGENTINA;PRIMERA NACIONAL - ROUND 18;Club A. Guemes;San Telmo;22;43;0,6977;34;43;1,2093;0,5116;0,7907;1,3023;0,4045
39;27/05/2023;17:05;ARGENTINA;PRIMERA NACIONAL - ROUND 18;Almirante Brown;San Martin T.;28;43;1,1163;22;43;0,6047;0,6512;0,5116;1,1628;0,3332
40;27/05/2023;19:10;ARGENTINA;PRIMERA NACIONAL - ROUND 18;Deportivo Moron;Temperley;23;43;0,7209;30;43;1,0465;0,5349;0,6977;1,2326;0,3732
41;27/05/2023;21:15;ARGENTINA;PRIMERA NACIONAL - ROUND 16;Quilmes;Atletico Atlanta;32;43;1,1628;23;43;0,6977;0,7442;0,5349;1,2791;0,3981
42;27/05/2023;10:00;ARMENIA;PREMIER LEAGUE - ROUND 34;Alashkert;Urartu;26;43;1,093;27;43;1,0465;0,6047;0,6279;1,2326;0,3797
43;27/05/2023;13:00;ARMENIA;PREMIER LEAGUE - ROUND 34;Noah;Ararat-Armenia;31;43;1,2093;29;42;1,119;0,7209;0,6905;1,4114;0,4978
44;27/05/2023;12:00;AUSTRIA;BUNDESLIGA - RELEGATION GROUP - ROUND 31;Altach;A. Lustenau;31;43;1,2558;35;42;1,5238;0,7209;0,8333;1,5542;0,6007
45;27/05/2023;12:00;AUSTRIA;BUNDESLIGA - RELEGATION GROUP - ROUND 31;Hartberg;Ried;35;42;1,5;30;43;1,2558;0,8333;0,6977;1,531;0,5814
46;27/05/2023;12:00;AUSTRIA;BUNDESLIGA - RELEGATION GROUP - ROUND 31;Wolfsberger AC;Tirol;33;43;1,6047;30;41;1,6585;0,7674;0,7317;1,4991;0,5615
47;27/05/2023;11:00;AUSTRIA;REGIONALLIGA WEST - PROMOTION GROUP - ROUND 8;Bischofshofen;Hohenems;34;43;1,5581;36;42;2,1905;0,7907;0,8571;1,6478;0,6777
48;27/05/2023;12:00;AUSTRIA;REGIONALLIGA WEST - PROMOTION GROUP - ROUND 8;Saalfelden;Bregenz;32;43;1,4186;36;43;1,6744;0,7442;0,8372;1,5814;0,623
49;27/05/2023;10:30;AZERBAIJAN;PREMIER LEAGUE - ROUND 36;Gabala;Kapaz;26;43;1,0465;33;43;1,186;0,6047;0,7674;1,3721;0,464
50;27/05/2023;10:30;AZERBAIJAN;PREMIER LEAGUE - ROUND 36;Sumqayit;Zira;27;43;1,1163;23;43;0,9767;0,6279;0,5349;1,1628;0,3359
51;27/05/2023;13:00;AZERBAIJAN;PREMIER LEAGUE - ROUND 36;Sabail;Shamakhi;27;43;0,9767;24;43;0,814;0,6279;0,5581;1,186;0,3504
52;27/05/2023;10:00;BELARUS;VYSSHAYA LIGA - ROUND 10;Naftan;Isloch;27;42;0,9048;30;41;1,1707;0,6429;0,7317;1,3746;0,4704
53;27/05/2023;12:00;BELARUS;VYSSHAYA LIGA - ROUND 10;Energetik-BGU;Dynamo Brest;26;43;0,7674;28;41;1,439;0,6047;0,6829;1,2876;0,4129
54;27/05/2023;14:00;BELARUS;VYSSHAYA LIGA - ROUND 10;FC Minsk;Din. Minsk;27;42;1,0476;25;43;1,0698;0,6429;0,5814;1,2243;0,3738
55;27/05/2023;11:00;BELARUS;PERSHAYA LIGA - ROUND 9;Ostrovets;BumProm Gomel;31;43;1,3023;25;32;1,625;0,7209;0,7812;1,5021;0,5632
56;27/05/2023;12:30;BELARUS;PERSHAYA LIGA - ROUND 9;Baranovici;Zhodino Yuzhnoe;31;43;1,4419;7;9;1,6667;0,7209;0,7778;1,4987;0,5607
57;27/05/2023;13:15;BELGIUM;JUPILER PRO LEAGUE - CONFERENCE LEAGUE GROUP - ROUND 5;Westerlo;Gent;36;43;1,6047;32;43;1,3721;0,8372;0,7442;1,5814;0,623
58;27/05/2023;15:45;BELGIUM;JUPILER PRO LEAGUE - CONFERENCE LEAGUE GROUP - ROUND 5;St. Liege;Cercle Brugge KSV;28;42;1,1667;34;43;1,2791;0,6667;0,7907;1,4574;0,5272
59;27/05/2023;12:00;BENIN;LIGUE 1 - CHAMPIONSHIP GROUP - ROUND 19;AS Cotonou;Dadje;4;17;0,3529;19;28;0,9286;0,2353;0,6786;0,9139;0,1597
60;27/05/2023;12:00;BENIN;LIGUE 1 - CHAMPIONSHIP GROUP - ROUND 19;Bani Ganse;Requins;4;13;0,5385;6;13;0,7692;0,3077;0,4615;0,7692;0,142
61;27/05/2023;12:00;BENIN;LIGUE 1 - CHAMPIONSHIP GROUP - ROUND 19;Damissa;Ayema;10;20;0,75;4;11;0,3636;0,5;0,3636;0,8636;0,1818
62;27/05/2023;12:00;BENIN;LIGUE 1 - CHAMPIONSHIP GROUP - ROUND 19;JAK;Buffles du Borgou;4;10;0,6;8;15;0,7333;0,4;0,5333;0,9333;0,2133
63;27/05/2023;12:00;BENIN;LIGUE 1 - CHAMPIONSHIP GROUP - ROUND 19;Takunnin;Dragons;4;12;0,5;9;23;0,5217;0,3333;0,3913;0,7246;0,1304
64;27/05/2023;16:00;BOLIVIA;DIVISION PROFESIONAL - ROUND 15;Libertad Gran Mamore;Blooming;20;25;1,32;31;43;1,2558;0,8;0,7209;1,5209;0,5767
65;27/05/2023;18:30;BOLIVIA;DIVISION PROFESIONAL - ROUND 15;Wilstermann;Royal Pari;32;43;1,3721;32;43;1,1628;0,7442;0,7442;1,4884;0,5538
66;27/05/2023;21:00;BOLIVIA;DIVISION PROFESIONAL - ROUND 15;Independiente Petrolero;Tomayapo;36;43;1,3721;31;43;1,186;0,8372;0,7209;1,5581;0,6035
67;27/05/2023;16:00;BRAZIL;SERIE A - ROUND 8;Athletico-PR;Gremio;29;43;1,1628;30;43;1,186;0,6744;0,6977;1,3721;0,4705
68;27/05/2023;16:00;BRAZIL;SERIE A - ROUND 8;Fortaleza;Vasco;34;43;1,5349;35;43;1,4186;0,7907;0,814;1,6047;0,6436
69;27/05/2023;18:30;BRAZIL;SERIE A - ROUND 8;Cuiaba;Coritiba;30;43;1,3256;28;43;0,9767;0,6977;0,6512;1,3489;0,4543
70;27/05/2023;18:30;BRAZIL;SERIE A - ROUND 8;Flamengo RJ;Cruzeiro;31;43;1,3488;29;43;0,9767;0,7209;0,6744;1,3953;0,4862
71;27/05/2023;21:00;BRAZIL;SERIE A - ROUND 8;Sao Paulo;Goias;29;43;1,0233;26;43;1,0233;0,6744;0,6047;1,2791;0,4078
72;27/05/2023;17:00;BRAZIL;SERIE B - ROUND 9;CRB;Juventude;25;43;0,9535;31;43;1,1395;0,5814;0,7209;1,3023;0,4191
73;27/05/2023;17:00;BRAZIL;SERIE B - ROUND 9;Ituano;Londrina;27;43;1,0;23;43;0,8372;0,6279;0,5349;1,1628;0,3359
74;27/05/2023;17:30;BRAZIL;SERIE B - ROUND 9;Avai;Vitoria;23;43;0,7674;26;43;1,0465;0,5349;0,6047;1,1396;0,3235
75;27/05/2023;18:00;BRAZIL;SERIE B - ROUND 9;Atletico GO;Botafogo SP;31;43;1,2326;34;43;1,2558;0,7209;0,7907;1,5116;0,57
76;27/05/2023;15:00;BRAZIL;BRASILEIRO WOMEN - ROUND 13;Athletico-PR W;Cruzeiro W;29;35;1,6286;31;43;1,5116;0,8286;0,7209;1,5495;0,5973
77;27/05/2023;15:00;BRAZIL;BRASILEIRO WOMEN - ROUND 13;Bahia W;Avai Kindermann W;27;43;1,1395;29;43;1,2093;0,6279;0,6744;1,3023;0,4235
78;27/05/2023;15:00;BRAZIL;BRASILEIRO WOMEN - ROUND 13;Ceara W;Santos W;35;41;2,122;37;43;1,6744;0,8537;0,8605;1,7142;0,7346
79;27/05/2023;16:00;BRAZIL;BRASILEIRO WOMEN - ROUND 13;Ferroviaria W;Sao Paulo W;29;43;1,186;36;43;1,3721;0,6744;0,8372;1,5116;0,5646
80;27/05/2023;12:45;BULGARIA;PARVA LIGA - RELEGATION GROUP - ROUND 33;Pirin Blagoevgrad;Botev Vratsa;28;43;1,1163;23;43;0,9535;0,6512;0,5349;1,1861;0,3483
81;27/05/2023;15:00;BULGARIA;PARVA LIGA - CHAMPIONSHIP GROUP - ROUND 33;CSKA Sofia;Lok. Plovdiv;22;43;0,8372;25;43;0,9535;0,5116;0,5814;1,093;0,2974
82;27/05/2023;15:00;CANADA;CANADIAN PREMIER LEAGUE;Atl. Ottawa;Forge;26;43;0,9767;30;43;1,093;0,6047;0,6977;1,3024;0,4219
83;27/05/2023;23:00;CANADA;CANADIAN PREMIER LEAGUE;Pacific FC;HFX Wanderers;27;43;1,1163;27;43;1,0233;0,6279;0,6279;1,2558;0,3943
84;27/05/2023;16:00;CHILE;SEGUNDA DIVISION - ROUND 12;Deportes Rengo;D. Concepcion;6;13;0,5385;29;43;1,0233;0,4615;0,6744;1,1359;0,3112
85;27/05/2023;16:00;CHILE;SEGUNDA DIVISION - ROUND 12;Melipilla;General Velasquez;27;43;1,0465;26;41;1,1463;0,6279;0,6341;1,262;0,3982
86;27/05/2023;16:00;CHILE;SEGUNDA DIVISION - ROUND 12;Real San Joaquin;Valdivia;28;35;1,1143;31;43;1,0698;0,8;0,7209;1,5209;0,5767
87;27/05/2023;17:30;CHILE;SEGUNDA DIVISION - ROUND 12;Trasandino;Lautaro;22;43;0,9302;31;43;1,3953;0,5116;0,7209;1,2325;0,3688
88;27/05/2023;20:30;CHILE;SEGUNDA DIVISION - ROUND 12;Iberia;Linares Unido;27;43;1,0698;32;43;1,2558;0,6279;0,7442;1,3721;0,4673
89;27/05/2023;20:05;COLOMBIA;PRIMERA A - APERTURA - QUADRANGULAR - ROUND 2;Aguilas;Dep. Pasto;29;43;1,2558;25;43;0,8605;0,6744;0,5814;1,2558;0,3921
90;27/05/2023;22:15;COLOMBIA;PRIMERA A - APERTURA - QUADRANGULAR - ROUND 2;Millonarios;Chico;28;43;1,1163;26;43;0,8372;0,6512;0,6047;1,2559;0,3938
91;27/05/2023;11:30;CROATIA;HNL - ROUND 36;Istra 1961;Slaven Belupo;24;43;0,9767;25;43;1,0698;0,5581;0,5814;1,1395;0,3245
92;27/05/2023;14:00;CROATIA;HNL - ROUND 36;Osijek;Rijeka;27;43;1,0698;23;43;0,9535;0,6279;0,5349;1,1628;0,3359
93;27/05/2023;17:00;CUBA;LIGA NACIONAL - CLAUSURA - ROUND 8;FC La Habana;Matanzas;29;35;1,3143;18;25;1,32;0,8286;0,72;1,5486;0,5966
94;27/05/2023;17:00;CUBA;LIGA NACIONAL - CLAUSURA - ROUND 8;FC Santiago de Cuba;FC Cienfuegos;25;35;1,3143;29;36;1,3333;0,7143;0,8056;1,5199;0,5754
95;27/05/2023;17:00;CUBA;LIGA NACIONAL - CLAUSURA - ROUND 8;Holguin;FC Guantanamo;14;24;1,0417;23;32;1,0625;0,5833;0,7188;1,3021;0,4193
96;27/05/2023;13:00;CYPRUS;FIRST DIVISION - RELEGATION GROUP - ROUND 40;Chloraka;Karmiotissa;31;43;1,1395;34;42;1,2143;0,7209;0,8095;1,5304;0,5836
97;27/05/2023;13:00;CYPRUS;FIRST DIVISION - CHAMPIONSHIP GROUP - ROUND 36;APOEL;Aris;32;43;1,0465;32;43;1,3023;0,7442;0,7442;1,4884;0,5538
98;27/05/2023;11:00;CZECH REPUBLIC;1. LIGA - CHAMPIONSHIP GROUP - ROUND 5;Bohemians;Sigma Olomouc;34;43;1,2791;37;43;1,4651;0,7907;0,8605;1,6512;0,6804
99;27/05/2023;11:00;CZECH REPUBLIC;1. LIGA - CHAMPIONSHIP GROUP - ROUND 5;Slavia Prague;Slovacko;34;43;1,6047;29;43;0,907;0,7907;0,6744;1,4651;0,5332
100;27/05/2023;11:00;CZECH REPUBLIC;1. LIGA - CHAMPIONSHIP GROUP - ROUND 5;Sparta Prague;Plzen;38;43;1,6744;33;43;1,2558;0,8837;0,7674;1,6511;0,6782
101;27/05/2023;10:00;DENMARK;ELITEDIVISIONEN WOMEN - CHAMPIONSHIP GROUP - ROUND 8;Thisted FC W;Brondby W;34;42;1,6429;36;43;1,5349;0,8095;0,8372;1,6467;0,6777
102;27/05/2023;17:00;DOMINICAN REPUBLIC;LDF - ROUND 12;Atlantico;Jarabacoa;27;43;1,0698;30;42;1,2381;0,6279;0,7143;1,3422;0,4485
103;27/05/2023;19:00;DOMINICAN REPUBLIC;LDF - ROUND 12;Cibao;Universidad O&M;31;43;1,2791;25;43;0,9302;0,7209;0,5814;1,3023;0,4191
104;27/05/2023;15:00;ECUADOR;LIGA PRO - FIRST STAGE - ROUND 12;Tecnico U.;Mushuc Runa;32;43;1,2326;26;43;1,0233;0,7442;0,6047;1,3489;0,45
105;27/05/2023;17:30;ECUADOR;LIGA PRO - FIRST STAGE - ROUND 12;Orense;Cumbaya;28;43;0,9767;25;43;0,8837;0,6512;0,5814;1,2326;0,3786
106;27/05/2023;20:00;ECUADOR;LIGA PRO - FIRST STAGE - ROUND 12;Delfin;Gualaceo;31;43;1,0698;33;43;1,2558;0,7209;0,7674;1,4883;0,5532
107;27/05/2023;12:45;ENGLAND;CHAMPIONSHIP - PLAY OFFS - FINAL;Coventry;Luton;24;43;0,907;26;43;1,0233;0,5581;0,6047;1,1628;0,3375
108;27/05/2023;10:30;ENGLAND;WOMEN’S SUPER LEAGUE;Arsenal W;Aston Villa W;35;43;1,6744;32;43;1,7442;0,814;0,7442;1,5582;0,6058
109;27/05/2023;10:30;ENGLAND;WOMEN’S SUPER LEAGUE;Brighton W;Leicester W;36;43;1,6977;32;43;1,5814;0,8372;0,7442;1,5814;0,623
110;27/05/2023;10:30;ENGLAND;WOMEN’S SUPER LEAGUE;Liverpool W;Manchester Utd W;33;43;1,5814;31;43;1,4419;0,7674;0,7209;1,4883;0,5532
111;27/05/2023;10:30;ENGLAND;WOMEN’S SUPER LEAGUE;Manchester City W;Everton W;34;43;1,7674;32;43;1,4651;0,7907;0,7442;1,5349;0,5884
112;27/05/2023;10:30;ENGLAND;WOMEN’S SUPER LEAGUE;Reading W;Chelsea W;31;43;1,5349;34;43;1,6279;0,7209;0,7907;1,5116;0,57
113;27/05/2023;10:30;ENGLAND;WOMEN’S SUPER LEAGUE;West Ham W;Tottenham W;26;43;1,1395;33;43;1,5581;0,6047;0,7674;1,3721;0,464
114;27/05/2023;11:00;ESTONIA;MEISTRILIIGA - ROUND 15;Tammeka;Kuressaare;33;42;1,5714;28;40;1,4;0,7857;0,7;1,4857;0,55
115;27/05/2023;13:30;ESTONIA;MEISTRILIIGA - ROUND 15;Flora;Tallinna Kalev;35;42;1,5714;32;43;1,4419;0,8333;0,7442;1,5775;0,6201
116;27/05/2023;12:00;ETHIOPIA;PREMIER LEAGUE - ROUND 26;Arba Menche;Ethio Electric;31;43;1,1395;16;29;0,8276;0,7209;0,5517;1,2726;0,3977
117;27/05/2023;10:00;EUROPE;EURO U17 - PLAY OFFS - QUARTER-FINALS;Germany U17;Switzerland U17;31;39;1,7179;33;42;1,3571;0,7949;0,7857;1,5806;0,6246
118;27/05/2023;10:00;EUROPE;EURO U17 - PLAY OFFS - QUARTER-FINALS;Poland U17;Serbia U17;31;42;1,8571;30;42;1,4286;0,7381;0,7143;1,4524;0,5272
119;27/05/2023;15:00;EUROPE;EURO U17 - PLAY OFFS - QUARTER-FINALS;England U17;France U17;32;42;1,381;35;42;1,5476;0,7619;0,8333;1,5952;0,6349
120;27/05/2023;15:00;EUROPE;EURO U17 - PLAY OFFS - QUARTER-FINALS;Spain U17;Ireland U17;31;43;1,2093;30;42;1,4048;0,7209;0,7143;1,4352;0,5149
121;27/05/2023;11:00;EUROPE;PREMIER LEAGUE (CRIMEA) - ROUND 10;Alushta;Sparta-KT;31;39;1,641;15;22;1,2273;0,7949;0,6818;1,4767;0,542
122;27/05/2023;11:00;EUROPE;PREMIER LEAGUE (CRIMEA) - ROUND 10;FC Sevastopol;Kyzyltash;34;42;1,4762;26;41;1,2439;0,8095;0,6341;1,4436;0,5133
123;27/05/2023;11:00;EUROPE;PREMIER LEAGUE (CRIMEA) - ROUND 10;Rubin Yalta;Chernomorets Sevastopol;32;42;1,5714;4;9;1,2222;0,7619;0,4444;1,2063;0,3386
124;27/05/2023;11:00;EUROPE;PREMIER LEAGUE (CRIMEA) - ROUND 10;TSK Simferopol;Ocean Kerch;31;42;1,4048;30;40;1,525;0,7381;0,75;1,4881;0,5536
125;27/05/2023;12:30;FINLAND;VEIKKAUSLIIGA;Mariehamn;HJK;33;43;1,3256;34;43;1,3721;0,7674;0,7907;1,5581;0,6068
126;27/05/2023;10:00;FINLAND;YKKONEN;Ekenas;JJK Jyvaskyla;34;42;1,4524;33;43;1,186;0,8095;0,7674;1,5769;0,6212
127;27/05/2023;10:00;FINLAND;YKKONEN;JaPS;Jaro;35;43;1,5814;35;43;1,2558;0,814;0,814;1,628;0,6626
128;27/05/2023;10:00;FINLAND;YKKONEN;KPV Kokkola;Gnistan;30;43;1,093;31;41;1,439;0,6977;0,7561;1,4538;0,5275
129;27/05/2023;11:00;FINLAND;YKKONEN;TPS;SalPa;33;43;1,3256;27;42;1,2619;0,7674;0,6429;1,4103;0,4934
130;27/05/2023;11:00;FINLAND;KANSALLINEN LIIGA WOMEN;HPS W;PK-35 Helsinki W;34;43;1,4186;33;43;1,3721;0,7907;0,7674;1,5581;0,6068
131;27/05/2023;12:30;FRANCE;DIVISION 1 WOMEN - ROUND 22;Dijon W;Montpellier W;30;43;1,2558;34;43;1,4186;0,6977;0,7907;1,4884;0,5517
132;27/05/2023;12:30;FRANCE;DIVISION 1 WOMEN - ROUND 22;Fleury 91 W;Guingamp W;33;43;1,5581;32;41;1,5854;0,7674;0,7805;1,5479;0,599
133;27/05/2023;12:30;FRANCE;DIVISION 1 WOMEN - ROUND 22;Le Havre W;Bordeaux W;29;41;1,4878;31;43;1,3953;0,7073;0,7209;1,4282;0,5099
134;27/05/2023;12:30;FRANCE;DIVISION 1 WOMEN - ROUND 22;Lyon W;Reims W;35;43;1,6279;30;43;1,2326;0,814;0,6977;1,5117;0,5679
135;27/05/2023;12:30;FRANCE;DIVISION 1 WOMEN - ROUND 22;Rodez AF W;Paris FC W;32;42;1,4048;32;42;1,6667;0,7619;0,7619;1,5238;0,5805
136;27/05/2023;12:30;FRANCE;DIVISION 1 WOMEN - ROUND 22;Soyaux W;Paris SG W;33;42;1,381;29;43;1,2326;0,7857;0,6744;1,4601;0,5299
137;27/05/2023;13:30;GAMBIA;GFA LEAGUE - ROUND 25;Banjul Utd;Wallidan;22;41;0,8293;21;41;0,6829;0,5366;0,5122;1,0488;0,2748
138;27/05/2023;13:30;GAMBIA;GFA LEAGUE - ROUND 25;Brikama U.;Falcons;20;41;0,8537;21;40;0,85;0,4878;0,525;1,0128;0,2561
139;27/05/2023;13:30;GAMBIA;GFA LEAGUE - ROUND 25;Marimoo;Greater Tomorrow;19;42;0,6667;15;24;0,9583;0,4524;0,625;1,0774;0,2828
140;27/05/2023;13:30;GAMBIA;GFA LEAGUE - ROUND 25;Team Rhino;Fortune;23;42;0,881;26;41;0,7805;0,5476;0,6341;1,1817;0,3472
141;27/05/2023;11:00;GEORGIA;GEORGIAN CUP - 1/32-FINALS;Dinamo Tbilisi 2;WIT Georgia;16;21;1,5238;35;43;1,5349;0,7619;0,814;1,5759;0,6202
142;27/05/2023;10:00;GERMANY;OBERLIGA PLAY OFFS - ROUND 1;OSC Bremerhaven;Eimsbutteler;35;42;1,881;28;35;1,4857;0,8333;0,8;1,6333;0,6666
143;27/05/2023;12:00;GHANA;PREMIER LEAGUE - ROUND 32;Aduana;Dreams;23;43;0,6977;28;43;1,1395;0,5349;0,6512;1,1861;0,3483
144;27/05/2023;12:00;GHANA;PREMIER LEAGUE - ROUND 32;Tamale City;Samartex;15;31;0,871;16;32;0,7188;0,4839;0,5;0,9839;0,2419
145;27/05/2023;09:45;GREECE;SUPER LEAGUE 2 - ROUND 27;Athens Kallithea;Apollon Smyrnis;28;40;1,175;24;43;0,907;0,7;0,5581;1,2581;0,3907
146;27/05/2023;10:00;GREECE;SUPER LEAGUE 2 - ROUND 27;Diagoras;Panathinaikos B;26;42;0,9524;26;40;1,125;0,619;0,65;1,269;0,4023
147;27/05/2023;23:00;GUATEMALA;LIGA NACIONAL - CLAUSURA - PLAY OFFS - FINAL;Xelaju;Antigua;26;41;0,9268;25;43;1,0698;0,6341;0,5814;1,2155;0,3687
148;27/05/2023;12:00;GUINEA;LIGUE 1 - ROUND 22;Flamme Olympique;Sequence;20;30;1,1333;15;28;0,75;0,6667;0,5357;1,2024;0,3572
149;27/05/2023;12:00;GUINEA;LIGUE 1 - ROUND 22;Milo FC;Fello Star;20;27;1,1481;9;18;0,7778;0,7407;0,5;1,2407;0,3704
150;27/05/2023;12:00;GUINEA;LIGUE 1 - ROUND 22;Satellite;Wakriya;12;22;0,9091;12;34;0,5;0,5455;0,3529;0,8984;0,1925
151;27/05/2023;15:00;HUNGARY;OTP BANK LIGA - ROUND 33;Debrecen;Ujpest;31;42;1,1905;32;43;1,2326;0,7381;0,7442;1,4823;0,5493
152;27/05/2023;15:00;HUNGARY;OTP BANK LIGA - ROUND 33;Puskas Academy;Honved;26;43;1,0698;29;43;1,1163;0,6047;0,6744;1,2791;0,4078
153;27/05/2023;15:00;HUNGARY;OTP BANK LIGA - ROUND 33;Vasas;MOL Fehervar;32;42;1,2619;34;43;1,3488;0,7619;0,7907;1,5526;0,6024
154;27/05/2023;10:00;ICELAND;LENGJUDEILDIN - ROUND 4;Vestri;Grindavik;32;42;1,4524;35;42;1,5476;0,7619;0,8333;1,5952;0,6349
155;27/05/2023;11:00;ICELAND;DIVISION 2 - ROUND 4;Hottur / Huginn;Haukar;25;33;1,4545;34;43;1,4884;0,7576;0,7907;1,5483;0,599
156;27/05/2023;11:00;ICELAND;DIVISION 2 - ROUND 4;Throttur Vogar;Fjallabyggd;34;43;1,3488;35;42;1,8333;0,7907;0,8333;1,624;0,6589
157;27/05/2023;13:00;ICELAND;DIVISION 2 - ROUND 4;Volsungur;KFG Gardabaer;39;43;1,6744;37;42;1,7857;0,907;0,881;1,788;0,7991
158;27/05/2023;11:00;ICELAND;ICELANDIC CUP WOMEN - 1/8-FINALS;Breidablik W;Fram W;37;43;1,5581;4;5;1,8;0,8605;0,8;1,6605;0,6884
159;27/05/2023;11:00;ICELAND;ICELANDIC CUP WOMEN - 1/8-FINALS;Grotta W;Stjarnan W;6;6;2,5;34;43;1,3488;1,0;0,7907;1,7907;0,7907
160;27/05/2023;11:00;ICELAND;ICELANDIC CUP WOMEN - 1/8-FINALS;KR Reykjavik W;Vikingur Reykjavik W;38;43;1,907;7;9;2,2222;0,8837;0,7778;1,6615;0,6873
161;27/05/2023;13:00;ICELAND;ICELANDIC CUP WOMEN - 1/8-FINALS;Keflavik W;Thor/KA W;35;43;1,3721;34;43;1,4186;0,814;0,7907;1,6047;0,6436
162;27/05/2023;13:00;ICELAND;ICELANDIC CUP WOMEN - 1/8-FINALS;Tindastoll W;Selfoss W;23;29;1,2759;33;43;1,3256;0,7931;0,7674;1,5605;0,6086
163;27/05/2023;16:00;ICELAND;ICELANDIC CUP WOMEN - 1/8-FINALS;Throttur W;Valur W;36;43;1,5581;33;43;1,5581;0,8372;0,7674;1,6046;0,6425
164;27/05/2023;15:45;IRELAND;PREMIER DIVISION - ROUND 17;Sligo Rovers;Derry City;33;42;1,1429;33;42;1,0714;0,7857;0,7857;1,5714;0,6173
165;27/05/2023;10:00;IRELAND;NATIONAL LEAGUE WOMEN - ROUND 12;Shelbourne W;Peamount W;33;43;1,4884;33;42;2,0714;0,7674;0,7857;1,5531;0,6029
166;27/05/2023;12:00;IRELAND;NATIONAL LEAGUE WOMEN - ROUND 12;DLR Waves W;Bohemians WFC W;28;41;1,2683;29;43;0,9767;0,6829;0,6744;1,3573;0,4605
167;27/05/2023;13:00;IRELAND;NATIONAL LEAGUE WOMEN - ROUND 4;Cork City W;Wexford Youths Football Club W;33;43;1,6744;31;43;1,3953;0,7674;0,7209;1,4883;0,5532
168;27/05/2023;13:30;IRELAND;NATIONAL LEAGUE WOMEN - ROUND 12;Shamrock Rovers W;Galway United W;7;10;1,4;8;10;1,0;0,7;0,8;1,5;0,56
169;27/05/2023;15:00;IRELAND;NATIONAL LEAGUE WOMEN - ROUND 12;Athlone WFC W;Treaty Utd W;31;43;1,2558;36;43;1,8605;0,7209;0,8372;1,5581;0,6035
170;27/05/2023;15:30;ITALY;SERIE B - PLAY OFFS - QUARTER-FINALS;Cagliari;Venezia;30;43;1,0698;29;43;1,0465;0,6977;0,6744;1,3721;0,4705
171;27/05/2023;15:30;ITALY;SERIE C - PROMOTION - PLAY OFFS - QUARTER-FINALS;Foggia;Crotone;27;43;1,0233;24;43;0,9302;0,6279;0,5581;1,186;0,3504
172;27/05/2023;15:30;ITALY;SERIE C - PROMOTION - PLAY OFFS - QUARTER-FINALS;L.R. Vicenza;Cesena;29;43;1,1628;31;43;1,2093;0,6744;0,7209;1,3953;0,4862
173;27/05/2023;15:30;ITALY;SERIE C - PROMOTION - PLAY OFFS - QUARTER-FINALS;Lecco;Pordenone;28;42;1,0;26;43;1,1163;0,6667;0,6047;1,2714;0,4032
174;27/05/2023;15:30;ITALY;SERIE C - PROMOTION - PLAY OFFS - QUARTER-FINALS;Pescara;Entella;30;43;1,186;26;43;1,0;0,6977;0,6047;1,3024;0,4219
175;27/05/2023;09:30;ITALY;SERIE A WOMEN - CHAMPIONSHIP GROUP - ROUND 10;Inter W;AC Milan W;32;43;1,6279;39;43;1,814;0,7442;0,907;1,6512;0,675
176;27/05/2023;09:30;ITALY;SERIE A WOMEN - CHAMPIONSHIP GROUP - ROUND 10;Juventus W;AS Roma W;34;43;1,4651;34;43;1,5581;0,7907;0,7907;1,5814;0,6252
177;27/05/2023;10:00;LATVIA;OPTIBET VIRSLIGA - ROUND 15;FK Liepaja;Valmiera;30;38;1,3947;34;43;1,4186;0,7895;0,7907;1,5802;0,6243
178;27/05/2023;06:00;LATVIA;LATVIAN CUP - 1/64-FINALS;Madona/BJSS;Lielupe;0;0;0;0;0;0;0;0;0;0
179;27/05/2023;07:00;LATVIA;LATVIAN CUP - 1/64-FINALS;Plavinas;FK Limbazi;7;8;2,625;9;13;2,2308;0,875;0,6923;1,5673;0,6058
180;27/05/2023;09:00;LATVIA;LATVIAN CUP - 1/64-FINALS;Augsdaugavas;Betsafe;4;4;2,0;1;2;0,5;1,0;0,5;1,5;0,5
181;27/05/2023;11:00;LATVIA;LATVIAN CUP - 1/64-FINALS;Ogre United;LSPA;1;1;2,0;2;3;3,0;1,0;0,6667;1,6667;0,6667
182;27/05/2023;12:00;LATVIA;LATVIAN CUP - 1/64-FINALS;FK Cesis;Bebri;3;4;2,5;22;27;1,7778;0,75;0,8148;1,5648;0,6111
183;27/05/2023;12:00;LATVIA;LATVIAN CUP - 1/64-FINALS;JFC Jelgava;JFK Daugava;5;7;1,7143;2;2;5,0;0,7143;1,0;1,7143;0,7143
184;27/05/2023;13:00;LATVIA;LATVIAN CUP - 1/64-FINALS;Aliance;Kadaga;5;6;1,8333;4;4;2,0;0,8333;1,0;1,8333;0,8333
185;27/05/2023;14:00;LATVIA;LATVIAN CUP - 1/64-FINALS;Salaspils FK;Jekabpils SC;28;39;2,1795;10;11;2,2727;0,7179;0,9091;1,627;0,6526
186;27/05/2023;11:00;LITHUANIA;A LYGA - ROUND 15;Siauliai FA;Dainava Alytus;28;40;1,25;32;42;1,5;0,7;0,7619;1,4619;0,5333
187;27/05/2023;13:00;LITHUANIA;A LYGA - ROUND 15;Riteriai;Hegelmann;25;43;1,1395;31;43;1,3256;0,5814;0,7209;1,3023;0,4191
188;27/05/2023;14:00;LUXEMBOURG;NATIONAL DIVISION - RELEGATION - FINAL;Kaerjeng;Bettembourg;31;39;1,4872;9;10;1,7;0,7949;0,9;1,6949;0,7154
189;27/05/2023;09:30;MALAWI;SUPER LEAGUE - ROUND 7;Ekwendeni Hammers;Karonga United;25;42;0,9524;25;43;1,186;0,5952;0,5814;1,1766;0,346
190;27/05/2023;09:30;MALAWI;SUPER LEAGUE - ROUND 7;MAFCO;Extreme FC;27;42;1,1429;4;6;1,0;0,6429;0,6667;1,3096;0,4286
191;27/05/2023;09:30;MALAWI;SUPER LEAGUE - ROUND 7;Mighty Wanderers;Chitipa United;25;43;1,1395;18;32;1,0312;0,5814;0,5625;1,1439;0,327
192;27/05/2023;13:15;MALI;PREMIERE DIVISION - ROUND 20;CO Bamako;Black Stars;14;28;0,8929;13;22;0,9091;0,5;0,5909;1,0909;0,2954
193;27/05/2023;13:15;MALI;PREMIERE DIVISION - ROUND 20;Real Bamako;Foot Elite;21;34;0,9706;11;23;0,5217;0,6176;0,4783;1,0959;0,2954
194;27/05/2023;13:15;MALI;PREMIERE DIVISION - ROUND 20;US Bougouni;Djoliba;16;26;1,1154;22;35;1,0857;0,6154;0,6286;1,244;0,3868
195;27/05/2023;15:15;MALI;PREMIERE DIVISION - ROUND 20;USFAS Bamako;LC Bamako;10;20;0,8;9;22;0,7727;0,5;0,4091;0,9091;0,2046
196;27/05/2023;22:00;MEXICO;LIGA DE EXPANSION MX - SUPER FINAL - FINAL;Tapatio;Atlante;30;43;1,2326;26;43;0,9767;0,6977;0,6047;1,3024;0,4219
197;27/05/2023;10:00;MOZAMBIQUE;MOCAMBOLA - ROUND 7;Ferroviario Beira;Black Bulls;18;38;0,7105;25;38;1,2105;0,4737;0,6579;1,1316;0,3116
198;27/05/2023;10:30;NETHERLANDS;TWEEDE DIVISIE - ROUND 34;AFC;Excelsior Maassluis;32;43;1,3721;34;43;1,4884;0,7442;0,7907;1,5349;0,5884
199;27/05/2023;10:30;NETHERLANDS;TWEEDE DIVISIE - ROUND 34;De Treffers;Oostzaan;34;43;1,2791;31;43;1,4419;0,7907;0,7209;1,5116;0,57
200;27/05/2023;10:30;NETHERLANDS;TWEEDE DIVISIE - ROUND 34;Hardenberg;Jong Volendam;34;43;1,5814;34;43;1,8372;0,7907;0,7907;1,5814;0,6252
201;27/05/2023;10:30;NETHERLANDS;TWEEDE DIVISIE - ROUND 34;HFC;Lisse;33;43;1,2558;30;43;1,3023;0,7674;0,6977;1,4651;0,5354
202;27/05/2023;10:30;NETHERLANDS;TWEEDE DIVISIE - ROUND 34;IJsselmeervogels;Quick Boys;35;43;1,5349;30;43;1,2326;0,814;0,6977;1,5117;0,5679
203;27/05/2023;10:30;NETHERLANDS;TWEEDE DIVISIE - ROUND 34;Jong Sparta Rotterdam;Kozakken Boys;32;43;1,5116;32;43;1,2791;0,7442;0,7442;1,4884;0,5538
204;27/05/2023;10:30;NETHERLANDS;TWEEDE DIVISIE - ROUND 34;Katwijk;Spakenburg;36;43;1,6279;34;43;1,4186;0,8372;0,7907;1,6279;0,662
205;27/05/2023;10:30;NETHERLANDS;TWEEDE DIVISIE - ROUND 34;Rijnsburgse Boys;Noordwijk;30;43;1,4651;26;43;0,8605;0,6977;0,6047;1,3024;0,4219
206;27/05/2023;10:30;NETHERLANDS;TWEEDE DIVISIE - ROUND 34;TEC;Scheveningen;31;43;1,2558;27;43;0,9535;0,7209;0,6279;1,3488;0,4527
207;27/05/2023;12:30;NIGER;LIGUE 1 - ROUND 20;Douanes Niamey;Akokana;11;19;0,8421;5;12;0,8333;0,5789;0,4167;0,9956;0,2412
208;27/05/2023;12:30;NIGER;LIGUE 1 - ROUND 20;US Gendarmerie;Urana;12;20;0,95;5;15;0,4667;0,6;0,3333;0,9333;0,2
209;27/05/2023;16:00;NORTH & CENTRAL AMERICA;CONCACAF CHAMPIONSHIP WOMEN U20 - ROUND 2;Dominican Republic U20 W;Costa Rica U20 W;20;24;2,2083;26;31;2,1613;0,8333;0,8387;1,672;0,6989
210;27/05/2023;19:00;NORTH & CENTRAL AMERICA;CONCACAF CHAMPIONSHIP WOMEN U20 - ROUND 2;Puerto Rico U20 W;Mexico U20 W;15;20;2,1;30;43;1,3256;0,75;0,6977;1,4477;0,5233
211;27/05/2023;10:00;NORWAY;TOPPSERIEN WOMEN - ROUND 11;Arna-Bjornar W;Stabaek W;35;42;1,8095;37;43;1,3721;0,8333;0,8605;1,6938;0,7171
212;27/05/2023;10:00;NORWAY;TOPPSERIEN WOMEN - ROUND 11;Avaldsnes W;Asane W;32;41;1,439;26;42;1,0714;0,7805;0,619;1,3995;0,4831
213;27/05/2023;10:00;NORWAY;TOPPSERIEN WOMEN - ROUND 11;Brann W;Roa W;31;43;1,4651;31;43;1,3256;0,7209;0,7209;1,4418;0,5197
214;27/05/2023;10:00;NORWAY;TOPPSERIEN WOMEN - ROUND 11;LSK Kvinner W;Lyn W;30;42;1,2857;35;43;1,4186;0,7143;0,814;1,5283;0,5814
215;27/05/2023;11:45;NORWAY;TOPPSERIEN WOMEN - ROUND 11;Valerenga W;Rosenborg W;38;43;1,7907;32;43;1,3953;0,8837;0,7442;1,6279;0,6576
216;27/05/2023;21:00;PANAMA;LPF - APERTURA - PLAY OFFS - FINAL;Tauro;Independiente;26;43;0,8605;33;43;1,3023;0,6047;0,7674;1,3721;0,464
217;27/05/2023;19:00;PARAGUAY;PRIMERA DIVISION - APERTURA - ROUND 20;Sportivo Trinidense;Resistencia;32;43;1,2326;29;43;1,1163;0,7442;0,6744;1,4186;0,5019
218;27/05/2023;15:00;PERU;LIGA 1 - APERTURA - ROUND 17;Alianza Atl.;Grau;32;43;1,3721;30;42;1,1905;0,7442;0,7143;1,4585;0,5316
219;27/05/2023;17:30;PERU;LIGA 1 - APERTURA - ROUND 17;Cusco;Sport Boys;28;40;1,025;31;43;1,093;0,7;0,7209;1,4209;0,5046
220;27/05/2023;12:30;POLAND;EKSTRAKLASA - ROUND 34;Cracovia;Wisla Plock;30;43;1,093;31;43;1,2093;0,6977;0,7209;1,4186;0,503
221;27/05/2023;12:30;POLAND;EKSTRAKLASA - ROUND 34;Lech Poznan;Jagiellonia;29;43;1,0698;30;42;1,2619;0,6744;0,7143;1,3887;0,4817
222;27/05/2023;12:30;POLAND;EKSTRAKLASA - ROUND 34;Legia;Slask Wroclaw;31;43;1,2326;33;43;1,2558;0,7209;0,7674;1,4883;0,5532
223;27/05/2023;12:30;POLAND;EKSTRAKLASA - ROUND 34;Legnica;Gornik Zabrze;34;43;1,4186;36;43;1,4186;0,7907;0,8372;1,6279;0,662
224;27/05/2023;12:30;POLAND;EKSTRAKLASA - ROUND 34;Piast Gliwice;Lechia Gdansk;26;43;0,8837;29;43;1,093;0,6047;0,6744;1,2791;0,4078
225;27/05/2023;12:30;POLAND;EKSTRAKLASA - ROUND 34;Pogon Szczecin;Radomiak Radom;29;43;1,2791;30;43;1,093;0,6744;0,6977;1,3721;0,4705
226;27/05/2023;12:30;POLAND;EKSTRAKLASA - ROUND 34;Rakow;Zaglebie;31;43;1,1395;25;42;1,0476;0,7209;0,5952;1,3161;0,4291
227;27/05/2023;12:30;POLAND;EKSTRAKLASA - ROUND 34;Stal Mielec;Warta Poznan;26;43;1,0233;27;43;1,1628;0,6047;0,6279;1,2326;0,3797
228;27/05/2023;12:30;POLAND;EKSTRAKLASA - ROUND 34;Widzew Lodz;Korona Kielce;25;41;1,0488;34;43;1,2791;0,6098;0,7907;1,4005;0,4822
229;27/05/2023;10:00;POLAND;DIVISION 1 - ROUND 33;R. Rzeszow;Termalica B-B.;36;43;1,4419;31;43;1,3256;0,8372;0,7209;1,5581;0,6035
230;27/05/2023;12:30;POLAND;DIVISION 1 - ROUND 33;GKS Katowice;Ruch Chorzow;25;42;0,9762;31;43;1,186;0,5952;0,7209;1,3161;0,4291
231;27/05/2023;15:00;POLAND;DIVISION 1 - ROUND 33;Chrobry Glogow;Leczna;28;41;1,4146;28;40;1,175;0,6829;0,7;1,3829;0,478
232;27/05/2023;13:00;POLAND;CENTRAL YOUTH LEAGUE - ROUND 29;Wisla U19;Escola Warszawa U19;34;43;1,3488;19;28;1,2143;0,7907;0,6786;1,4693;0,5366
233;27/05/2023;11:30;PORTUGAL;LIGA PORTUGAL - ROUND 34;Chaves;Boavista;28;43;0,9535;26;42;0,9524;0,6512;0,619;1,2702;0,4031
234;27/05/2023;11:30;PORTUGAL;LIGA PORTUGAL - ROUND 34;Estoril;Maritimo;32;43;1,2558;34;43;1,2326;0,7442;0,7907;1,5349;0,5884
235;27/05/2023;14:00;PORTUGAL;LIGA PORTUGAL - ROUND 34;Benfica;Santa Clara;30;43;1,4419;27;43;0,9767;0,6977;0,6279;1,3256;0,4381
236;27/05/2023;14:00;PORTUGAL;LIGA PORTUGAL - ROUND 34;FC Porto;Vitoria Guimaraes;31;43;1,2326;27;43;1,0233;0,7209;0,6279;1,3488;0,4527
237;27/05/2023;14:00;PORTUGAL;LIGA PORTUGAL - ROUND 34;Portimonense;Arouca;30;43;1,0;29;43;1,0;0,6977;0,6744;1,3721;0,4705
238;27/05/2023;16:30;PORTUGAL;LIGA PORTUGAL - ROUND 34;Braga;Pacos Ferreira;32;43;1,4186;27;43;1,0233;0,7442;0,6279;1,3721;0,4673
239;27/05/2023;14:30;ROMANIA;LIGA 1 - CHAMPIONSHIP GROUP - ROUND 10;FCSB;FC Rapid Bucuresti;30;43;1,186;33;43;1,3256;0,6977;0,7674;1,4651;0,5354
240;27/05/2023;11:30;ROMANIA;LIGA 3 - PROMOTION PLAY OFFS - SEMI-FINALS;Afumati;Popesti Leordeni;34;41;1,6585;33;42;1,5476;0,8293;0,7857;1,615;0,6516
241;27/05/2023;11:30;ROMANIA;LIGA 3 - PROMOTION PLAY OFFS - SEMI-FINALS;Corvinul Hunedoara;Gloria 2018 Bistrita;33;43;1,7907;28;42;1,4524;0,7674;0,6667;1,4341;0,5116
242;27/05/2023;11:30;ROMANIA;LIGA 3 - PROMOTION PLAY OFFS - SEMI-FINALS;CS Blejoi;Viitorul Daesti;35;43;1,5814;31;42;1,2857;0,814;0,7381;1,5521;0,6008
243;27/05/2023;11:30;ROMANIA;LIGA 3 - PROMOTION PLAY OFFS - SEMI-FINALS;CSM Alexandria;CSO Plopeni;30;43;1,1163;20;43;0,6744;0,6977;0,4651;1,1628;0,3245
244;27/05/2023;11:30;ROMANIA;LIGA 3 - PROMOTION PLAY OFFS - SEMI-FINALS;CSM Deva;Soimii Lipova;33;41;1,7805;28;43;1,0698;0,8049;0,6512;1,4561;0,5242
245;27/05/2023;11:30;ROMANIA;LIGA 3 - PROMOTION PLAY OFFS - SEMI-FINALS;CSM Resita;CSO Filiasi;30;43;1,2791;37;42;1,8333;0,6977;0,881;1,5787;0,6147
246;27/05/2023;11:30;ROMANIA;LIGA 3 - PROMOTION PLAY OFFS - SEMI-FINALS;FC Bihor;Unirea Ungheni;24;31;1,4194;30;42;1,3571;0,7742;0,7143;1,4885;0,553
247;27/05/2023;11:30;ROMANIA;LIGA 3 - PROMOTION PLAY OFFS - SEMI-FINALS;Foresta Suceava;CSM Ramnicu Sarat;31;42;1,0952;29;43;1,0233;0,7381;0,6744;1,4125;0,4978
248;27/05/2023;11:30;ROMANIA;LIGA 3 - PROMOTION PLAY OFFS - SEMI-FINALS;Metalul Buzau;Ceahlaul;32;43;1,4186;30;42;1,119;0,7442;0,7143;1,4585;0,5316
249;27/05/2023;11:30;ROMANIA;LIGA 3 - PROMOTION PLAY OFFS - SEMI-FINALS;Tunari;F. Constanta 2;33;43;1,6744;31;41;1,5366;0,7674;0,7561;1,5235;0,5802
250;27/05/2023;10:30;RUSSIA;PREMIER LEAGUE - ROUND 29;Torpedo Moscow;Orenburg;28;40;1,1;36;42;1,9762;0,7;0,8571;1,5571;0,6
251;27/05/2023;13:00;RUSSIA;PREMIER LEAGUE - ROUND 29;Krasnodar;CSKA Moscow;34;43;1,3953;31;43;1,1395;0,7907;0,7209;1,5116;0,57
252;27/05/2023;13:00;RUSSIA;PREMIER LEAGUE - ROUND 29;Sochi;Zenit;30;42;1,2857;29;43;1,2791;0,7143;0,6744;1,3887;0,4817
253;27/05/2023;11:00;RUSSIA;FNL - ROUND 33;Kuban;Yenisey;28;43;0,8605;27;43;1,1628;0,6512;0,6279;1,2791;0,4089
254;27/05/2023;11:00;RUSSIA;FNL - ROUND 33;Shinnik Yaroslavl;SKA Khabarovsk;26;41;1,122;27;42;1,1429;0,6341;0,6429;1,277;0,4077
255;27/05/2023;11:00;RUSSIA;FNL - ROUND 33;Ulyanovsk;Rodina Moscow;30;41;1,2683;29;43;1,093;0,7317;0,6744;1,4061;0,4935
256;27/05/2023;11:00;RUSSIA;FNL - ROUND 33;Volgar-Astrakhan;Krasnodar 2;28;42;1,0238;30;40;1,1;0,6667;0,75;1,4167;0,5
257;27/05/2023;11:30;RUSSIA;FNL - ROUND 33;Neftekhimik;Ufa;27;43;1,0;28;42;0,9762;0,6279;0,6667;1,2946;0,4186
258;27/05/2023;12:00;RUSSIA;FNL - ROUND 33;Arsenal Tula;Kamaz;30;42;1,1905;27;41;0,9024;0,7143;0,6585;1,3728;0,4704
259;27/05/2023;12:00;RUSSIA;FNL - ROUND 33;Rubin Kazan;Dynamo Makhachkala;29;41;1,2439;21;41;0,6829;0,7073;0,5122;1,2195;0,3623
260;27/05/2023;13:00;RUSSIA;FNL - ROUND 33;Veles Moscow;Akron Togliatti;31;42;1,119;26;41;1,2195;0,7381;0,6341;1,3722;0,468
261;27/05/2023;10:00;RWANDA;PREMIER LEAGUE - ROUND 30;Gasogi United;Espoir;26;42;1,0;30;42;1,0476;0,619;0,7143;1,3333;0,4422
262;27/05/2023;10:00;RWANDA;PREMIER LEAGUE - ROUND 30;Mukura Victory Sports;Musanze;29;43;0,9767;22;42;1,0;0,6744;0,5238;1,1982;0,3533
263;27/05/2023;15:45;SAN MARINO;COPPA TITANO - FINAL;Virtus;Tre Penne;31;42;1,2619;29;43;1,0233;0,7381;0,6744;1,4125;0,4978
264;27/05/2023;15:00;SAUDI ARABIA;SAUDI PROFESSIONAL LEAGUE - ROUND 29;Abha;Al-Hilal;30;43;1,093;31;43;1,2558;0,6977;0,7209;1,4186;0,503
265;27/05/2023;15:00;SAUDI ARABIA;SAUDI PROFESSIONAL LEAGUE - ROUND 29;Al Batin;Al Adalh;29;43;1,3023;29;43;1,0;0,6744;0,6744;1,3488;0,4548
266;27/05/2023;15:00;SAUDI ARABIA;SAUDI PROFESSIONAL LEAGUE - ROUND 29;Al Feiha;Al-Ittihad FC;29;43;1,1395;29;43;1,1163;0,6744;0,6744;1,3488;0,4548
267;27/05/2023;15:00;SAUDI ARABIA;SAUDI PROFESSIONAL LEAGUE - ROUND 29;Al Taee;Al Wehda;34;43;1,3721;30;43;1,093;0,7907;0,6977;1,4884;0,5517
268;27/05/2023;15:00;SAUDI ARABIA;SAUDI PROFESSIONAL LEAGUE - ROUND 29;Al-Ettifaq;Al-Nassr;31;43;1,1395;32;43;1,2093;0,7209;0,7442;1,4651;0,5365
269;27/05/2023;15:00;SAUDI ARABIA;SAUDI PROFESSIONAL LEAGUE - ROUND 29;Al-Fateh;Damac;35;43;1,4419;30;43;1,2791;0,814;0,6977;1,5117;0,5679
270;27/05/2023;15:00;SAUDI ARABIA;SAUDI PROFESSIONAL LEAGUE - ROUND 29;Al-Raed;Al Khaleej;34;43;1,3953;27;43;1,0233;0,7907;0,6279;1,4186;0,4965
271;27/05/2023;15:00;SAUDI ARABIA;SAUDI PROFESSIONAL LEAGUE - ROUND 29;Al-Shabab;Al-Taawon;35;43;1,3488;30;43;1,093;0,814;0,6977;1,5117;0,5679
272;27/05/2023;13:15;SAUDI ARABIA;DIVISION 1 - ROUND 34;Al-Shoalah;Al-Faisaly;20;42;0,6667;25;43;0,7907;0,4762;0,5814;1,0576;0,2769
273;27/05/2023;12:00;SERBIA;SUPER LIGA - RELEGATION GROUP - ROUND 37;Kolubara;Radnicki Nis;26;43;1,0698;29;42;1,119;0,6047;0,6905;1,2952;0,4175
274;27/05/2023;12:00;SERBIA;SUPER LIGA - RELEGATION GROUP - ROUND 37;Mladost;Mladost GAT;28;42;1,2143;29;43;1,0465;0,6667;0,6744;1,3411;0,4496
275;27/05/2023;12:00;SERBIA;SUPER LIGA - RELEGATION GROUP - ROUND 37;Napredak;Javor;23;43;0,7442;29;43;1,1395;0,5349;0,6744;1,2093;0,3607
276;27/05/2023;12:00;SERBIA;SUPER LIGA - RELEGATION GROUP - ROUND 37;Sp. Subotica;Radnik;31;43;1,0;26;43;0,907;0,7209;0,6047;1,3256;0,4359
277;27/05/2023;14:00;SERBIA;SUPER LIGA - CHAMPIONSHIP GROUP - ROUND 37;Partizan;FK Vozdovac;33;43;1,186;27;43;1,0465;0,7674;0,6279;1,3953;0,4819
278;27/05/2023;12:30;SERBIA;PRVA LIGA - RELEGATION GROUP - ROUND 37;Loznica;Zlatibor Cajetina;22;42;0,9762;30;43;1,1163;0,5238;0,6977;1,2215;0,3655
279;27/05/2023;14:00;SERBIA;PRVA LIGA - RELEGATION GROUP - ROUND 37;Sloboda;Macva;23;43;0,907;21;42;0,9048;0,5349;0,5;1,0349;0,2675
280;27/05/2023;12:30;SERBIA;PRVA LIGA - CHAMPIONSHIP GROUP - ROUND 37;Graficar Beograd;Radnicki Beograd;30;42;1,2857;28;40;1,05;0,7143;0,7;1,4143;0,5
281;27/05/2023;12:30;SERBIA;PRVA LIGA - CHAMPIONSHIP GROUP - ROUND 37;Radnicki S. Mitrovica;FK Indjija;27;42;0,9286;28;43;1,1395;0,6429;0,6512;1,2941;0,4187
282;27/05/2023;12:30;SERBIA;PRVA LIGA - CHAMPIONSHIP GROUP - ROUND 37;Zeleznicar Pancevo;Jedinstvo U.;28;43;1,0465;27;42;0,8333;0,6512;0,6429;1,2941;0,4187
283;27/05/2023;08:00;SEYCHELLES;FIRST DIVISION LEAGUE - CHAMPIONSHIP GROUP - ROUND 13;La Passe;St Michel United;6;8;2,0;5;10;0,8;0,75;0,5;1,25;0,375
284;27/05/2023;09:00;SEYCHELLES;FIRST DIVISION LEAGUE - CHAMPIONSHIP GROUP - ROUND 13;Foresters FC;Anse Reunion;3;10;0,5;9;10;2,3;0,3;0,9;1,2;0,27
285;27/05/2023;13:15;SIERRA LEONE;PREMIER LEAGUE - ROUND 28;Bo Rangers;East End Lions;10;17;1,0588;6;21;0,4762;0,5882;0,2857;0,8739;0,168
286;27/05/2023;13:15;SIERRA LEONE;PREMIER LEAGUE - ROUND 28;Old Edwardians;Bai Bureh Warriors;7;16;1,0625;2;8;0,5;0,4375;0,25;0,6875;0,1094
287;27/05/2023;13:15;SIERRA LEONE;PREMIER LEAGUE - ROUND 28;Real Republicans;Wilberforce Strikers;1;6;0,3333;6;14;0,7857;0,1667;0,4286;0,5953;0,0714
288;27/05/2023;09:30;SLOVAKIA;1. LIGA WOMEN - CHAMPIONSHIP GROUP - ROUND 8;Myjava W;Trnava W;40;43;2,814;34;42;2,1667;0,9302;0,8095;1,7397;0,753
289;27/05/2023;13:00;SOUTH AFRICA;NEDBANK CUP - FINAL;Orlando Pirates;Sekhukhune;29;43;0,9767;27;43;0,8837;0,6744;0,6279;1,3023;0,4235
290;27/05/2023;11:15;SPAIN;LALIGA2 - ROUND 42;Andorra;Villarreal B;22;43;0,7442;30;43;1,0233;0,5116;0,6977;1,2093;0,3569
291;27/05/2023;11:15;SPAIN;LALIGA2 - ROUND 42;Burgos CF;Lugo;21;43;0,5581;24;43;0,8605;0,4884;0,5581;1,0465;0,2726
292;27/05/2023;13:30;SPAIN;LALIGA2 - ROUND 42;Albacete;Mirandes;26;43;1,093;29;43;1,0233;0,6047;0,6744;1,2791;0,4078
293;27/05/2023;13:30;SPAIN;LALIGA2 - ROUND 42;Malaga;UD Ibiza;21;43;0,7442;29;43;1,2093;0,4884;0,6744;1,1628;0,3294
294;27/05/2023;16:00;SPAIN;LALIGA2 - ROUND 42;Granada CF;Leganes;27;43;0,907;25;43;0,8372;0,6279;0,5814;1,2093;0,3651
295;27/05/2023;16:00;SPAIN;LALIGA2 - ROUND 42;Huesca;Eibar;25;43;0,8605;26;43;0,7907;0,5814;0,6047;1,1861;0,3516
296;27/05/2023;16:00;SPAIN;LALIGA2 - ROUND 42;Las Palmas;Alaves;24;43;0,814;23;43;0,7907;0,5581;0,5349;1,093;0,2985
297;27/05/2023;16:00;SPAIN;LALIGA2 - ROUND 42;Levante;R. Oviedo;25;43;0,9535;21;43;0,6512;0,5814;0,4884;1,0698;0,284
298;27/05/2023;14:30;SPAIN;PRIMERA RFEF - GROUP 1 - ROUND 38;Alcorcon;San Sebastian Reyes;22;43;0,7674;26;43;0,8372;0,5116;0,6047;1,1163;0,3094
299;27/05/2023;14:30;SPAIN;PRIMERA RFEF - GROUP 1 - ROUND 38;Algeciras;Real Madrid B;29;43;1,0;34;43;1,3023;0,6744;0,7907;1,4651;0,5332
300;27/05/2023;14:30;SPAIN;PRIMERA RFEF - GROUP 1 - ROUND 38;Ceuta;Linense;33;43;1,1163;17;43;0,5349;0,7674;0,3953;1,1627;0,3034
301;27/05/2023;14:30;SPAIN;PRIMERA RFEF - GROUP 1 - ROUND 38;Cordoba;CD Badajoz;28;43;1,0698;23;43;0,8837;0,6512;0,5349;1,1861;0,3483
302;27/05/2023;14:30;SPAIN;PRIMERA RFEF - GROUP 1 - ROUND 38;Ferrol;Celta Vigo B;30;43;1,0698;29;43;1,093;0,6977;0,6744;1,3721;0,4705
303;27/05/2023;14:30;SPAIN;PRIMERA RFEF - GROUP 1 - ROUND 38;Fuenlabrada;Unionistas;34;43;1,1163;26;43;0,907;0,7907;0,6047;1,3954;0,4781
304;27/05/2023;14:30;SPAIN;PRIMERA RFEF - GROUP 1 - ROUND 38;Leonesa;CF Talavera;27;43;0,9535;32;43;1,1628;0,6279;0,7442;1,3721;0,4673
305;27/05/2023;14:30;SPAIN;PRIMERA RFEF - GROUP 1 - ROUND 38;Linares;San Fernando;31;43;1,3256;31;43;1,0698;0,7209;0,7209;1,4418;0,5197
306;27/05/2023;14:30;SPAIN;PRIMERA RFEF - GROUP 1 - ROUND 38;Pontevedra;Dep. La Coruna;25;43;0,9767;25;43;1,2093;0,5814;0,5814;1,1628;0,338
307;27/05/2023;14:30;SPAIN;PRIMERA RFEF - GROUP 1 - ROUND 38;Rayo Majadahonda;Merida AD;26;43;0,9535;27;43;0,9767;0,6047;0,6279;1,2326;0,3797
308;27/05/2023;14:30;SPAIN;PRIMERA RFEF - GROUP 2 - ROUND 38;Ath Bilbao B;Amorebieta;30;43;1,093;23;43;0,9535;0,6977;0,5349;1,2326;0,3732
309;27/05/2023;14:30;SPAIN;PRIMERA RFEF - GROUP 2 - ROUND 38;Barcelona B;UD Logrones;31;43;1,1395;24;43;0,7442;0,7209;0,5581;1,279;0,4023
310;27/05/2023;14:30;SPAIN;PRIMERA RFEF - GROUP 2 - ROUND 38;Calahorra;CF Intercity;22;43;0,6977;30;43;1,1395;0,5116;0,6977;1,2093;0,3569
311;27/05/2023;14:30;SPAIN;PRIMERA RFEF - GROUP 2 - ROUND 38;Gimnastic;Alcoyano;30;43;0,9767;32;43;1,0;0,6977;0,7442;1,4419;0,5192
312;27/05/2023;14:30;SPAIN;PRIMERA RFEF - GROUP 2 - ROUND 38;Murcia;Eldense;27;44;0,8864;21;43;0,7442;0,6136;0,4884;1,102;0,2997
313;27/05/2023;14:30;SPAIN;PRIMERA RFEF - GROUP 2 - ROUND 38;Numancia;Cornella;18;43;0,6744;26;43;0,907;0,4186;0,6047;1,0233;0,2531
314;27/05/2023;14:30;SPAIN;PRIMERA RFEF - GROUP 2 - ROUND 38;R. Sociedad B;Castellon;27;43;0,9302;28;43;0,9302;0,6279;0,6512;1,2791;0,4089
315;27/05/2023;14:30;SPAIN;PRIMERA RFEF - GROUP 2 - ROUND 38;R. Union;La Nucia;25;43;0,9302;27;43;0,9302;0,5814;0,6279;1,2093;0,3651
316;27/05/2023;14:30;SPAIN;PRIMERA RFEF - GROUP 2 - ROUND 38;Sabadell;Osasuna B;27;43;0,9302;29;43;1,0233;0,6279;0,6744;1,3023;0,4235
317;27/05/2023;14:30;SPAIN;PRIMERA RFEF - GROUP 2 - ROUND 38;SD Logrones;Baleares;26;43;1,0465;29;43;1,0;0,6047;0,6744;1,2791;0,4078
318;27/05/2023;13:30;SPAIN;SEGUNDA RFEF - PROMOTION PLAY OFFS - SEMI-FINALS;Navalcarnero;CE Manresa;23;43;0,9767;32;43;1,1628;0,5349;0,7442;1,2791;0,3981
319;27/05/2023;14:00;SPAIN;SEGUNDA RFEF - PROMOTION PLAY OFFS - SEMI-FINALS;Valencia B;Cacereno;28;43;0,9767;20;43;0,7209;0,6512;0,4651;1,1163;0,3029
320;27/05/2023;15:00;SPAIN;SEGUNDA RFEF - PROMOTION PLAY OFFS - SEMI-FINALS;Real Aviles;Gernika;31;43;0,9302;23;43;0,7674;0,7209;0,5349;1,2558;0,3856
321;27/05/2023;15:15;SPAIN;SEGUNDA RFEF - PROMOTION PLAY OFFS - SEMI-FINALS;Tarazona;Compostela;32;43;1,1395;28;43;0,8605;0,7442;0,6512;1,3954;0,4846
322;27/05/2023;12:00;SPAIN;SEGUNDA RFEF - PLAY OUT - FINAL;Ourense CF;Beasain;28;43;1,0698;29;43;1,1163;0,6512;0,6744;1,3256;0,4392
323;27/05/2023;15:00;SPAIN;SEGUNDA RFEF - PLAY OUT - FINAL;CD Coria;Zaragoza B;28;43;0,8837;29;42;0,9286;0,6512;0,6905;1,3417;0,4497
324;27/05/2023;12:00;SPAIN;TERCERA RFEF - PROMOTION PLAY OFFS - FINAL;Racing Club Villalbes;CDFC Calzada;19;34;0,7059;23;41;0,9268;0,5588;0,561;1,1198;0,3135
325;27/05/2023;13:00;SPAIN;TERCERA RFEF - PROMOTION PLAY OFFS - FINAL;Ejea;Penya Independent;24;37;1,0811;12;21;0,9048;0,6486;0,5714;1,22;0,3706
326;27/05/2023;13:00;SPAIN;TERCERA RFEF - PROMOTION PLAY OFFS - FINAL;Illescas;Vimenor;15;38;0,6316;29;38;1,3158;0,3947;0,7632;1,1579;0,3012
327;27/05/2023;14:00;SPAIN;TERCERA RFEF - PROMOTION PLAY OFFS - FINAL;Azuaga;Torrent;24;36;1,0833;19;37;0,7838;0,6667;0,5135;1,1802;0,3424
328;27/05/2023;17:00;SPAIN;COPA DE LA REINA WOMEN - FINAL;Real Madrid W;Atl. Madrid W;31;43;1,4419;32;43;1,093;0,7209;0,7442;1,4651;0,5365
329;27/05/2023;10:00;SWEDEN;ALLSVENSKAN - ROUND 10;Mjallby;Halmstad;28;43;0,9535;32;43;1,0465;0,6512;0,7442;1,3954;0,4846
330;27/05/2023;12:30;SWEDEN;ALLSVENSKAN - ROUND 10;Brommapojkarna;Sirius;37;43;1,6512;30;43;1,3488;0,8605;0,6977;1,5582;0,6004
331;27/05/2023;10:00;SWEDEN;SUPERETTAN - ROUND 9;Orgryte;Gefle;31;43;1,186;36;43;1,3488;0,7209;0,8372;1,5581;0,6035
332;27/05/2023;10:00;SWEDEN;SUPERETTAN - ROUND 9;Sundsvall;Skovde AIK;36;43;1,6977;31;42;1,2857;0,8372;0,7381;1,5753;0,6179
333;27/05/2023;10:00;SWEDEN;SUPERETTAN - ROUND 9;Trelleborg;Vasteras SK;32;42;1,4524;34;43;1,3488;0,7619;0,7907;1,5526;0,6024
334;27/05/2023;13:00;SWITZERLAND;CHALLENGE LEAGUE - ROUND 36;Aarau;Lausanne;33;41;1,6341;31;43;1,3256;0,8049;0,7209;1,5258;0,5803
335;27/05/2023;13:00;SWITZERLAND;CHALLENGE LEAGUE - ROUND 36;Lausanne Ouchy;Bellinzona;31;43;1,6512;29;43;1,2326;0,7209;0,6744;1,3953;0,4862
336;27/05/2023;13:00;SWITZERLAND;CHALLENGE LEAGUE - ROUND 36;Thun;Schaffhausen;34;43;1,3023;32;42;1,6667;0,7907;0,7619;1,5526;0,6024
337;27/05/2023;13:00;SWITZERLAND;CHALLENGE LEAGUE - ROUND 36;Wil;Yverdon;29;42;1,3095;32;42;1,4762;0,6905;0,7619;1,4524;0,5261
338;27/05/2023;13:00;SWITZERLAND;CHALLENGE LEAGUE - ROUND 36;Xamax;Vaduz;33;43;1,3488;25;43;1,3256;0,7674;0,5814;1,3488;0,4462
339;27/05/2023;11:00;SWITZERLAND;PROMOTION LEAGUE;Baden;Cham;32;42;1,5238;35;43;1,6512;0,7619;0,814;1,5759;0,6202
340;27/05/2023;11:00;SWITZERLAND;PROMOTION LEAGUE;Bavois;Rapperswil;33;43;1,5581;34;43;1,5116;0,7674;0,7907;1,5581;0,6068
341;27/05/2023;11:00;SWITZERLAND;PROMOTION LEAGUE;Biel;Basel II;32;43;1,5814;29;42;1,5952;0,7442;0,6905;1,4347;0,5139
342;27/05/2023;11:00;SWITZERLAND;PROMOTION LEAGUE;Bruhl;Zurich II;32;41;1,5854;38;43;1,5349;0,7805;0,8837;1,6642;0,6897
343;27/05/2023;11:00;SWITZERLAND;PROMOTION LEAGUE;Bulle;Stade Nyonnais;31;42;1,3095;34;41;1,7561;0,7381;0,8293;1,5674;0,6121
344;27/05/2023;11:00;SWITZERLAND;PROMOTION LEAGUE;Etoile-Carouge;Luzern II;33;43;1,6512;34;42;1,8571;0,7674;0,8095;1,5769;0,6212
345;27/05/2023;11:00;SWITZERLAND;PROMOTION LEAGUE;Kriens;Young Boys II;36;42;1,5952;38;42;1,9524;0,8571;0,9048;1,7619;0,7755
346;27/05/2023;11:00;SWITZERLAND;PROMOTION LEAGUE;YF Juventus;St. Gallen II;32;42;1,619;36;42;1,881;0,7619;0,8571;1,619;0,653
347;27/05/2023;11:00;SWITZERLAND;SUPER LEAGUE WOMEN - PLAY OFFS - SEMI-FINALS;Zurich W;Grasshopper W;37;42;1,8571;39;43;2,3256;0,881;0,907;1,788;0,7991
348;27/05/2023;15:15;SWITZERLAND;SUPER LEAGUE WOMEN - PLAY OFFS - SEMI-FINALS;Servette Geneve FC W;St. Gallen W;35;41;1,6098;33;43;1,6279;0,8537;0,7674;1,6211;0,6551
349;27/05/2023;13:00;SWITZERLAND;SUPER LEAGUE WOMEN - RELEGATION - ROUND 4;Sion W;Rapperswil W;2;3;1,0;24;25;2,12;0,6667;0,96;1,6267;0,64
350;27/05/2023;13:00;SWITZERLAND;SUPER LEAGUE WOMEN - RELEGATION - ROUND 4;Thun W;Yverdon W;7;9;1,3333;37;43;1,5581;0,7778;0,8605;1,6383;0,6693
351;27/05/2023;11:30;SWITZERLAND;SUPER LEAGUE WOMEN - PLACEMENT PLAY OFFS - FINAL;Young Boys W;Aarau W;37;43;2,0;30;43;1,5581;0,8605;0,6977;1,5582;0,6004
352;27/05/2023;13:00;SWITZERLAND;SUPER LEAGUE WOMEN - PLACEMENT PLAY OFFS - FINAL;Basel W;Luzern W;34;43;1,5349;39;43;1,7674;0,7907;0,907;1,6977;0,7172
353;27/05/2023;09:30;TAJIKISTAN;VYSSHAYA LIGA - ROUND 12;Eskhata;Khosilot Parkhar;24;42;0,8571;14;26;0,9231;0,5714;0,5385;1,1099;0,3077
354;27/05/2023;09:30;TAJIKISTAN;VYSSHAYA LIGA - ROUND 12;Regar-TadAZ;Faizkand;22;38;0,9737;24;40;0,975;0,5789;0,6;1,1789;0,3473
355;27/05/2023;20:15;TRINIDAD AND TOBAGO;TT PREMIER LEAGUE - ROUND 18;La Horquetta;Prison Service;23;29;1,931;10;14;1,6429;0,7931;0,7143;1,5074;0,5665
356;27/05/2023;12:00;TUNISIA;LIGUE PROFESSIONNELLE 1 - RELEGATION GROUP - ROUND 10;Hamam-Sousse;Bizertin;18;42;0,6905;23;42;0,8095;0,4286;0,5476;0,9762;0,2347
357;27/05/2023;12:00;TUNISIA;LIGUE PROFESSIONNELLE 1 - RELEGATION GROUP - ROUND 10;Metlaoui;Stade Tunisien;25;42;0,9524;26;42;1,0476;0,5952;0,619;1,2142;0,3684
358;27/05/2023;12:00;TUNISIA;LIGUE PROFESSIONNELLE 1 - RELEGATION GROUP - ROUND 10;Soliman;Sidi Bouzid;19;43;0,6047;22;43;0,7674;0,4419;0,5116;0,9535;0,2261
359;27/05/2023;10:00;TUNISIA;LIGUE PROFESSIONNELLE 1 - CHAMPIONSHIP GROUP - ROUND 8;US Tataouine;Monastir;26;43;0,8837;27;42;0,9524;0,6047;0,6429;1,2476;0,3888
360;27/05/2023;12:00;TUNISIA;LIGUE PROFESSIONNELLE 1 - CHAMPIONSHIP GROUP - ROUND 8;CS Sfaxien;Etoile Sahel;23;42;0,6667;25;42;0,8333;0,5476;0,5952;1,1428;0,3259
361;27/05/2023;12:00;TUNISIA;LIGUE 2 - ROUND 22;AS Djerba;Hammam-Lif;22;41;0,7073;24;42;0,8095;0,5366;0,5714;1,108;0,3066
362;27/05/2023;12:00;TUNISIA;LIGUE 2 - ROUND 22;EM Mahdia;Jeunesse Sportive;27;42;1,0476;17;24;1,0417;0,6429;0,7083;1,3512;0,4554
363;27/05/2023;12:00;TUNISIA;LIGUE 2 - ROUND 22;Kalaa;Zarzis;22;40;0,775;25;42;0,9048;0,55;0,5952;1,1452;0,3274
364;27/05/2023;12:00;TUNISIA;LIGUE 2 - ROUND 22;Moknine;Gafsa;15;25;1,0;22;40;1,125;0,6;0,55;1,15;0,33
365;27/05/2023;12:00;TUNISIA;LIGUE 2 - ROUND 22;Msaken;Sporting Ben Arous;28;41;0,9756;20;42;0,6667;0,6829;0,4762;1,1591;0,3252
366;27/05/2023;12:00;TUNISIA;LIGUE 2 - ROUND 22;Stade Gabesien;SS Sfaxien;19;41;0,6585;31;43;1,2326;0,4634;0,7209;1,1843;0,3341
367;27/05/2023;10:00;TURKMENISTAN;YOKARY LIGA - ROUND 9;Energetik;Altyn Asyr;23;29;1,6207;19;30;0,9;0,7931;0,6333;1,4264;0,5023
368;27/05/2023;10:00;TURKMENISTAN;YOKARY LIGA - ROUND 9;FC Asgabat;Kopetdag Asgabat;20;28;1,0;17;26;0,9231;0,7143;0,6538;1,3681;0,467
369;27/05/2023;10:15;TURKMENISTAN;YOKARY LIGA - ROUND 9;Nebitci;Merw;24;27;1,8148;20;27;1,1481;0,8889;0,7407;1,6296;0,6584
370;27/05/2023;12:30;UNITED ARAB EMIRATES;LEAGUE CUP - FINAL;Al Ain;Al Sharjah;32;43;1,2093;29;43;1,093;0,7442;0,6744;1,4186;0,5019
371;27/05/2023;20:30;USA;MLS;CF Montreal;Inter Miami;32;43;1,5581;29;40;1,35;0,7442;0,725;1,4692;0,5395
372;27/05/2023;20:30;USA;MLS;New England Revolution;Chicago Fire;25;41;0,9268;31;42;1,2619;0,6098;0,7381;1,3479;0,4501
373;27/05/2023;20:30;USA;MLS;New York City;Philadelphia Union;30;43;1,2558;25;40;1,15;0,6977;0,625;1,3227;0,4361
374;27/05/2023;20:30;USA;MLS;Orlando City;Atlanta Utd;27;43;0,8837;34;43;1,4419;0,6279;0,7907;1,4186;0,4965
375;27/05/2023;20:30;USA;MLS;Toronto FC;DC United;28;43;1,2326;26;43;1,1628;0,6512;0,6047;1,2559;0,3938
376;27/05/2023;21:30;USA;MLS;Houston Dynamo;Austin FC;28;40;1,1;28;40;1,35;0,7;0,7;1,4;0,49
377;27/05/2023;21:30;USA;MLS;Minnesota United;Real Salt Lake;27;43;1,1395;32;43;1,3256;0,6279;0,7442;1,3721;0,4673
378;27/05/2023;21:30;USA;MLS;St. Louis City;Vancouver Whitecaps;13;19;1,4211;30;42;1,2619;0,6842;0,7143;1,3985;0,4887
379;27/05/2023;22:30;USA;MLS;Colorado Rapids;FC Cincinnati;27;42;1,5476;27;39;1,5128;0,6429;0,6923;1,3352;0,4451
380;27/05/2023;23:30;USA;MLS;Los Angeles Galaxy;Charlotte;33;42;1,381;32;41;1,3171;0,7857;0,7805;1,5662;0,6132
381;27/05/2023;23:30;USA;MLS;San Jose Earthquakes;FC Dallas;35;43;1,4651;29;43;0,9302;0,814;0,6744;1,4884;0,549
382;27/05/2023;23:30;USA;MLS;Seattle Sounders;New York Red Bulls;33;43;1,1628;26;43;0,9535;0,7674;0,6047;1,3721;0,464
383;27/05/2023;17:00;USA;USL CHAMPIONSHIP;Detroit;Birmingham;26;43;0,9767;34;43;1,3488;0,6047;0,7907;1,3954;0,4781
384;27/05/2023;20:00;USA;USL CHAMPIONSHIP;Indy Eleven;Louisville City;33;43;1,3721;25;42;1,0714;0,7674;0,5952;1,3626;0,4568
385;27/05/2023;20:00;USA;USL CHAMPIONSHIP;Miami FC;Orange County SC;33;43;1,3488;37;42;1,5952;0,7674;0,881;1,6484;0,6761
386;27/05/2023;20:30;USA;USL CHAMPIONSHIP;Tampa Bay;Colorado Springs;32;43;1,4186;30;43;1,2326;0,7442;0,6977;1,4419;0,5192
387;27/05/2023;21:00;USA;USL CHAMPIONSHIP;Rio Grande;Charleston;28;43;1,093;32;43;1,6279;0,6512;0,7442;1,3954;0,4846
388;27/05/2023;21:30;USA;USL CHAMPIONSHIP;San Antonio;New Mexico;30;43;1,1628;33;43;1,4186;0,6977;0,7674;1,4651;0,5354
389;27/05/2023;23:00;USA;USL CHAMPIONSHIP;Oakland Roots;San Diego Loyal;33;43;1,2791;39;43;1,6977;0,7674;0,907;1,6744;0,696
390;27/05/2023;16:30;USA;NWSL WOMEN;Reign W;Angel City W;28;43;1,2326;27;40;1,05;0,6512;0,675;1,3262;0,4396
391;27/05/2023;21:00;USA;NWSL WOMEN;Chicago W;Orlando Pride W;34;43;1,3488;30;43;1,2093;0,7907;0,6977;1,4884;0,5517
392;27/05/2023;21:00;USA;NWSL WOMEN;Racing Louisville W;North Carolina Courage W;34;43;1,4186;32;43;1,3721;0,7907;0,7442;1,5349;0,5884
393;27/05/2023;12:00;UZBEKISTAN;SUPER LEAGUE - ROUND 12;Andijan;Turon;30;43;1,093;22;40;0,775;0,6977;0,55;1,2477;0,3837
394;27/05/2023;12:00;UZBEKISTAN;SUPER LEAGUE - ROUND 12;Metallurg Bekabad;Bunyodkor;27;43;0,8837;32;43;1,1395;0,6279;0,7442;1,3721;0,4673
395;27/05/2023;10:00;ZIMBABWE;PREMIER SOCCER LEAGUE - ROUND 11;Black Rhinos;Platinum;20;40;0,775;23;41;0,9268;0,5;0,561;1,061;0,2805
396;27/05/2023;10:00;ZIMBABWE;PREMIER SOCCER LEAGUE - ROUND 11;Bulawayo Chiefs;Cranborne Bullets;25;43;0,8372;24;39;1,0;0,5814;0,6154;1,1968;0,3578
397;27/05/2023;10:00;ZIMBABWE;PREMIER SOCCER LEAGUE - ROUND 11;Manica;Yadah;21;39;0,7436;22;34;0,8824;0,5385;0,6471;1,1856;0,3485
