Nº;Date;Time;Country;League;Home;Away;golshtHome;totalHome;golshtAway;totalAway;pHome;pAway;pSum;avgHome;avgAway;avgSum
1;06/08/2023;08:30;NORWAY;DIVISION 2 - GROUP 2 - ROUND 14;Stromsgodset 2;Sotra;28;30;27;30;0,9333;0,9;1,8333;2,1;1,5667;3,6667
2;06/08/2023;12:00;CZECH REPUBLIC;DIVISION E - ROUND 1;Vsechovice;Bzenec;27;30;28;30;0,9;0,9333;1,8333;2,2;2,0;4,2
3;06/08/2023;20:00;USA;MLS NEXT PRO;Huntsville;Cincinnati 2;17;19;28;30;0,8947;0,9333;1,828;1,8421;1,7667;3,6088
4;06/08/2023;06:00;UKRAINE;CHAMPIONSHIP WOMEN - ROUND 1;Veres-Rivne W;Dyn. Kyiv W;21;22;18;21;0,9545;0,8571;1,8116;2,2727;1,7143;3,987
5;06/08/2023;12:00;BELARUS;PERSHAYA LIGA - ROUND 17;Orsha;Niva Dolbizno;26;30;17;18;0,8667;0,9444;1,8111;1,9333;1,8889;3,8222
6;06/08/2023;12:00;CZECH REPUBLIC;ZLINSKY KP - ROUND 1;Francova Lhota;Borsice;24;26;26;30;0,9231;0,8667;1,7898;2,1154;2,0;4,1154
7;06/08/2023;09:00;GERMANY;OBERLIGA HAMBURG - ROUND 2;Niendorfer TSV;Wandsbeker Concordia;26;30;27;30;0,8667;0,9;1,7667;1,6;1,8333;3,4333
8;06/08/2023;12:00;CZECH REPUBLIC;DIVISION C - ROUND 1;Hlinsko;Spoje Prague;27;30;26;30;0,9;0,8667;1,7667;1,8667;1,7333;3,6
9;06/08/2023;12:00;AUSTRIA;BUNDESLIGA - ROUND 2;BW Linz;Hartberg;27;30;26;30;0,9;0,8667;1,7667;1,7667;1,5;3,2667
10;06/08/2023;15:30;SLOVAKIA;NIKE LIGA - ROUND 2;Podbrezova;Zilina;28;30;25;30;0,9333;0,8333;1,7666;1,8333;1,2667;3,1
11;06/08/2023;12:00;BELARUS;VYSSHAYA LIGA WOMEN - ROUND 21;Belarus U19 W;Dynamo Brest W;25;30;28;30;0,8333;0,9333;1,7666;2,2667;2,3667;4,6334
12;06/08/2023;10:00;GERMANY;OBERLIGA NIEDERSACHSEN - ROUND 1;VfL Oldenburg;Bornreihe;25;30;22;24;0,8333;0,9167;1,75;1,7667;2,0833;3,85
13;06/08/2023;13:00;NORWAY;DIVISION 3 - GROUP 6 - ROUND 14;HIF Stein;Sarpsborg 08 2;15;17;26;30;0,8824;0,8667;1,7491;2,0;1,9667;3,9667
14;06/08/2023;12:00;CZECH REPUBLIC;OLOMOUCKY KP - ROUND 1;Medlov;Zelatovice;26;30;26;30;0,8667;0,8667;1,7334;1,5333;1,5333;3,0666
15;06/08/2023;02:00;AUSTRALIA;NPL ACT - ROUND 17;Gungahlin;Canberra Olympic;27;30;25;30;0,9;0,8333;1,7333;2,0;1,7667;3,7667
16;06/08/2023;12:00;CZECH REPUBLIC;DIVISION 2 - ROUND 4;Dukla Prague;Varnsdorf;25;30;27;30;0,8333;0,9;1,7333;1,8333;1,7333;3,5666
17;06/08/2023;09:00;SWEDEN;DIVISION 2 - NORRA SVEALAND - ROUND 15;Sandvikens AIK;Kungsangen;27;30;25;30;0,9;0,8333;1,7333;1,3667;1,3333;2,7
18;06/08/2023;05:00;UKRAINE;CHAMPIONSHIP WOMEN - ROUND 1;Dnipro-1 W;Panthers FC Uman W;20;22;24;30;0,9091;0,8;1,7091;2,3636;1,6667;4,0303
19;06/08/2023;09:00;BELARUS;VYSSHAYA LIGA WOMEN - ROUND 21;Zorka-BDU W;FC Gomel W;24;30;27;30;0,8;0,9;1,7;2,1333;3,2;5,3333
20;06/08/2023;12:00;NORWAY;ELITESERIEN - ROUND 17;Ham-Kam;Brann;22;30;29;30;0,7333;0,9667;1,7;1,3333;1,8333;3,1666
21;06/08/2023;07:00;LATVIA;1. LIGA - ROUND 14;Dinamo Riga;Grobina;24;30;27;30;0,8;0,9;1,7;1,7333;1,9;3,6333
22;06/08/2023;20:00;COSTA RICA;PRIMERA DIVISION - APERTURA - ROUND 3;Saprissa;Herediano;23;30;28;30;0,7667;0,9333;1,7;1,5;1,4667;2,9667
23;06/08/2023;01:30;AUSTRALIA;NPL NORTHERN NSW - ROUND 21;Lake Macquarie;Valentine;28;30;23;30;0,9333;0,7667;1,7;2,3;1,5;3,8
24;06/08/2023;11:00;NORWAY;DIVISION 3 - GROUP 5 - ROUND 14;Bodo/Glimt 2;Mosjoen;26;30;15;18;0,8667;0,8333;1,7;1,9333;1,9444;3,8777
25;06/08/2023;12:00;POLAND;III LIGA - GROUP III - ROUND 1;Unia Turza Slaska;Gornik Zabrze 2;27;30;24;30;0,9;0,8;1,7;1,7;1,6;3,3
26;06/08/2023;06:00;ROMANIA;LIGA 2 - ROUND 1;Corvinul Hunedoara;Ceahlaul;24;30;27;30;0,8;0,9;1,7;1,8;1,4333;3,2333
27;06/08/2023;11:30;SLOVAKIA;4. LIGA - EAST - ROUND 3;Mladost Kalsa;Velky Saris;24;30;27;30;0,8;0,9;1,7;2,0;1,6667;3,6667
28;06/08/2023;18:00;COSTA RICA;LIGA DE ASCENSO - APERTURA - ROUND 2;CS Uruguay;Consultants Desamparados;25;30;26;30;0,8333;0,8667;1,7;1,4667;1,5333;3,0
29;06/08/2023;07:00;GERMANY;OBERLIGA NOFV-NORD - ROUND 2;TuS Makkabi Berlin;Furstenwalde;27;30;23;30;0,9;0,7667;1,6667;1,6667;1,5333;3,2
30;06/08/2023;12:00;CZECH REPUBLIC;KRALOVEHRADECKY KP - ROUND 1;Libcany;Tyniste n. Orl.;24;30;26;30;0,8;0,8667;1,6667;1,1333;1,4;2,5333
31;06/08/2023;12:00;CZECH REPUBLIC;KRALOVEHRADECKY KP - ROUND 1;Jaromer;Trebes;24;30;26;30;0,8;0,8667;1,6667;1,9667;1,7;3,6667
32;06/08/2023;09:00;CZECH REPUBLIC;KRALOVEHRADECKY KP - ROUND 1;Rychnov n. Kneznou;Cerveny Kostelec;24;30;26;30;0,8;0,8667;1,6667;1,7;1,6333;3,3333
33;06/08/2023;11:00;WORLD;CLUB FRIENDLY;Muaither SC (Qat);Kazma SC (Kuw);23;30;27;30;0,7667;0,9;1,6667;1,4;1,7333;3,1333
34;06/08/2023;05:15;CZECH REPUBLIC;DIVISION B - ROUND 1;Meteor Prague;Brandys n. Labem;26;30;24;30;0,8667;0,8;1,6667;1,8667;1,8333;3,7
35;06/08/2023;12:00;CZECH REPUBLIC;KRALOVEHRADECKY KP - ROUND 1;Solnice;Lazne Belohrad;26;30;24;30;0,8667;0,8;1,6667;1,8;1,3667;3,1667
36;06/08/2023;10:00;GERMANY;REGIONALLIGA NORTH - ROUND 2;VfB Oldenburg;Kilia Kiel;24;30;26;30;0,8;0,8667;1,6667;1,5;1,9667;3,4667
37;06/08/2023;22:00;MEXICO;LIGA MX WOMEN - APERTURA - ROUND 4;Mazatlan FC W;Club Leon W;24;30;26;30;0,8;0,8667;1,6667;1,7333;1,5667;3,3
38;06/08/2023;12:00;SWEDEN;SUPERETTAN - ROUND 17;GAIS;Sundsvall;24;30;26;30;0,8;0,8667;1,6667;1,0;1,6;2,6
39;06/08/2023;11:00;AUSTRIA;REGIONALLIGA WEST - ROUND 2;Altach U21;Kufstein;26;30;24;30;0,8667;0,8;1,6667;2,0;1,5;3,5
40;06/08/2023;08:00;SWEDEN;DIVISION 2 - NORRA GÖTALAND - ROUND 15;Lidkoping;Vanersborgs FK;24;30;26;30;0,8;0,8667;1,6667;1,6;1,5333;3,1333
41;06/08/2023;08:30;GERMANY;2. BUNDESLIGA - ROUND 2;Karlsruher SC;Hamburger SV;22;30;28;30;0,7333;0,9333;1,6666;1,7667;2,0;3,7667
42;06/08/2023;11:00;SWEDEN;DIVISION 1 - SÖDRA - ROUND 16;Ljungskile;Falkenberg;22;30;28;30;0,7333;0,9333;1,6666;1,4667;1,6667;3,1334
43;06/08/2023;11:30;HUNGARY;HUNGARIAN CUP - 1/128-FINALS;Mori SE;Dorogi;28;30;22;30;0,9333;0,7333;1,6666;1,5333;1,1667;2,7
44;06/08/2023;12:30;PERU;LIGA WOMEN - CHAMPIONSHIP GROUP - ROUND 5;U. de Deportes W;Dep. Municipal W;26;30;21;27;0,8667;0,7778;1,6445;1,9667;1,7037;3,6704
45;06/08/2023;10:00;GERMANY;OBERLIGA NIEDERSACHSEN - ROUND 1;Vorsfelde;Rotenburger;23;30;26;30;0,7667;0,8667;1,6334;1,3667;1,4;2,7667
46;06/08/2023;12:00;WORLD;CLUB FRIENDLY;Dortmund (Ger);Ajax (Ned);26;30;23;30;0,8667;0,7667;1,6334;1,9;1,4333;3,3333
47;06/08/2023;13:00;SWEDEN;DIVISION 2 - SÖDRA SVEALAND - ROUND 15;Assyriska FF;Huddinge;20;30;29;30;0,6667;0,9667;1,6334;1,3667;1,8667;3,2334
48;06/08/2023;09:00;GERMANY;OBERLIGA SCHLESWIG-HOLSTEIN - ROUND 2;VfR Neumunster;Eichede;26;30;23;30;0,8667;0,7667;1,6334;1,8333;0,9333;2,7666
49;06/08/2023;11:30;CZECH REPUBLIC;DIVISION D - ROUND 1;Slavoj Polna;Velka Bites;26;30;23;30;0,8667;0,7667;1,6334;1,8667;1,5;3,3667
50;06/08/2023;10:00;GERMANY;OBERLIGA HAMBURG - ROUND 2;Tornesch;Dassendorf;26;30;23;30;0,8667;0,7667;1,6334;1,7667;1,6;3,3667
51;06/08/2023;02:00;AUSTRALIA;NPL NSW - ROUND 27;Central Coast U21;Rockdale Ilinden;23;30;26;30;0,7667;0,8667;1,6334;1,3;1,9333;3,2333
52;06/08/2023;12:00;CZECH REPUBLIC;CFL - GROUP B - ROUND 1;Brozany;FK Ceska Lipa;26;30;23;30;0,8667;0,7667;1,6334;1,2333;1,4333;2,6666
53;06/08/2023;12:00;SLOVAKIA;3. LIGA - EAST - ROUND 1;Rimavska Sobota;Kalinovo;23;30;26;30;0,7667;0,8667;1,6334;1,8333;2,0333;3,8666
54;06/08/2023;09:00;WORLD;CLUB FRIENDLY WOMEN;Eintracht Frankfurt W (Ger);1.FC Nurnberg W (Ger);26;30;23;30;0,8667;0,7667;1,6334;1,7333;1,6;3,3333
55;06/08/2023;13:00;NORWAY;DIVISION 3 - GROUP 4 - ROUND 14;Start 2;Eik-Tonsberg;25;30;24;30;0,8333;0,8;1,6333;2,1;1,6667;3,7667
56;06/08/2023;12:00;CZECH REPUBLIC;CFL - GROUP A - ROUND 1;Povltavska FA;Pisek;24;30;25;30;0,8;0,8333;1,6333;1,7667;1,8667;3,6334
57;06/08/2023;20:00;MEXICO;LIGA MX WOMEN - APERTURA - ROUND 4;Necaxa W;Puebla W;25;30;24;30;0,8333;0,8;1,6333;1,4333;1,3333;2,7666
58;06/08/2023;12:00;CZECH REPUBLIC;DIVISION D - ROUND 1;Zdirec n. D.;Velke Mezirici;24;30;25;30;0,8;0,8333;1,6333;1,4667;1,5667;3,0334
59;06/08/2023;12:00;CZECH REPUBLIC;ZLINSKY KP - ROUND 1;Nevsova;Luhacovice;25;30;24;30;0,8333;0,8;1,6333;2,2;1,3667;3,5667
60;06/08/2023;12:00;LATVIA;OPTIBET VIRSLIGA - ROUND 25;Super Nova;Riga FC;27;30;22;30;0,9;0,7333;1,6333;1,9;1,3333;3,2333
61;06/08/2023;11:00;BELGIUM;JUPILER PRO LEAGUE - ROUND 2;KV Mechelen;Gent;25;30;24;30;0,8333;0,8;1,6333;1,5667;1,6333;3,2
62;06/08/2023;12:00;CZECH REPUBLIC;MSFL - ROUND 1;Znojmo;Slovacko B;24;30;25;30;0,8;0,8333;1,6333;1,3333;1,6;2,9333
63;06/08/2023;08:00;SWEDEN;DIVISION 2 - VÄSTRA GÖTALAND - ROUND 15;Husqvarna;BK Astrio;25;30;24;30;0,8333;0,8;1,6333;1,3667;1,4333;2,8
64;06/08/2023;10:00;NORWAY;DIVISION 3 - GROUP 4 - ROUND 14;Vindbjart;Mjondalen 2;24;30;25;30;0,8;0,8333;1,6333;1,8333;1,8667;3,7
65;06/08/2023;09:00;SWITZERLAND;1.LIGA CLASSIC GROUP 2;Concordia;Wohlen;28;30;21;30;0,9333;0,7;1,6333;1,8333;1,5333;3,3666
66;06/08/2023;05:15;CZECH REPUBLIC;CFL - GROUP B - ROUND 1;Liberec B;Velvary;25;30;24;30;0,8333;0,8;1,6333;1,8333;1,3667;3,2
67;06/08/2023;12:00;CZECH REPUBLIC;DIVISION F - ROUND 1;Frenstat p. R.;Krnov;24;30;25;30;0,8;0,8333;1,6333;1,7;1,5667;3,2667
68;06/08/2023;12:30;SERBIA;PRVA LIGA - ROUND 1;Radnicki Beograd;Dubocica;23;30;25;29;0,7667;0,8621;1,6288;1,2;1,4483;2,6483
69;06/08/2023;12:30;PERU;LIGA WOMEN - CHAMPIONSHIP GROUP - ROUND 5;Carlos Mannucci W;Sporting Cristal W;24;29;24;30;0,8276;0,8;1,6276;1,6897;1,3667;3,0564
70;06/08/2023;12:00;SLOVAKIA;4. LIGA - WEST - ROUND 1;Imel;Pata;23;30;25;30;0,7667;0,8333;1,6;1,4333;1,4333;2,8666
71;06/08/2023;05:30;CZECH REPUBLIC;DIVISION A - ROUND 1;Domazlice B;Sobeslav;25;30;23;30;0,8333;0,7667;1,6;1,5;1,5667;3,0667
72;06/08/2023;12:00;SLOVAKIA;3. LIGA - WEST - ROUND 1;Dubnica;Malacky;24;30;24;30;0,8;0,8;1,6;1,6333;1,4667;3,1
73;06/08/2023;06:30;MYANMAR;NATIONAL LEAGUE - ROUND 15;Chinland;Hantharwady Utd;28;30;20;30;0,9333;0,6667;1,6;2,2;1,0667;3,2667
74;06/08/2023;05:15;CZECH REPUBLIC;CFL - GROUP A - ROUND 1;Admira Prague;Slavia Prague B;24;30;24;30;0,8;0,8;1,6;1,2667;1,7;2,9667
75;06/08/2023;21:00;NICARAGUA;LIGA PRIMERA - APERTURA - ROUND 2;Diriangen;Ocotal;24;30;24;30;0,8;0,8;1,6;1,2333;1,5667;2,8
76;06/08/2023;11:30;SWITZERLAND;SUPER LEAGUE - ROUND 3;Grasshoppers;Basel;24;30;24;30;0,8;0,8;1,6;1,4333;1,5;2,9333
77;06/08/2023;11:30;HUNGARY;HUNGARIAN CUP - 1/128-FINALS;Monori;Karcagi;25;30;23;30;0,8333;0,7667;1,6;1,5;1,2667;2,7667
78;06/08/2023;05:15;CZECH REPUBLIC;CFL - GROUP B - ROUND 1;Mlada Boleslav B;Zapy;25;30;23;30;0,8333;0,7667;1,6;1,4;1,5333;2,9333
79;06/08/2023;09:30;GERMANY;OBERLIGA BADEN-WÜRTTEMBERG - ROUND 1;Offenburger FV;Bietigheim-Bissingen;23;30;25;30;0,7667;0,8333;1,6;1,2333;1,8667;3,1
80;06/08/2023;09:00;SWEDEN;DIVISION 1 - NORRA - ROUND 16;Boden;United Nordic;24;30;24;30;0,8;0,8;1,6;1,6667;1,4;3,0667
81;06/08/2023;10:00;NORWAY;OBOS-LIGAEN - ROUND 16;Bryne;Ranheim;23;30;25;30;0,7667;0,8333;1,6;1,3667;1,6333;3,0
82;06/08/2023;13:00;RUSSIA;FNL 2 - DIVISION A GOLD - FALL SEASON - ROUND 4;Krasnodar 2;Murom;22;30;26;30;0,7333;0,8667;1,6;1,2;1,4333;2,6333
83;06/08/2023;12:30;SLOVAKIA;4. LIGA - BRATISLAVA - ROUND 1;D. Luzna;Ivanka pri Dunaji;22;30;26;30;0,7333;0,8667;1,6;1,4;1,6;3,0
84;06/08/2023;12:00;CZECH REPUBLIC;DIVISION C - ROUND 1;Benatky n. Jiz.;Dobrovice;26;30;22;30;0,8667;0,7333;1,6;1,3667;1,4333;2,8
85;06/08/2023;11:30;SLOVAKIA;4. LIGA - EAST - ROUND 3;FK Cana;Sobrance-Sobranecko;25;30;23;30;0,8333;0,7667;1,6;1,6333;1,4;3,0333
86;06/08/2023;10:00;NORWAY;OBOS-LIGAEN - ROUND 16;KFUM Oslo;Asane;25;30;23;30;0,8333;0,7667;1,6;1,3;1,4667;2,7667
87;06/08/2023;10:00;SWEDEN;ALLSVENSKAN - ROUND 18;Elfsborg;Sirius;23;30;25;30;0,7667;0,8333;1,6;1,2;1,5;2,7
88;06/08/2023;11:30;SLOVAKIA;4. LIGA - EAST - ROUND 3;Kechnec;Rudnany;24;30;24;30;0,8;0,8;1,6;1,7667;1,6;3,3667
89;06/08/2023;12:00;CZECH REPUBLIC;OLOMOUCKY KP - ROUND 1;Brodek u Prerova;Velke Losiny;22;30;26;30;0,7333;0,8667;1,6;1,5;1,8333;3,3333
90;06/08/2023;10:00;RUSSIA;FNL 2 - DIVISION B - GROUP 2 - ROUND 3;Vladimir;Yenisey 2;23;30;25;30;0,7667;0,8333;1,6;1,5667;1,6333;3,2
91;06/08/2023;11:30;SLOVAKIA;4. LIGA - EAST - ROUND 3;Sokol Lubotice;Pavlovce n. Uhom;25;30;23;30;0,8333;0,7667;1,6;2,0;1,5333;3,5333
92;06/08/2023;12:00;CZECH REPUBLIC;OLOMOUCKY KP - ROUND 1;Dolany;Zabreh;23;30;25;30;0,7667;0,8333;1,6;1,4;1,6667;3,0667
93;06/08/2023;12:00;ENGLAND;FA COMMUNITY SHIELD - FINAL;Manchester City;Arsenal;24;30;24;30;0,8;0,8;1,6;1,4667;1,7;3,1667
94;06/08/2023;00:00;AUSTRALIA;NPL NSW - ROUND 27;WS Wanderers U21;Sydney FC U21;25;30;23;30;0,8333;0,7667;1,6;1,6667;1,4;3,0667
95;06/08/2023;08:00;BELARUS;VYSSHAYA LIGA RESERVE - ROUND 16;Belshina 2;Smorgon 2;19;30;29;30;0,6333;0,9667;1,6;1,1;1,9;3,0
96;06/08/2023;10:30;NORWAY;DIVISION 2 - GROUP 2 - ROUND 14;Levanger;Junkeren;21;30;26;30;0,7;0,8667;1,5667;1,5333;1,9667;3,5
97;06/08/2023;05:30;SLOVAKIA;2. LIGA - ROUND 2;Samorin;Puchov;23;30;24;30;0,7667;0,8;1,5667;1,4667;1,4;2,8667
98;06/08/2023;12:30;RUSSIA;FNL - ROUND 4;Kuban;Volgar-Astrakhan;23;30;24;30;0,7667;0,8;1,5667;1,0333;1,3667;2,4
99;06/08/2023;09:00;GERMANY;OBERLIGA RHEINLAND-PFALZ/SAAR - ROUND 3;Kaiserslautern II;Morlautern;24;30;23;30;0,8;0,7667;1,5667;1,7;1,5;3,2
100;06/08/2023;12:00;CZECH REPUBLIC;DIVISION D - ROUND 1;Pelhrimov;Humpolec;24;30;23;30;0,8;0,7667;1,5667;1,6333;1,4667;3,1
101;06/08/2023;10:00;CZECH REPUBLIC;FORTUNA:LIGA - ROUND 3;Liberec;Bohemians;24;30;23;30;0,8;0,7667;1,5667;1,4667;1,2333;2,7
102;06/08/2023;12:00;SLOVAKIA;4. LIGA - WEST - ROUND 1;FK TJ Lokomotiva Kozarovce;Boleraz;24;30;23;30;0,8;0,7667;1,5667;2,0667;1,6;3,6667
103;06/08/2023;12:00;AUSTRIA;REGIONALLIGA WEST - TYROL - ROUND 2;SV Worgl;Tirol (Am);24;30;23;30;0,8;0,7667;1,5667;1,4333;1,4667;2,9
104;06/08/2023;10:00;FINLAND;KAKKONEN GROUP C;Narpes Kraft;TP-47;24;30;23;30;0,8;0,7667;1,5667;1,3333;1,3333;2,6666
105;06/08/2023;05:30;CZECH REPUBLIC;CFL - GROUP A - ROUND 1;Plzen B;Motorlet Prague;23;30;24;30;0,7667;0,8;1,5667;1,5;1,5333;3,0333
106;06/08/2023;12:00;CZECH REPUBLIC;ZLINSKY KP - ROUND 1;Napajedla;Stitna nad Vlari;23;30;24;30;0,7667;0,8;1,5667;1,4667;1,6333;3,1
107;06/08/2023;20:30;BOLIVIA;DIVISION PROFESIONAL - ROUND 22;Wilstermann;Always Ready;23;30;24;30;0,7667;0,8;1,5667;1,4;1,5333;2,9333
108;06/08/2023;05:15;CZECH REPUBLIC;MSFL - ROUND 1;Ostrava B;Karvina B;23;30;24;30;0,7667;0,8;1,5667;2,0;1,7;3,7
109;06/08/2023;12:00;CZECH REPUBLIC;OLOMOUCKY KP - ROUND 1;Konice;Bohunovice;21;30;26;30;0,7;0,8667;1,5667;1,4333;1,5;2,9333
110;06/08/2023;05:30;SLOVAKIA;2. LIGA - ROUND 2;Slovan Bratislava B;Petrzalka;23;30;24;30;0,7667;0,8;1,5667;1,5333;1,4667;3,0
111;06/08/2023;12:00;CZECH REPUBLIC;DIVISION C - ROUND 1;Turnov;Usti nad Orlici;26;30;21;30;0,8667;0,7;1,5667;2,0333;1,4667;3,5
112;06/08/2023;15:00;WORLD;CLUB FRIENDLY WOMEN;Atl. Madrid W (Esp);AS Roma W (Ita);21;30;26;30;0,7;0,8667;1,5667;1,0;1,8667;2,8667
113;06/08/2023;12:00;SLOVAKIA;3. LIGA - EAST - ROUND 1;Snina;MSK Lucenec;27;30;20;30;0,9;0,6667;1,5667;1,6667;1,0;2,6667
114;06/08/2023;18:30;CHILE;PRIMERA B - ROUND 21;Deportes Temuco;S. Morning;22;30;25;30;0,7333;0,8333;1,5666;1,0333;1,3667;2,4
115;06/08/2023;10:00;GERMANY;OBERLIGA BAYERN SÜD - ROUND 4;Turkspor Augsburg;Kottern-St. Mang;25;30;22;30;0,8333;0,7333;1,5666;1,3;1,1667;2,4667
116;06/08/2023;12:00;CZECH REPUBLIC;DIVISION D - ROUND 1;Tasovice;Lisen B;25;30;22;30;0,8333;0,7333;1,5666;1,7;1,6333;3,3333
117;06/08/2023;12:00;CZECH REPUBLIC;DIVISION C - ROUND 1;Caslav;Trutnov;22;30;25;30;0,7333;0,8333;1,5666;1,6667;2,0;3,6667
118;06/08/2023;11:30;SLOVAKIA;4. LIGA - EAST - ROUND 3;Medzilaborce;Gerlachov;25;30;22;30;0,8333;0,7333;1,5666;1,9333;1,6333;3,5666
119;06/08/2023;05:15;CZECH REPUBLIC;ZLINSKY KP - ROUND 1;Brumov;Slusovice;22;30;25;30;0,7333;0,8333;1,5666;1,7333;1,8667;3,6
120;06/08/2023;08:00;GERMANY;REGIONALLIGA NORDOST - ROUND 2;Altglienicke;BFC Dynamo;22;30;25;30;0,7333;0,8333;1,5666;1,5;1,6;3,1
121;06/08/2023;21:00;USA;MLS NEXT PRO;LA Galaxy 2;San Jose Earthquakes II;25;30;22;30;0,8333;0,7333;1,5666;1,5;1,3667;2,8667
122;06/08/2023;11:00;GERMANY;OBERLIGA HESSEN - ROUND 2;SV Steinbach;Baunatal;25;30;22;30;0,8333;0,7333;1,5666;1,6;1,2667;2,8667
123;06/08/2023;07:30;UKRAINE;DRUHA LIGA - ROUND 1;Trostyanets;MFC Metalurh 2;14;23;17;18;0,6087;0,9444;1,5531;1,0435;1,7778;2,8213
124;06/08/2023;12:00;RUSSIA;FNL - ROUND 4;Neftekhimik;Chernomorets Novorossijsk;23;30;23;30;0,7667;0,7667;1,5334;1,3;1,4333;2,7333
125;06/08/2023;11:00;SWEDEN;DIVISION 2 - SÖDRA SVEALAND - ROUND 15;Mjolby AI FF;Smedby;23;30;23;30;0,7667;0,7667;1,5334;1,3333;1,3;2,6333
126;06/08/2023;12:00;AUSTRIA;BUNDESLIGA - ROUND 2;A. Lustenau;Austria Vienna;23;30;23;30;0,7667;0,7667;1,5334;1,6333;1,4;3,0333
127;06/08/2023;11:00;SCOTLAND;PREMIERSHIP - ROUND 1;Hibernian;St. Mirren;26;30;20;30;0,8667;0,6667;1,5334;1,6;1,2667;2,8667
128;06/08/2023;12:30;SLOVAKIA;4. LIGA - BRATISLAVA - ROUND 1;Rovinka;I. Bratislava;26;30;20;30;0,8667;0,6667;1,5334;1,6;1,3;2,9
129;06/08/2023;11:00;CZECH REPUBLIC;DIVISION A - ROUND 1;Jindrichuv Hradec;Pribram B;23;30;23;30;0,7667;0,7667;1,5334;1,8333;1,7333;3,5666
130;06/08/2023;11:00;SWITZERLAND;1.LIGA CLASSIC GROUP 3;Mendrisio;Uzwil;21;30;25;30;0,7;0,8333;1,5333;1,3333;1,6667;3,0
131;06/08/2023;08:00;SWEDEN;DIVISION 1 - NORRA - ROUND 16;Dalkurd;Umea FC;21;30;25;30;0,7;0,8333;1,5333;1,1333;1,4667;2,6
132;06/08/2023;07:00;NORWAY;DIVISION 3 - GROUP 6 - ROUND 14;Skjervoy;Lorenskog;21;30;25;30;0,7;0,8333;1,5333;1,7333;1,8333;3,5666
133;06/08/2023;11:00;NORWAY;DIVISION 2 - GROUP 2 - ROUND 14;Ull/Kisa;Tromsdalen;22;30;24;30;0,7333;0,8;1,5333;1,2667;1,3333;2,6
134;06/08/2023;10:30;GERMANY;OBERLIGA RHEINLAND-PFALZ/SAAR - ROUND 3;RW Koblenz;Waldalgesheim;22;30;24;30;0,7333;0,8;1,5333;1,3;1,5333;2,8333
135;06/08/2023;12:00;CZECH REPUBLIC;MORAVSKOSLEZSKY KP - ROUND 1;Jakubcovice;Moravan Oldrisov;24;30;22;30;0,8;0,7333;1,5333;1,8333;1,5333;3,3666
136;06/08/2023;18:00;NICARAGUA;LIGA PRIMERA - APERTURA - ROUND 2;Sport Sebaco;Masachapa;22;30;24;30;0,7333;0,8;1,5333;1,1667;1,5667;2,7334
137;06/08/2023;12:00;CZECH REPUBLIC;MORAVSKOSLEZSKY KP - ROUND 1;Dolni Benesov;Kravare;24;30;22;30;0,8;0,7333;1,5333;1,8;1,5333;3,3333
138;06/08/2023;12:00;CZECH REPUBLIC;DIVISION F - ROUND 1;Bruntal;Vitkovice;24;30;22;30;0,8;0,7333;1,5333;1,6333;1,6;3,2333
139;06/08/2023;11:00;POLAND;III LIGA - GROUP I - ROUND 1;Sulejowek;Pilica Bialobrzegi;25;30;21;30;0,8333;0,7;1,5333;1,5667;1,5;3,0667
140;06/08/2023;09:30;SWITZERLAND;1.LIGA CLASSIC GROUP 3;Winterthur II;Linth;22;30;24;30;0,7333;0,8;1,5333;1,6;1,5;3,1
141;06/08/2023;09:00;UKRAINE;PREMIER LEAGUE - ROUND 2;Dnipro-1;Zhytomyr;19;30;27;30;0,6333;0,9;1,5333;1,3333;1,5333;2,8666
142;06/08/2023;10:00;RUSSIA;FNL 2 - DIVISION B - GROUP 3 - ROUND 3;Kaluga;Kvant;21;30;25;30;0,7;0,8333;1,5333;1,2667;1,5333;2,8
143;06/08/2023;11:00;LUXEMBOURG;NATIONAL DIVISION - ROUND 1;Kaerjeng;Mondercange;25;30;21;30;0,8333;0,7;1,5333;1,7;1,3333;3,0333
144;06/08/2023;13:00;ENGLAND;CHAMPIONSHIP - ROUND 1;Sunderland;Ipswich;22;30;24;30;0,7333;0,8;1,5333;1,3333;1,4333;2,7666
145;06/08/2023;12:30;SWEDEN;DIVISION 2 - NORRA GÖTALAND - ROUND 15;FBK Karlstad;Herrestads AIF;25;30;21;30;0,8333;0,7;1,5333;1,9;1,4667;3,3667
146;06/08/2023;08:30;GERMANY;2. BUNDESLIGA - ROUND 2;Nurnberg;Hannover;21;30;25;30;0,7;0,8333;1,5333;1,0667;1,7;2,7667
147;06/08/2023;09:15;SWITZERLAND;CHALLENGE LEAGUE - ROUND 3;Aarau;Xamax;25;30;21;30;0,8333;0,7;1,5333;1,5333;1,4333;2,9666
148;06/08/2023;09:00;GERMANY;REGIONALLIGA NORTH - ROUND 2;Eimsbutteler;St. Pauli II;25;30;21;30;0,8333;0,7;1,5333;1,5333;1,2333;2,7666
149;06/08/2023;11:00;LUXEMBOURG;NATIONAL DIVISION - ROUND 1;Dudelange;Wiltz;24;30;22;30;0,8;0,7333;1,5333;1,9333;1,5333;3,4666
150;06/08/2023;11:00;RUSSIA;FNL 2 - DIVISION B - GROUP 1 - ROUND 4;Mashuk;Alania 2;22;30;24;30;0,7333;0,8;1,5333;1,2667;1,5;2,7667
151;06/08/2023;05:45;GERMANY;OBERLIGA HAMBURG - ROUND 2;Paloma;Altona;24;30;22;30;0,8;0,7333;1,5333;1,8333;1,2333;3,0666
152;06/08/2023;11:00;SWEDEN;DIVISION 2 - NORRA SVEALAND - ROUND 15;Enskede;FC Arlanda;22;30;24;30;0,7333;0,8;1,5333;1,3;1,6333;2,9333
153;06/08/2023;10:00;GERMANY;OBERLIGA HAMBURG - ROUND 2;Sasel;Harksheide;25;30;21;30;0,8333;0,7;1,5333;1,6333;1,0667;2,7
154;06/08/2023;07:00;BELARUS;VYSSHAYA LIGA RESERVE - ROUND 16;Slutsk 2;Energetik-BGU 2;21;30;25;30;0,7;0,8333;1,5333;1,5;1,8667;3,3667
155;06/08/2023;14:30;GERMANY;3. LIGA - ROUND 1;Aue;Ingolstadt;24;30;22;30;0,8;0,7333;1,5333;1,4;1,5667;2,9667
156;06/08/2023;09:00;GERMANY;REGIONALLIGA NORTH - ROUND 2;Norderstedt;Spelle-Venhaus;22;30;24;30;0,7333;0,8;1,5333;1,3333;1,5333;2,8666
157;06/08/2023;10:00;CZECH REPUBLIC;FORTUNA:LIGA - ROUND 3;Teplice;Jablonec;24;30;22;30;0,8;0,7333;1,5333;1,2333;1,1333;2,3666
158;06/08/2023;09:00;CZECH REPUBLIC;DIVISION B - ROUND 1;Admira Prague B;Olympie Brezova;21;30;25;30;0,7;0,8333;1,5333;1,2667;1,8;3,0667
159;06/08/2023;05:30;CZECH REPUBLIC;DIVISION 2 - ROUND 4;Sparta Prague B;Chrudim;24;30;22;30;0,8;0,7333;1,5333;1,2;1,2333;2,4333
160;06/08/2023;00:00;USA;USL CHAMPIONSHIP;Phoenix Rising;San Antonio;22;30;24;30;0,7333;0,8;1,5333;1,3667;1,4667;2,8334
161;06/08/2023;09:00;WORLD;CLUB FRIENDLY;Siegen (Ger);Fortuna Koln II (Ger);22;30;24;30;0,7333;0,8;1,5333;1,3667;1,6333;3,0
162;06/08/2023;09:30;WORLD;CLUB FRIENDLY WOMEN;Glasgow City W (Sco);Sunderland W (Eng);25;30;21;30;0,8333;0,7;1,5333;1,7667;1,2;2,9667
163;06/08/2023;12:00;UZBEKISTAN;SUPER LEAGUE - ROUND 15;Bunyodkor;OKMK;25;30;21;30;0,8333;0,7;1,5333;1,3;1,1;2,4
164;06/08/2023;10:00;ARMENIA;FIRST LEAGUE - ROUND 2;Syunik;Alashkert 2;20;30;25;30;0,6667;0,8333;1,5;1,1667;1,8;2,9667
165;06/08/2023;10:00;UKRAINE;PERSHA LIGA - ROUND 2;Viktoria;MFC Metalurh;25;30;20;30;0,8333;0,6667;1,5;1,2333;1,1667;2,4
166;06/08/2023;12:15;ROMANIA;LIGA 1 - ROUND 4;Petrolul;Farul Constanta;23;30;22;30;0,7667;0,7333;1,5;1,3667;1,3667;2,7334
167;06/08/2023;00:10;MEXICO;LIGA MX WOMEN - APERTURA - ROUND 4;Guadalajara Chivas W;U.A.N.L.- Tigres W;22;30;23;30;0,7333;0,7667;1,5;1,2;1,5667;2,7667
168;06/08/2023;12:00;AUSTRIA;REGIONALLIGA WEST - ROUND 2;Wolfurt;Reichenau;22;30;23;30;0,7333;0,7667;1,5;1,4;1,4667;2,8667
169;06/08/2023;13:30;CHILE;PRIMERA DIVISION - ROUND 20;Nublense;Cobresal;21;30;24;30;0,7;0,8;1,5;1,0;1,6;2,6
170;06/08/2023;10:00;BELARUS;VYSSHAYA LIGA - ROUND 16;Isloch;Din. Minsk;22;30;23;30;0,7333;0,7667;1,5;1,1667;1,4333;2,6
171;06/08/2023;12:00;SLOVAKIA;3. LIGA - WEST - ROUND 1;Velke Ludince;Jednota Banova;22;30;23;30;0,7333;0,7667;1,5;1,4;1,7;3,1
172;06/08/2023;05:00;RUSSIA;FNL 2 - DIVISION B - GROUP 4 - ROUND 4;Ural 2;Dynamo Barnaul;19;30;26;30;0,6333;0,8667;1,5;0,8667;1,4333;2,3
173;06/08/2023;13:00;CZECH REPUBLIC;FORTUNA:LIGA - ROUND 3;Slavia Prague;Zlin;23;30;22;30;0,7667;0,7333;1,5;1,3333;1,1667;2,5
174;06/08/2023;08:00;RUSSIA;FNL 2 - DIVISION B - GROUP 3 - ROUND 3;Znamya Noginsk;Penza;23;30;22;30;0,7667;0,7333;1,5;1,5667;1,6667;3,2334
175;06/08/2023;08:00;SLOVAKIA;3. LIGA - EAST - ROUND 1;Oravske Vesele;Spisske Podhradie;23;30;22;30;0,7667;0,7333;1,5;1,2667;1,5;2,7667
176;06/08/2023;13:00;POLAND;DIVISION 1 - ROUND 3;Odra Opole;Tychy;24;30;21;30;0,8;0,7;1,5;1,1;1,2667;2,3667
177;06/08/2023;07:00;JAPAN;J2 LEAGUE - ROUND 29;Iwata;Vegalta Sendai;22;30;23;30;0,7333;0,7667;1,5;1,2333;1,2667;2,5
178;06/08/2023;09:15;SWITZERLAND;SUPER LEAGUE - ROUND 3;Lausanne;Yverdon;23;30;22;30;0,7667;0,7333;1,5;1,3667;1,1667;2,5334
179;06/08/2023;13:30;BELGIUM;JUPILER PRO LEAGUE - ROUND 2;Westerlo;Club Brugge KV;24;30;21;30;0,8;0,7;1,5;1,5333;1,2333;2,7666
180;06/08/2023;12:00;WORLD;CLUB FRIENDLY;Newcastle (Eng);Villarreal (Esp);23;30;22;30;0,7667;0,7333;1,5;1,4667;1,3667;2,8334
181;06/08/2023;14:00;MOLDOVA;SUPER LIGA - ROUND 1;Petrocub;Sheriff Tiraspol;22;30;23;30;0,7333;0,7667;1,5;1,3;1,1;2,4
182;06/08/2023;11:00;FINLAND;SUOMEN CUP WOMEN - QUARTER-FINALS;PK-35 Vantaa W;HPS W;19;30;26;30;0,6333;0,8667;1,5;1,4667;1,5;2,9667
183;06/08/2023;09:00;WORLD;CLUB FRIENDLY;Nice (Fra);Fiorentina (Ita);24;30;21;30;0,8;0,7;1,5;1,3667;1,2667;2,6334
184;06/08/2023;12:00;CZECH REPUBLIC;DIVISION E - ROUND 1;Strani;FK Kozlovice;23;30;22;30;0,7667;0,7333;1,5;1,8;1,2333;3,0333
185;06/08/2023;10:00;WORLD;CLUB FRIENDLY;Boom (Bel);Heist (Bel);22;30;23;30;0,7333;0,7667;1,5;1,4667;1,4333;2,9
186;06/08/2023;12:00;SLOVAKIA;4. LIGA - WEST - ROUND 1;Trebatice;Blava Jaslovske Bohunice;21;30;24;30;0,7;0,8;1,5;1,1667;1,4333;2,6
187;06/08/2023;12:00;CZECH REPUBLIC;DIVISION F - ROUND 1;Sumperk;Havirov;22;30;23;30;0,7333;0,7667;1,5;1,3;1,5667;2,8667
188;06/08/2023;05:00;CHINA;YI LEAGUE - ROUND 14;Taian Tiankuang;Nantong Haimen;20;30;25;30;0,6667;0,8333;1,5;1,0;1,1333;2,1333
189;06/08/2023;11:00;ICELAND;BESTA DEILD KARLA - ROUND 18;Breidablik;KR Reykjavik;24;30;21;30;0,8;0,7;1,5;1,7;1,3333;3,0333
190;06/08/2023;14:15;NORWAY;ELITESERIEN - ROUND 17;Viking;Bodo/Glimt;21;30;24;30;0,7;0,8;1,5;1,3333;1,5333;2,8666
191;06/08/2023;14:00;WORLD;CLUB FRIENDLY;Apollon (Cyp);Paphos (Cyp);23;30;22;30;0,7667;0,7333;1,5;1,1;1,2333;2,3333
192;06/08/2023;09:00;WORLD;CLUB FRIENDLY;Concarneau (Fra);Vannes (Fra);21;30;24;30;0,7;0,8;1,5;1,3333;1,5333;2,8666
193;06/08/2023;12:00;CZECH REPUBLIC;MORAVSKOSLEZSKY KP - ROUND 1;Vresina;Cesky Tesin;20;30;25;30;0,6667;0,8333;1,5;1,3;1,4667;2,7667
194;06/08/2023;09:00;GERMANY;OBERLIGA NOFV-NORD - ROUND 2;Hertha Zehlendorf;Lichtenberg;23;30;22;30;0,7667;0,7333;1,5;1,3333;1,2667;2,6
195;06/08/2023;08:30;GERMANY;OBERLIGA NOFV-NORD - ROUND 2;Tasmania Berlin;Wismar;25;30;20;30;0,8333;0,6667;1,5;1,6;1,2667;2,8667
196;06/08/2023;12:00;WORLD;CLUB FRIENDLY;Reims (Fra);Torino (Ita);23;30;22;30;0,7667;0,7333;1,5;1,3333;0,9667;2,3
197;06/08/2023;13:30;CHILE;PRIMERA B - ROUND 21;Deportes Iquique;U. De Concepcion;22;30;23;30;0,7333;0,7667;1,5;1,3;1,0;2,3
198;06/08/2023;15:00;ARGENTINA;TORNEO FEDERAL - ROUND 25;Argentino MM;Biblioteca Atenas;19;30;18;21;0,6333;0,8571;1,4904;1,3;1,2857;2,5857
199;06/08/2023;07:00;UKRAINE;DRUHA LIGA - ROUND 1;Kremin 2;Chaika;14;17;20;30;0,8235;0,6667;1,4902;1,0588;1,2667;2,3255
200;06/08/2023;11:00;PARAGUAY;DIVISION INTERMEDIA - ROUND 20;Recoleta;Martin Ledesma;15;20;22;30;0,75;0,7333;1,4833;1,7;1,0333;2,7333
201;06/08/2023;08:00;SWEDEN;DIVISION 2 - SÖDRA GÖTALAND - ROUND 15;Rosengard;Simrishamn;18;30;15;17;0,6;0,8824;1,4824;1,2667;1,6471;2,9138
202;06/08/2023;03:00;JAPAN;J3 LEAGUE - ROUND 21;Nara Club;Giravanz Kitakyushu;20;28;23;30;0,7143;0,7667;1,481;1,1786;1,1667;2,3453
203;06/08/2023;13:00;DENMARK;SUPERLIGA - ROUND 3;Nordsjaelland;Brondby;23;30;21;30;0,7667;0,7;1,4667;1,3333;1,3667;2,7
204;06/08/2023;16:30;VENEZUELA;LIGA FUTVE 2 - CLAUSURA - ROUND 4;Academia Rey;Urena;23;30;21;30;0,7667;0,7;1,4667;1,1667;1,3667;2,5334
205;06/08/2023;09:00;DENMARK;SUPERLIGA - ROUND 3;Hvidovre IF;Aarhus;21;30;23;30;0,7;0,7667;1,4667;1,3333;1,3;2,6333
206;06/08/2023;12:00;NORWAY;ELITESERIEN - ROUND 17;Sandefjord;Sarpsborg 08;21;30;23;30;0,7;0,7667;1,4667;1,5333;2,0333;3,5666
207;06/08/2023;10:00;NORWAY;OBOS-LIGAEN - ROUND 16;Kongsvinger;Raufoss;23;30;21;30;0,7667;0,7;1,4667;1,1333;1,1667;2,3
208;06/08/2023;10:00;AZERBAIJAN;PREMIER LEAGUE - ROUND 1;Kapaz;Neftci Baku;23;30;21;30;0,7667;0,7;1,4667;1,1667;1,1333;2,3
209;06/08/2023;14:00;HUNGARY;MERKANTIL BANK LIGA - ROUND 2;Gyor;BVSC-Zuglo;20;30;24;30;0,6667;0,8;1,4667;1,0;1,3333;2,3333
210;06/08/2023;08:00;DENMARK;1ST DIVISION - ROUND 3;Naestved;Sonderjyske;24;30;20;30;0,8;0,6667;1,4667;1,5;1,4333;2,9333
211;06/08/2023;12:30;HUNGARY;MERKANTIL BANK LIGA - ROUND 2;Budafoki;Ajka;17;30;27;30;0,5667;0,9;1,4667;0,8667;1,1667;2,0334
212;06/08/2023;12:00;CZECH REPUBLIC;DIVISION F - ROUND 1;Polanka nad Odrou;Bilovec;20;30;24;30;0,6667;0,8;1,4667;1,0667;1,9;2,9667
213;06/08/2023;11:00;UKRAINE;PREMIER LEAGUE - ROUND 2;Kolos Kovalivka;Ch. Odessa;23;30;21;30;0,7667;0,7;1,4667;1,2333;1,2;2,4333
214;06/08/2023;19:00;USA;MLS NEXT PRO;New England Revolution II;New York Red Bulls 2;21;30;23;30;0,7;0,7667;1,4667;1,7;1,5333;3,2333
215;06/08/2023;10:00;WORLD;CLUB FRIENDLY;Tottenham (Eng);Shakhtar Donetsk (Ukr);20;30;24;30;0,6667;0,8;1,4667;1,2667;1,6;2,8667
216;06/08/2023;12:00;KAZAKHSTAN;PREMIER LEAGUE - ROUND 18;Aktobe;Kairat Almaty;21;30;23;30;0,7;0,7667;1,4667;1,2;1,3333;2,5333
217;06/08/2023;11:30;SLOVAKIA;4. LIGA - EAST - ROUND 3;Sabinov;Raslavice;20;30;24;30;0,6667;0,8;1,4667;1,4333;1,6;3,0333
218;06/08/2023;12:00;POLAND;III LIGA - GROUP III - ROUND 1;Bielsko-Biala;Slask Wroclaw 2;24;30;20;30;0,8;0,6667;1,4667;1,5667;1,2333;2,8
219;06/08/2023;10:30;WALES;LEAGUE CUP - 1/16-FINALS;Haverfordwest;Cardiff U21;20;30;24;30;0,6667;0,8;1,4667;1,3;1,6667;2,9667
220;06/08/2023;12:00;LATVIA;OPTIBET VIRSLIGA - ROUND 25;Valmiera;Metta/LU;21;30;23;30;0,7;0,7667;1,4667;1,1333;1,4333;2,5666
221;06/08/2023;05:30;SLOVAKIA;2. LIGA - ROUND 2;Zilina B;FK Humenne;26;30;18;30;0,8667;0,6;1,4667;2,1333;0,8333;2,9666
222;06/08/2023;12:00;RUSSIA;FNL 2 - DIVISION B - GROUP 2 - ROUND 3;Krasnogorsk;Znamya Truda;24;30;20;30;0,8;0,6667;1,4667;1,3667;1,0333;2,4
223;06/08/2023;11:00;LUXEMBOURG;NATIONAL DIVISION - ROUND 1;Mondorf;Racing Luxembourg;24;30;20;30;0,8;0,6667;1,4667;1,6;1,0333;2,6333
224;06/08/2023;06:00;JAPAN;J2 LEAGUE - ROUND 29;Kofu;Kanazawa;20;30;24;30;0,6667;0,8;1,4667;1,0;1,4667;2,4667
225;06/08/2023;09:00;GERMANY;REGIONALLIGA NORTH - ROUND 2;Teutonia Ottensen;Hamburger SV II;23;30;21;30;0,7667;0,7;1,4667;1,4667;1,2;2,6667
226;06/08/2023;13:00;ITALY;COPPA ITALIA - 1/64-FINALS;Reggiana;Pescara;22;30;22;30;0,7333;0,7333;1,4666;1,4;1,2667;2,6667
227;06/08/2023;11:00;BRAZIL;BRASILEIRO U20 - PLAY OFFS - SEMI-FINALS;Palmeiras U20;Corinthians U20;25;30;19;30;0,8333;0,6333;1,4666;1,9;1,1333;3,0333
228;06/08/2023;14:00;LUXEMBOURG;NATIONAL DIVISION - ROUND 1;Differdange;Fola;22;30;22;30;0,7333;0,7333;1,4666;1,4667;1,4333;2,9
229;06/08/2023;13:00;SLOVAKIA;NIKE LIGA - ROUND 2;Z. Moravce-Vrable;Trnava;22;30;22;30;0,7333;0,7333;1,4666;1,0;1,3667;2,3667
230;06/08/2023;10:00;SWITZERLAND;1.LIGA CLASSIC GROUP 1;Portalban;Sion II;22;30;22;30;0,7333;0,7333;1,4666;1,1;1,4667;2,5667
231;06/08/2023;11:00;LITHUANIA;I LYGA - ROUND 17;Neptunas;Riteriai 2;22;30;22;30;0,7333;0,7333;1,4666;1,3333;1,3333;2,6666
232;06/08/2023;12:30;POLAND;EKSTRAKLASA - ROUND 3;Zaglebie;Lech Poznan;19;30;25;30;0,6333;0,8333;1,4666;1,0667;1,2;2,2667
233;06/08/2023;12:45;HUNGARY;OTP BANK LIGA - ROUND 2;MOL Fehervar;Ferencvaros;22;30;22;30;0,7333;0,7333;1,4666;1,2667;1,2;2,4667
234;06/08/2023;12:00;NORTH MACEDONIA;1. MFL - ROUND 1;Voska Sport;Shkendija;25;30;19;30;0,8333;0,6333;1,4666;1,6667;1,0;2,6667
235;06/08/2023;20:10;COLOMBIA;PRIMERA A - CLAUSURA - ROUND 4;Dep. Cali;Atl. Nacional;22;30;22;30;0,7333;0,7333;1,4666;1,5;1,2333;2,7333
236;06/08/2023;05:30;AUSTRIA;2. LIGA - ROUND 2;First Vienna;Sturm Graz (Am);22;30;22;30;0,7333;0,7333;1,4666;1,5;2,0333;3,5333
237;06/08/2023;14:00;IRELAND;PREMIER DIVISION - ROUND 26;Shamrock Rovers;Cork City;22;30;22;30;0,7333;0,7333;1,4666;1,1;1,0;2,1
238;06/08/2023;16:00;WORLD;CLUB FRIENDLY;Elche (Esp);Parma (Ita);22;30;22;30;0,7333;0,7333;1,4666;1,0667;1,1667;2,2334
239;06/08/2023;07:00;WORLD;FRIENDLY INTERNATIONAL;Sweden U17;Israel U17;22;30;22;30;0,7333;0,7333;1,4666;1,7;1,5333;3,2333
240;06/08/2023;05:15;CZECH REPUBLIC;DIVISION 2 - ROUND 4;Sigma Olomouc B;Prostejov;25;30;19;30;0,8333;0,6333;1,4666;1,8;1,0667;2,8667
241;06/08/2023;13:30;WORLD;CLUB FRIENDLY;Novara (Ita);Sampdoria (Ita);22;30;22;30;0,7333;0,7333;1,4666;1,2333;1,3333;2,5666
242;06/08/2023;15:00;WORLD;CLUB FRIENDLY;Girona (Esp);Lazio (Ita);22;30;22;30;0,7333;0,7333;1,4666;1,6;1,0333;2,6333
243;06/08/2023;12:00;RUSSIA;FNL 2 - DIVISION B - GROUP 1 - ROUND 4;FC Sevastopol;Biolog;22;30;22;30;0,7333;0,7333;1,4666;1,3667;1,2;2,5667
244;06/08/2023;20:00;USA;MLS NEXT PRO;Houston Dynamo 2;Sporting Kansas City II;19;30;25;30;0,6333;0,8333;1,4666;1,3;1,4667;2,7667
245;06/08/2023;08:00;GERMANY;REGIONALLIGA NORDOST - ROUND 2;Chemie Leipzig;Viktoria Berlin;22;30;22;30;0,7333;0,7333;1,4666;1,3333;1,4;2,7333
246;06/08/2023;11:00;FAROE ISLANDS;PREMIER LEAGUE - ROUND 17;HB Torshavn;AB Argir;22;30;22;30;0,7333;0,7333;1,4666;1,3667;1,2;2,5667
247;06/08/2023;11:30;SLOVAKIA;4. LIGA - EAST - ROUND 3;Medzev;Poprad;22;30;22;30;0,7333;0,7333;1,4666;1,7667;1,3;3,0667
248;06/08/2023;08:30;GERMANY;3. LIGA - ROUND 1;Ulm;Saarbrucken;19;30;25;30;0,6333;0,8333;1,4666;1,1667;1,4;2,5667
249;06/08/2023;18:30;BRAZIL;SERIE A - ROUND 18;Coritiba;Bragantino;22;30;22;30;0,7333;0,7333;1,4666;1,2333;1,4;2,6333
250;06/08/2023;12:00;RUSSIA;FNL 2 - DIVISION A GOLD - FALL SEASON - ROUND 4;Veles Moscow;Ufa;22;30;22;30;0,7333;0,7333;1,4666;1,0333;1,0667;2,1
251;06/08/2023;10:00;GERMANY;OBERLIGA NIEDERSACHSEN - ROUND 1;Egestorf-Langreder;Bersenbruck;22;30;22;30;0,7333;0,7333;1,4666;1,3333;1,7667;3,1
252;06/08/2023;09:00;GERMANY;OBERLIGA NOFV-NORD - ROUND 2;Staaken;Rostocker FC;20;30;23;30;0,6667;0,7667;1,4334;1,4333;1,6333;3,0666
253;06/08/2023;20:00;ECUADOR;LIGA PRO - SECOND STAGE - ROUND 16;Barcelona SC;Gualaceo;23;30;20;30;0,7667;0,6667;1,4334;1,3667;1,0333;2,4
254;06/08/2023;11:30;SWITZERLAND;SUPER LEAGUE - ROUND 3;St. Gallen;Luzern;23;30;20;30;0,7667;0,6667;1,4334;1,7667;1,1;2,8667
255;06/08/2023;16:00;ARGENTINA;TORNEO FEDERAL - ROUND 25;Sportivo Estudiantes;Ferro Gen. Pico;20;30;23;30;0,6667;0,7667;1,4334;1,1333;1,2;2,3333
256;06/08/2023;07:00;RUSSIA;FNL 2 - DIVISION B - GROUP 3 - ROUND 3;Ryazan;Kolomna;20;30;23;30;0,6667;0,7667;1,4334;1,2667;1,5;2,7667
257;06/08/2023;11:00;LUXEMBOURG;NATIONAL DIVISION - ROUND 1;UNA Strassen;Hesperange;20;30;23;30;0,6667;0,7667;1,4334;1,4;1,8333;3,2333
258;06/08/2023;08:00;RUSSIA;FNL 2 - DIVISION B - GROUP 2 - ROUND 3;Zenit 2;Zvezda St. Peterburg;20;30;23;30;0,6667;0,7667;1,4334;1,1667;1,3333;2,5
259;06/08/2023;14:00;COSTA RICA;LIGA DE ASCENSO - APERTURA - ROUND 2;Ad Aserri;Limon Black Star;23;30;20;30;0,7667;0,6667;1,4334;1,2333;1,3;2,5333
260;06/08/2023;13:00;AZERBAIJAN;PREMIER LEAGUE - ROUND 1;Sabah Baku;Gabala;23;30;20;30;0,7667;0,6667;1,4334;1,4667;1,3333;2,8
261;06/08/2023;19:00;USA;NWSL CHALLENGE CUP WOMEN;Reign W;Portland Thorns W;20;30;23;30;0,6667;0,7667;1,4334;1,1;1,3333;2,4333
262;06/08/2023;16:00;CHILE;PRIMERA DIVISION - ROUND 20;Everton;Colo Colo;24;30;19;30;0,8;0,6333;1,4333;1,4333;1,2;2,6333
263;06/08/2023;12:00;WORLD;FRIENDLY INTERNATIONAL;Norway U17;Faroe Islands U17;18;30;25;30;0,6;0,8333;1,4333;1,4333;1,8333;3,2666
264;06/08/2023;07:00;JAPAN;J2 LEAGUE - ROUND 29;Kumamoto;Mito;24;30;19;30;0,8;0,6333;1,4333;1,2;0,9667;2,1667
265;06/08/2023;12:00;BULGARIA;VTORA LIGA - ROUND 4;Ludogorets II;Strumska Slava;21;30;22;30;0,7;0,7333;1,4333;0,9333;1,1667;2,1
266;06/08/2023;10:00;RUSSIA;FNL 2 - DIVISION B - GROUP 2 - ROUND 3;Dynamo Vologda;Electron VN;19;30;24;30;0,6333;0,8;1,4333;1,1;1,4;2,5
267;06/08/2023;12:00;AUSTRIA;BUNDESLIGA - ROUND 2;Salzburg;Tirol;21;30;22;30;0,7;0,7333;1,4333;1,2333;1,5333;2,7666
268;06/08/2023;02:00;AUSTRALIA;NPL NSW - ROUND 27;Blacktown City;St. George City;22;30;21;30;0,7333;0,7;1,4333;1,2;1,6333;2,8333
269;06/08/2023;16:00;BOSNIA AND HERZEGOVINA;PREMIJER LIGA BIH - ROUND 2;Velez Mostar;GOSK Gabela;19;30;24;30;0,6333;0,8;1,4333;1,2;1,3667;2,5667
270;06/08/2023;11:00;SWITZERLAND;PROMOTION LEAGUE;Servette U21;Rapperswil;21;30;22;30;0,7;0,7333;1,4333;1,6333;1,8;3,4333
271;06/08/2023;10:00;RUSSIA;FNL 2 - DIVISION B - GROUP 4 - ROUND 4;Orenburg 2;Khimik Avgust;21;30;22;30;0,7;0,7333;1,4333;1,1;1,2667;2,3667
272;06/08/2023;17:15;PERU;LIGA 1 - CLAUSURA - ROUND 7;ADT Tarma;Sporting Cristal;25;30;18;30;0,8333;0,6;1,4333;1,4333;1,1333;2,5666
273;06/08/2023;18:30;BRAZIL;SERIE A - ROUND 18;Cruzeiro;Botafogo RJ;21;30;22;30;0,7;0,7333;1,4333;1,0;1,2;2,2
274;06/08/2023;10:00;SWEDEN;DIVISION 2 - NORRLAND - ROUND 15;Kiruna;IFK Lulea;22;30;21;30;0,7333;0,7;1,4333;1,3667;1,2333;2,6
275;06/08/2023;16:00;ARGENTINA;PRIMERA NACIONAL - ROUND 25;Ind. Rivadavia;Dep. Riestra;21;30;22;30;0,7;0,7333;1,4333;1,1;1,2;2,3
276;06/08/2023;14:00;RUSSIA;PREMIER LEAGUE - ROUND 3;Sochi;Akhmat Grozny;19;30;24;30;0,6333;0,8;1,4333;1,0333;1,4;2,4333
277;06/08/2023;12:30;SLOVAKIA;4. LIGA - BRATISLAVA - ROUND 1;Rusovce;Slovan Most;21;30;22;30;0,7;0,7333;1,4333;1,4;1,5333;2,9333
278;06/08/2023;11:30;RUSSIA;PREMIER LEAGUE - ROUND 3;Baltika;Fakel Voronezh;21;30;22;30;0,7;0,7333;1,4333;1,1;1,2667;2,3667
279;06/08/2023;12:30;HUNGARY;MERKANTIL BANK LIGA - ROUND 2;Soroksar;Gyirmot;19;30;24;30;0,6333;0,8;1,4333;0,9667;1,5;2,4667
280;06/08/2023;05:00;CHINA;YI LEAGUE - ROUND 14;Zibo Qisheng;Hubei Istar;19;30;24;30;0,6333;0,8;1,4333;0,8667;1,2333;2,1
281;06/08/2023;12:30;HUNGARY;MERKANTIL BANK LIGA - ROUND 2;Mosonmagyarovari TE;Kazincbarcikai;18;30;25;30;0,6;0,8333;1,4333;0,9;1,2;2,1
282;06/08/2023;08:00;UKRAINE;DRUHA LIGA - ROUND 1;Nyva Vinnytsya;Zvyagel;20;30;15;20;0,6667;0,75;1,4167;1,3;1,1;2,4
283;06/08/2023;14:00;SERBIA;SUPER LIGA - ROUND 2;Vojvodina;Partizan;21;30;21;30;0,7;0,7;1,4;1,1;1,1667;2,2667
284;06/08/2023;18:30;BOLIVIA;DIVISION PROFESIONAL - ROUND 22;Tomayapo;The Strongest;17;30;25;30;0,5667;0,8333;1,4;0,8667;1,2333;2,1
285;06/08/2023;20:00;BRAZIL;SERIE A - ROUND 18;Cuiaba;Flamengo RJ;18;30;24;30;0,6;0,8;1,4;1,0333;1,3667;2,4
286;06/08/2023;11:00;SWITZERLAND;1.LIGA CLASSIC GROUP 2;Bassecourt;Koniz;24;30;18;30;0,8;0,6;1,4;1,4;0,9667;2,3667
287;06/08/2023;10:00;RUSSIA;FNL - ROUND 4;Akron Togliatti;Alania Vladikavkaz;24;30;18;30;0,8;0,6;1,4;1,5667;1,1667;2,7334
288;06/08/2023;16:00;BRAZIL;SERIE D - PLAY OFFS - 1/16-FINALS;Tuna Luso;Maranhao;23;30;19;30;0,7667;0,6333;1,4;1,5667;0,9;2,4667
289;06/08/2023;12:00;ARMENIA;PREMIER LEAGUE - ROUND 2;Pyunik Yerevan;Ararat Yerevan;22;30;20;30;0,7333;0,6667;1,4;1,3;1,1;2,4
290;06/08/2023;14:00;HUNGARY;MERKANTIL BANK LIGA - ROUND 2;Siofok;Pecsi MFC;22;30;20;30;0,7333;0,6667;1,4;1,2333;0,9667;2,2
291;06/08/2023;14:00;COSTA RICA;PRIMERA DIVISION - APERTURA - ROUND 3;Cartagines;Puntarenas FC;22;30;20;30;0,7333;0,6667;1,4;1,4667;1,2;2,6667
292;06/08/2023;16:00;BRAZIL;SERIE A - ROUND 18;Vasco;Gremio;21;30;21;30;0,7;0,7;1,4;1,3;1,0667;2,3667
293;06/08/2023;14:00;HUNGARY;MERKANTIL BANK LIGA - ROUND 2;Csakvari;Haladas;21;30;21;30;0,7;0,7;1,4;1,2333;1,4667;2,7
294;06/08/2023;10:00;SOUTH AFRICA;PREMIER LEAGUE - ROUND 1;Kaizer Chiefs;Chippa Utd.;20;30;22;30;0,6667;0,7333;1,4;1,2;1,2;2,4
295;06/08/2023;14:00;WORLD;CLUB FRIENDLY;Nea Salamis (Cyp);Anorthosis (Cyp);22;30;20;30;0,7333;0,6667;1,4;1,4;0,9667;2,3667
296;06/08/2023;13:30;WORLD;CLUB FRIENDLY;Mallorca (Esp);Spezia (Ita);19;30;23;30;0,6333;0,7667;1,4;1,0;1,3;2,3
297;06/08/2023;17:00;PARAGUAY;PRIMERA DIVISION - CLAUSURA - ROUND 5;Olimpia Asuncion;Guarani;22;30;20;30;0,7333;0,6667;1,4;1,2667;1,1;2,3667
298;06/08/2023;06:30;WORLD;CLUB FRIENDLY;SG Wattenscheid (Ger);Germania Ratingen (Ger);24;30;18;30;0,8;0,6;1,4;1,4333;1,1667;2,6
299;06/08/2023;18:00;PANAMA;LPF - CLAUSURA - ROUND 3;Potros del Este;Arabe Unido;24;30;18;30;0,8;0,6;1,4;1,3667;0,8667;2,2334
300;06/08/2023;09:00;RUSSIA;FNL 2 - DIVISION B - GROUP 3 - ROUND 3;Saturn Ramenskoye;SKA Khabarovsk 2;24;30;18;30;0,8;0,6;1,4;1,7333;1,2333;2,9666
301;06/08/2023;12:00;RUSSIA;FNL 2 - DIVISION B - GROUP 1 - ROUND 4;Dynamo Stavropol;Kholding;21;30;21;30;0,7;0,7;1,4;1,3;1,4333;2,7333
302;06/08/2023;06:00;JAPAN;J1 LEAGUE - ROUND 22;Kashima Antlers;Hokkaido Consadole Sapporo;19;30;23;30;0,6333;0,7667;1,4;1,0667;1,6667;2,7334
303;06/08/2023;08:30;GERMANY;REGIONALLIGA NORDOST - ROUND 2;Meuselwitz;Lokomotive Leipzig;23;30;19;30;0,7667;0,6333;1,4;1,5;0,9;2,4
304;06/08/2023;06:00;WORLD;WORLD CUP WOMEN - PLAY OFFS - 1/8-FINALS;Sweden W;USA W;20;30;22;30;0,6667;0,7333;1,4;1,0;1,4333;2,4333
305;06/08/2023;20:00;USA;MLS NEXT PRO;St. Louis City 2;Real Monarchs;21;30;21;30;0,7;0,7;1,4;1,6333;1,2;2,8333
306;06/08/2023;12:00;POLAND;DIVISION 2 - ROUND 3;Hutnik Krakow;Zaglebie 2;17;30;25;30;0,5667;0,8333;1,4;0,7667;1,2;1,9667
307;06/08/2023;07:30;SOUTH KOREA;K LEAGUE 1 - ROUND 25;Jeju Utd;Gangwon;23;30;19;30;0,7667;0,6333;1,4;1,1;0,7667;1,8667
308;06/08/2023;15:00;POLAND;EKSTRAKLASA - ROUND 3;Legia;Ruch Chorzow;22;30;20;30;0,7333;0,6667;1,4;1,3;1,0;2,3
309;06/08/2023;08:30;CHINA;JIA LEAGUE - ROUND 17;Qingdao West Coast;Guangxi Pingguo Haliao;21;30;21;30;0,7;0,7;1,4;1,3333;1,2333;2,5666
310;06/08/2023;08:00;VIETNAM;V.LEAGUE 1 - CHAMPIONSHIP GROUP - ROUND 5;Binh Dinh;Hong Linh Ha Tinh;20;30;22;30;0,6667;0,7333;1,4;0,9667;1,4333;2,4
311;06/08/2023;12:00;FINLAND;YKKONEN;Jaro;JaPS;21;30;21;30;0,7;0,7;1,4;1,0;1,2333;2,2333
312;06/08/2023;10:00;GERMANY;OBERLIGA BAYERN NORD - ROUND 4;Neudrossenfeld;Neumarkt;21;30;21;30;0,7;0,7;1,4;1,2667;1,4;2,6667
313;06/08/2023;14:00;ISRAEL;TOTO CUP - ROUND 3;Sakhnin;Hapoel Hadera;24;30;18;30;0,8;0,6;1,4;1,3667;1,1333;2,5
314;06/08/2023;02:00;AUSTRALIA;NPL NSW - ROUND 27;Wollongong Wolves;Manly Utd;21;30;21;30;0,7;0,7;1,4;1,6667;1,1;2,7667
315;06/08/2023;15:30;ROMANIA;LIGA 1 - ROUND 4;FCSB;CFR Cluj;22;30;20;30;0,7333;0,6667;1,4;1,2667;1,3333;2,6
316;06/08/2023;08:00;ENGLAND;CHAMPIONSHIP - ROUND 1;Leicester;Coventry;23;30;19;30;0,7667;0,6333;1,4;1,6333;1,3;2,9333
317;06/08/2023;09:00;GERMANY;OBERLIGA NOFV-NORD - ROUND 2;Mahlsdorf;CFC Hertha;21;30;21;30;0,7;0,7;1,4;1,4;1,2667;2,6667
318;06/08/2023;06:00;INDIA;DURAND CUP;Delhi FC;Hyderabad;10;16;23;30;0,625;0,7667;1,3917;1,125;1,2667;2,3917
319;06/08/2023;15:00;ARGENTINA;TORNEO FEDERAL - ROUND 25;El Linqueno;Independiente Chivilcoy;15;21;20;30;0,7143;0,6667;1,381;1,2381;1,1;2,3381
320;06/08/2023;17:00;BRAZIL;CAMPEONATO BAIANO 2 - PLAY OFFS - FINAL;Jequie;Jacobina;20;27;19;30;0,7407;0,6333;1,374;1,2593;1,0;2,2593
321;06/08/2023;07:00;RUSSIA;FNL 2 - DIVISION B - GROUP 3 - ROUND 3;FK Strogino Moscow;Peresvet;20;30;21;30;0,6667;0,7;1,3667;1,3667;1,3;2,6667
322;06/08/2023;12:00;SLOVAKIA;4. LIGA - WEST - ROUND 1;Crystal;Z. Moravce-Vrable B;18;30;23;30;0,6;0,7667;1,3667;1,2667;1,3;2,5667
323;06/08/2023;20:10;PANAMA;LPF - CLAUSURA - ROUND 3;Independiente;Chiriqui;23;30;18;30;0,7667;0,6;1,3667;1,2;1,1;2,3
324;06/08/2023;12:00;SLOVAKIA;3. LIGA - WEST - ROUND 1;Podkonice;HA Banska Bystrica;21;30;20;30;0,7;0,6667;1,3667;1,2667;1,4;2,6667
325;06/08/2023;12:00;SLOVAKIA;3. LIGA - WEST - ROUND 1;Belusa;Raca;23;30;18;30;0,7667;0,6;1,3667;1,5;1,1;2,6
326;06/08/2023;07:00;SOUTH KOREA;K LEAGUE 2 - ROUND 25;Seoul E-Land;Gyeongnam;20;30;21;30;0,6667;0,7;1,3667;1,0333;1,2333;2,2666
327;06/08/2023;09:00;RUSSIA;FNL 2 - DIVISION B - GROUP 2 - ROUND 3;Khimik;Torpedo Moscow 2;21;30;20;30;0,7;0,6667;1,3667;1,3667;1,2333;2,6
328;06/08/2023;10:00;RUSSIA;FNL 2 - DIVISION B - GROUP 3 - ROUND 3;Kosmos;Khimki 2;17;30;24;30;0,5667;0,8;1,3667;1,1;1,9;3,0
329;06/08/2023;10:00;POLAND;DIVISION 1 - ROUND 3;Motor Lublin;GKS Katowice;21;30;20;30;0,7;0,6667;1,3667;1,2;1,1333;2,3333
330;06/08/2023;15:00;PERU;LIGA 1 - CLAUSURA - ROUND 7;Alianza Atl.;Cienciano;21;30;20;30;0,7;0,6667;1,3667;1,4333;1,3;2,7333
331;06/08/2023;12:00;SLOVAKIA;3. LIGA - WEST - ROUND 1;Sered;Zvolen;20;30;21;30;0,6667;0,7;1,3667;1,2;1,5333;2,7333
332;06/08/2023;07:00;JAPAN;J1 LEAGUE - ROUND 22;Kyoto;Kashiwa Reysol;18;30;23;30;0,6;0,7667;1,3667;1,1333;1,3667;2,5
333;06/08/2023;21:00;CHILE;PRIMERA DIVISION - ROUND 20;Union La Calera;Palestino;21;30;20;30;0,7;0,6667;1,3667;1,4333;1,1667;2,6
334;06/08/2023;00:00;FIJI;PREMIER LEAGUE - ROUND 15;Navua;Tailevu Naitasiri;21;30;20;30;0,7;0,6667;1,3667;1,0;1,1333;2,1333
335;06/08/2023;11:00;FAROE ISLANDS;PREMIER LEAGUE - ROUND 17;TB Tvoroyri;Vikingur;20;30;21;30;0,6667;0,7;1,3667;1,5;1,1667;2,6667
336;06/08/2023;14:00;HUNGARY;MERKANTIL BANK LIGA - ROUND 2;Tiszakecske;Nyiregyhaza;17;30;24;30;0,5667;0,8;1,3667;0,9;1,3667;2,2667
337;06/08/2023;10:00;CZECH REPUBLIC;FORTUNA:LIGA - ROUND 3;Plzen;Ostrava;20;30;21;30;0,6667;0,7;1,3667;1,3667;1,0667;2,4334
338;06/08/2023;10:00;SWEDEN;DIVISION 1 - SÖDRA - ROUND 16;Lunds;Torns;18;30;23;30;0,6;0,7667;1,3667;1,0333;1,3667;2,4
339;06/08/2023;12:00;NORTH MACEDONIA;1. MFL - ROUND 1;Tikves;Makedonija GP;20;30;21;30;0,6667;0,7;1,3667;0,8667;1,2667;2,1334
340;06/08/2023;08:30;GERMANY;2. BUNDESLIGA - ROUND 2;Magdeburg;Braunschweig;24;30;17;30;0,8;0,5667;1,3667;1,5;1,6333;3,1333
341;06/08/2023;12:00;NORWAY;ELITESERIEN - ROUND 17;Haugesund;Rosenborg;21;30;20;30;0,7;0,6667;1,3667;1,2;1,2;2,4
342;06/08/2023;12:00;NORWAY;ELITESERIEN - ROUND 17;Tromso;Lillestrom;21;30;20;30;0,7;0,6667;1,3667;1,3333;1,6;2,9333
343;06/08/2023;08:00;CAMBODIA;CPL;Phnom Penh Crown;Boeung Ket;24;30;17;30;0,8;0,5667;1,3667;2,0;1,1667;3,1667
344;06/08/2023;12:30;SLOVAKIA;4. LIGA - BRATISLAVA - ROUND 1;Rohoznik;Tomasov;22;30;19;30;0,7333;0,6333;1,3666;1,1;1,1333;2,2333
345;06/08/2023;10:00;DENMARK;1ST DIVISION - ROUND 3;Aalborg;Fredericia;19;30;22;30;0,6333;0,7333;1,3666;1,2333;1,4333;2,6666
346;06/08/2023;16:00;BRAZIL;SERIE C - FIRST STAGE - ROUND 16;AE Altos;Paysandu PA;19;30;22;30;0,6333;0,7333;1,3666;1,1333;1,1333;2,2666
347;06/08/2023;16:00;BRAZIL;SERIE C - FIRST STAGE - ROUND 16;Nautico;CSA;22;30;19;30;0,7333;0,6333;1,3666;1,1667;0,9;2,0667
348;06/08/2023;15:00;MONTENEGRO;PRVA CRNOGORSKA LIGA - ROUND 3;Sutjeska;Arsenal Tivat;22;30;19;30;0,7333;0,6333;1,3666;1,1;1,0667;2,1667
349;06/08/2023;18:30;CHILE;PRIMERA DIVISION - ROUND 20;Copiapo;Curico Unido;22;30;19;30;0,7333;0,6333;1,3666;1,2667;0,8;2,0667
350;06/08/2023;19:00;ARGENTINA;TORNEO FEDERAL - ROUND 25;9 de Julio Rafaela;Juventud Antoniana;16;21;18;30;0,7619;0,6;1,3619;1,1429;0,8333;1,9762
351;06/08/2023;08:30;UKRAINE;PERSHA LIGA - ROUND 2;Podillya Khmelnytskyi;Nyva Buzova;16;30;18;22;0,5333;0,8182;1,3515;0,8667;1,3182;2,1849
352;06/08/2023;15:00;SERBIA;PRVA LIGA - ROUND 1;Macva;Tekstilac;14;30;23;26;0,4667;0,8846;1,3513;0,8667;1,7692;2,6359
353;06/08/2023;15:55;ARGENTINA;TORNEO FEDERAL - ROUND 25;Club Sportivo Penarol;San Martin Mendoza;22;30;16;26;0,7333;0,6154;1,3487;1,1667;0,9231;2,0898
354;06/08/2023;13:30;LUXEMBOURG;NATIONAL DIVISION - ROUND 1;Jeunesse Esch;Niedercorn;20;30;20;30;0,6667;0,6667;1,3334;1,4333;1,3333;2,7666
355;06/08/2023;13:00;CHILE;SEGUNDA DIVISION - ROUND 18;D. Concepcion;Osorno;23;30;17;30;0,7667;0,5667;1,3334;1,1;0,7667;1,8667
356;06/08/2023;15:15;BULGARIA;PARVA LIGA - ROUND 4;Lok. Plovdiv;Levski Sofia;20;30;20;30;0,6667;0,6667;1,3334;1,0667;1,1;2,1667
357;06/08/2023;08:00;UKRAINE;PERSHA LIGA - ROUND 2;Nyva Ternopil;Prykarpattya;20;30;20;30;0,6667;0,6667;1,3334;0,8333;1,2;2,0333
358;06/08/2023;11:30;HUNGARY;HUNGARIAN CUP - 1/128-FINALS;Balatonfuredi;Budaorsi SC;20;30;20;30;0,6667;0,6667;1,3334;1,0;0,9667;1,9667
359;06/08/2023;14:00;WORLD;CLUB FRIENDLY;Croatia Zmijavci (Cro);Solin (Cro);20;30;20;30;0,6667;0,6667;1,3334;1,1667;1,1333;2,3
360;06/08/2023;11:30;GERMANY;3. LIGA - ROUND 1;Freiburg II;Duisburg;17;30;23;30;0,5667;0,7667;1,3334;0,8;1,5333;2,3333
361;06/08/2023;18:00;COLOMBIA;PRIMERA A - CLAUSURA - ROUND 4;La Equidad;America De Cali;17;30;23;30;0,5667;0,7667;1,3334;0,9667;1,3667;2,3334
362;06/08/2023;15:00;BRAZIL;SERIE D - PLAY OFFS - 1/16-FINALS;Atletico-CE;Aguia De Maraba;20;30;20;30;0,6667;0,6667;1,3334;1,3;1,2;2,5
363;06/08/2023;08:30;CHINA;JIA LEAGUE - ROUND 17;Sichuan Jiuniu;Guangzhou FC;23;30;17;30;0,7667;0,5667;1,3334;1,2667;1,2333;2,5
364;06/08/2023;15:00;BRAZIL;CAMPEONATO CATARINENSE 2 - PLAY OFFS - QUARTER-FINALS;Guarani de Palhoca;Metropolitano;20;30;20;30;0,6667;0,6667;1,3334;1,2333;1,1;2,3333
365;06/08/2023;12:00;POLAND;DIVISION 2 - ROUND 3;Stezyca;Sandecja Nowy S.;20;30;20;30;0,6667;0,6667;1,3334;1,0333;1,1;2,1333
366;06/08/2023;13:30;WORLD;CLUB FRIENDLY;Napoli (Ita);Augsburg (Ger);20;30;20;30;0,6667;0,6667;1,3334;1,0;1,6333;2,6333
367;06/08/2023;11:55;SERBIA;SUPER LIGA - ROUND 2;Crvena zvezda;Napredak;26;30;14;30;0,8667;0,4667;1,3334;1,7;0,6667;2,3667
368;06/08/2023;08:30;CHINA;JIA LEAGUE - ROUND 17;Heilongjiang Ice City;Jiangxi Lushan;19;30;21;30;0,6333;0,7;1,3333;1,1667;0,9;2,0667
369;06/08/2023;11:00;UKRAINE;PERSHA LIGA - ROUND 2;Karpaty Lviv;Bukovyna;24;30;16;30;0,8;0,5333;1,3333;1,1333;0,7667;1,9
370;06/08/2023;12:00;WORLD;ARAB CLUB CHAMPIONS CUP - PLAY OFFS - QUARTER-FINALS;Raja Casablanca;Al-Nassr;18;30;22;30;0,6;0,7333;1,3333;0,8;1,2333;2,0333
371;06/08/2023;00:00;FIJI;PREMIER LEAGUE - ROUND 15;Nadroga;Suva;21;30;19;30;0,7;0,6333;1,3333;1,3667;1,1333;2,5
372;06/08/2023;14:30;WORLD;CLUB FRIENDLY;Toulouse (Fra);AS Roma (Ita);21;30;19;30;0,7;0,6333;1,3333;1,5;1,0;2,5
373;06/08/2023;10:30;ENGLAND;CHAMPIONSHIP - ROUND 1;Leeds;Cardiff;21;30;19;30;0,7;0,6333;1,3333;1,1667;1,3;2,4667
374;06/08/2023;16:00;BOLIVIA;DIVISION PROFESIONAL - ROUND 22;Santa Cruz;Royal Pari;18;30;22;30;0,6;0,7333;1,3333;0,8;1,2333;2,0333
375;06/08/2023;15:00;ECUADOR;LIGA PRO - SECOND STAGE - ROUND 16;Mushuc Runa;Ind. del Valle;18;30;22;30;0,6;0,7333;1,3333;1,0333;1,1333;2,1666
376;06/08/2023;16:00;CHILE;SEGUNDA DIVISION - ROUND 18;Iberia;Lautaro;19;30;21;30;0,6333;0,7;1,3333;1,1;1,1;2,2
377;06/08/2023;11:00;RUSSIA;FNL 2 - DIVISION B - GROUP 3 - ROUND 3;Arsenal Tula 2;Spartak Tambov;21;30;19;30;0,7;0,6333;1,3333;1,1;1,1333;2,2333
378;06/08/2023;12:30;RUSSIA;FNL 2 - DIVISION B - GROUP 3 - ROUND 3;Sakhalinets;Sakhalin;21;30;19;30;0,7;0,6333;1,3333;1,1333;1,0;2,1333
379;06/08/2023;10:00;NORWAY;OBOS-LIGAEN - ROUND 16;Sandnes;Sogndal;19;30;21;30;0,6333;0,7;1,3333;1,6;1,4667;3,0667
380;06/08/2023;10:00;BRAZIL;CAMPEONATO MINEIRO 2 - FINAL STAGE - ROUND 9;Uberlandia;Aymores;19;30;21;30;0,6333;0,7;1,3333;0,8667;1,0333;1,9
381;06/08/2023;12:00;RUSSIA;FNL - ROUND 4;Rodina Moscow;SKA Khabarovsk;18;30;22;30;0,6;0,7333;1,3333;1,0333;1,1667;2,2
382;06/08/2023;06:30;JAPAN;J1 LEAGUE - ROUND 22;Yokohama FC;Vissel Kobe;18;30;22;30;0,6;0,7333;1,3333;1,2;1,2333;2,4333
383;06/08/2023;06:00;JAPAN;J2 LEAGUE - ROUND 29;Verdy;Shimizu S-Pulse;16;30;24;30;0,5333;0,8;1,3333;0,9333;1,4667;2,4
384;06/08/2023;09:15;SWITZERLAND;CHALLENGE LEAGUE - ROUND 3;Vaduz;Stade Nyonnais;19;30;21;30;0,6333;0,7;1,3333;1,3667;1,5667;2,9334
385;06/08/2023;13:00;LITHUANIA;A LYGA - ROUND 25;Kauno Zalgiris;Dziugas Telsiai;19;30;21;30;0,6333;0,7;1,3333;1,1;1,2;2,3
386;06/08/2023;16:00;ARGENTINA;TORNEO FEDERAL - ROUND 25;Defensores Belgrano VR;Douglas Haig;21;30;19;30;0,7;0,6333;1,3333;1,0;0,8667;1,8667
387;06/08/2023;13:00;IRELAND;PREMIER DIVISION - ROUND 26;Dundalk;Shelbourne;24;30;16;30;0,8;0,5333;1,3333;1,3;0,6667;1,9667
388;06/08/2023;13:00;RUSSIA;PREMIER LEAGUE - ROUND 3;Zenit;Dynamo Moscow;19;30;21;30;0,6333;0,7;1,3333;1,1333;1,7333;2,8666
389;06/08/2023;07:30;SOUTH KOREA;K LEAGUE 2 - ROUND 25;Gimcheon Sangmu;Seongnam;19;30;21;30;0,6333;0,7;1,3333;0,8667;1,1;1,9667
390;06/08/2023;15:00;HUNGARY;OTP BANK LIGA - ROUND 2;Zalaegerszegi;MTK Budapest;19;30;21;30;0,6333;0,7;1,3333;1,1;1,1;2,2
391;06/08/2023;15:30;ARGENTINA;PRIMERA C - ROUND 30;Liniers;Deportivo Espanol;22;30;18;30;0,7333;0,6;1,3333;1,0667;0,9667;2,0334
392;06/08/2023;14:00;WORLD;CLUB FRIENDLY;Castellon (Esp);Albacete (Esp);19;30;21;30;0,6333;0,7;1,3333;0,9667;1,2;2,1667
393;06/08/2023;07:00;JAPAN;J1 LEAGUE - ROUND 22;Kawasaki Frontale;Gamba Osaka;18;30;22;30;0,6;0,7333;1,3333;1,0;1,2667;2,2667
394;06/08/2023;10:30;UKRAINE;PERSHA LIGA - ROUND 2;Khust;Epitsentr;19;25;17;30;0,76;0,5667;1,3267;1,6;0,8333;2,4333
395;06/08/2023;15:00;WORLD;ARAB CLUB CHAMPIONS CUP - PLAY OFFS - QUARTER-FINALS;Al-Shabab;Al Wahda;22;30;17;30;0,7333;0,5667;1,3;1,3;0,8667;2,1667
396;06/08/2023;07:00;JAPAN;J1 LEAGUE - ROUND 22;Cerezo Osaka;FC Tokyo;19;30;20;30;0,6333;0,6667;1,3;1,0667;1,4667;2,5334
397;06/08/2023;10:00;SWEDEN;ALLSVENSKAN - ROUND 18;Kalmar;AIK;20;30;19;30;0,6667;0,6333;1,3;1,1667;1,0667;2,2334
398;06/08/2023;15:30;ARGENTINA;PRIMERA C - ROUND 30;Justo Jose de Urquiza;Midland;19;30;20;30;0,6333;0,6667;1,3;0,9333;1,1;2,0333
399;06/08/2023;12:00;WORLD;CLUB FRIENDLY;Uerdingen (Ger);B. Monchengladbach II (Ger);16;30;23;30;0,5333;0,7667;1,3;1,4333;1,5667;3,0
400;06/08/2023;06:00;JAPAN;J3 LEAGUE - ROUND 21;Nagano;Grulla Morioka;21;30;18;30;0,7;0,6;1,3;1,0333;0,9667;2,0
401;06/08/2023;08:30;CHINA;YI LEAGUE - ROUND 14;Wuhan Jiangcheng;Qingdao Red Lions;19;30;20;30;0,6333;0,6667;1,3;1,1333;1,0667;2,2
402;06/08/2023;12:00;BULGARIA;THIRD LEAGUE - SOUTH-EAST - ROUND 1;Spartak Plovdiv;Lok. Plovdiv II;20;30;19;30;0,6667;0,6333;1,3;1,3;1,0;2,3
403;06/08/2023;19:00;ARGENTINA;TORNEO FEDERAL - ROUND 25;Sportivo Belgrano;Union Sunchales;21;30;18;30;0,7;0,6;1,3;0,9333;0,6667;1,6
404;06/08/2023;17:00;COLOMBIA;PRIMERA B - CLAUSURA - ROUND 3;Real Soacha;Barranquilla;18;30;21;30;0,6;0,7;1,3;0,9667;1,4;2,3667
405;06/08/2023;08:30;GERMANY;OBERLIGA NOFV-NORD - ROUND 2;Neustrelitz;RSV Eintracht;20;30;19;30;0,6667;0,6333;1,3;1,4667;1,5333;3,0
406;06/08/2023;09:15;VIETNAM;V.LEAGUE 1 - CHAMPIONSHIP GROUP - ROUND 5;Hai Phong;Nam Dinh;22;30;17;30;0,7333;0,5667;1,3;1,3667;0,9;2,2667
407;06/08/2023;12:00;WORLD;CLUB FRIENDLY;Follonica Gavorrano (Ita);Montevarchi (Ita);19;30;20;30;0,6333;0,6667;1,3;1,1667;1,0;2,1667
408;06/08/2023;08:30;BELGIUM;JUPILER PRO LEAGUE - ROUND 2;Anderlecht;Antwerp;19;30;20;30;0,6333;0,6667;1,3;1,1;1,1;2,2
409;06/08/2023;10:00;BELARUS;PERSHAYA LIGA - ROUND 17;Volna Pinsk;Vitebsk;21;30;18;30;0,7;0,6;1,3;1,2;1,0667;2,2667
410;06/08/2023;12:00;WORLD;CLUB FRIENDLY;Manchester Utd (Eng);Ath Bilbao (Esp);21;30;18;30;0,7;0,6;1,3;1,1;1,0667;2,1667
411;06/08/2023;14:30;WORLD;CLUB FRIENDLY;Llanera (Esp);Union Club Ceares (Esp);18;30;21;30;0,6;0,7;1,3;0,9667;1,3667;2,3334
412;06/08/2023;11:00;RUSSIA;FNL 2 - DIVISION A GOLD - FALL SEASON - ROUND 4;Ulyanovsk;FK Chayka;22;30;17;30;0,7333;0,5667;1,3;1,2333;0,9333;2,1666
413;06/08/2023;11:00;UKRAINE;PREMIER LEAGUE - ROUND 2;FK Zorya Luhansk;Kryvbas;22;30;17;30;0,7333;0,5667;1,3;1,3;1,0;2,3
414;06/08/2023;13:00;ESTONIA;MEISTRILIIGA - ROUND 22;Parnu JK Vaprus;Levadia;19;30;20;30;0,6333;0,6667;1,3;1,1667;1,4;2,5667
415;06/08/2023;11:00;ESTONIA;MEISTRILIIGA - ROUND 22;Harju JK Laagri;Paide;23;30;16;30;0,7667;0,5333;1,3;1,5;1,0;2,5
416;06/08/2023;19:00;DOMINICAN REPUBLIC;LDF - WINNERS STAGE - ROUND 4;Moca;Vega Real;18;30;21;30;0,6;0,7;1,3;0,8667;1,2667;2,1334
417;06/08/2023;15:30;ITALY;COPPA ITALIA - 1/64-FINALS;Cesena;Entella;19;30;20;30;0,6333;0,6667;1,3;1,0667;1,1;2,1667
418;06/08/2023;18:30;BRAZIL;SERIE A - ROUND 18;Bahia;America MG;18;30;21;30;0,6;0,7;1,3;0,9667;1,3333;2,3
419;06/08/2023;11:00;RUSSIA;FNL 2 - DIVISION B - GROUP 4 - ROUND 4;Rubin Kazan 2;Nosta;20;30;19;30;0,6667;0,6333;1,3;1,1;1,2;2,3
420;06/08/2023;07:00;SOUTH KOREA;K LEAGUE 1 - ROUND 25;Jeonbuk;Incheon;18;30;21;30;0,6;0,7;1,3;0,8;1,0;1,8
421;06/08/2023;15:00;ARGENTINA;TORNEO FEDERAL - ROUND 25;Olimpo Bahia Blanca;Villa Mitre;20;30;19;30;0,6667;0,6333;1,3;1,0333;0,8333;1,8666
422;06/08/2023;15:00;BRAZIL;SERIE D - PLAY OFFS - 1/16-FINALS;SER Caxias;Inter de Limeira;22;30;17;30;0,7333;0,5667;1,3;1,2;0,8;2,0
423;06/08/2023;09:30;BURUNDI;SUPER COUPE - FINAL;Bumamuru;Aigle Noir;22;30;11;20;0,7333;0,55;1,2833;1,3333;0,95;2,2833
424;06/08/2023;12:00;WORLD;CLUB FRIENDLY;Ponte San Pietro (Ita);AlbinoLeffe (Ita);21;30;17;30;0,7;0,5667;1,2667;1,1667;0,9;2,0667
425;06/08/2023;12:00;UZBEKISTAN;SUPER LEAGUE - ROUND 15;Olympic;Sogdiana;23;30;15;30;0,7667;0,5;1,2667;1,2667;0,8333;2,1
426;06/08/2023;16:00;VENEZUELA;LIGA FUTVE 2 - CLAUSURA - ROUND 4;El Vigia;Frontera;17;30;21;30;0,5667;0,7;1,2667;1,0;0,9667;1,9667
427;06/08/2023;07:00;JAPAN;J2 LEAGUE - ROUND 29;Renofa Yamaguchi;Oita Trinita;18;30;20;30;0,6;0,6667;1,2667;1,0;1,0;2,0
428;06/08/2023;16:00;CROATIA;HNL - ROUND 3;Rijeka;Istra 1961;18;30;20;30;0,6;0,6667;1,2667;0,9;1,1333;2,0333
429;06/08/2023;10:00;RUSSIA;FNL 2 - DIVISION B - GROUP 2 - ROUND 3;Kirov;Rodina Moscow U21;20;30;18;30;0,6667;0,6;1,2667;1,2667;1,0667;2,3334
430;06/08/2023;07:00;JAPAN;J2 LEAGUE - ROUND 29;Kusatsu;Tochigi SC;20;30;18;30;0,6667;0,6;1,2667;1,0333;0,6667;1,7
431;06/08/2023;11:30;HUNGARY;HUNGARIAN CUP - 1/128-FINALS;Penzugyor;Ivancsa;18;30;20;30;0,6;0,6667;1,2667;1,0667;1,3667;2,4334
432;06/08/2023;18:00;HONDURAS;LIGA NACIONAL - APERTURA - ROUND 2;Marathon;Vida;18;30;20;30;0,6;0,6667;1,2667;0,9667;1,2;2,1667
433;06/08/2023;17:00;NICARAGUA;LIGA PRIMERA U20 - APERTURA - ROUND 2;Diriangen U20;Ocotal U20;17;30;21;30;0,5667;0,7;1,2667;1,1667;1,3333;2,5
434;06/08/2023;17:30;ECUADOR;LIGA PRO - SECOND STAGE - ROUND 16;Cumbaya;Guayaquil City;17;30;21;30;0,5667;0,7;1,2667;0,8;1,1333;1,9333
435;06/08/2023;05:15;CZECH REPUBLIC;CFL - GROUP B - ROUND 1;Hradec Kralove B;Prepere;18;30;20;30;0,6;0,6667;1,2667;1,3;1,0;2,3
436;06/08/2023;18:00;CANADA;CANADIAN PREMIER LEAGUE;Vancouver FC;Valour;12;18;18;30;0,6667;0,6;1,2667;1,5556;0,8667;2,4223
437;06/08/2023;11:00;BRAZIL;SERIE D - PLAY OFFS - 1/16-FINALS;Patrocinense;Brasil de Pelotas;20;30;18;30;0,6667;0,6;1,2667;0,9333;0,8;1,7333
438;06/08/2023;20:00;PERU;LIGA 1 - CLAUSURA - ROUND 7;FBC Melgar;U. de Deportes;20;30;18;30;0,6667;0,6;1,2667;1,3333;0,9;2,2333
439;06/08/2023;10:00;KAZAKHSTAN;PREMIER LEAGUE - ROUND 18;Tobol;Kaisar Kyzylorda;17;30;21;30;0,5667;0,7;1,2667;0,8667;1,2667;2,1334
440;06/08/2023;15:00;ARGENTINA;TORNEO FEDERAL - ROUND 25;Def. Pronunciamiento;Gimnasia E.R.;21;30;17;30;0,7;0,5667;1,2667;1,2;1,0333;2,2333
441;06/08/2023;12:00;BELARUS;VYSSHAYA LIGA - ROUND 16;Zhodino;Dynamo Brest;17;30;21;30;0,5667;0,7;1,2667;0,9667;1,4;2,3667
442;06/08/2023;11:00;RUSSIA;FNL 2 - DIVISION B - GROUP 1 - ROUND 4;SKA Rostov;Maykop;19;30;19;30;0,6333;0,6333;1,2666;1,1667;1,1;2,2667
443;06/08/2023;10:00;LATVIA;OPTIBET VIRSLIGA - ROUND 25;Auda;Jelgava;19;30;19;30;0,6333;0,6333;1,2666;0,9667;1,1667;2,1334
444;06/08/2023;15:30;ARGENTINA;PRIMERA NACIONAL - ROUND 25;Deportivo Maipu;Ferro;19;30;19;30;0,6333;0,6333;1,2666;1,0333;1,0333;2,0666
445;06/08/2023;15:00;ARGENTINA;TORNEO FEDERAL - ROUND 25;Circulo Deportivo;CA Liniers;19;30;19;30;0,6333;0,6333;1,2666;0,9333;1,0;1,9333
446;06/08/2023;15:00;MEXICO;LIGA DE EXPANSION MX - APERTURA - ROUND 3;Atlante;Tepatitlan de Morelos;16;30;22;30;0,5333;0,7333;1,2666;0,7;1,0667;1,7667
447;06/08/2023;14:00;GUATEMALA;LIGA NACIONAL - APERTURA - ROUND 2;Guastatoya;Zacapa;16;30;22;30;0,5333;0,7333;1,2666;0,8333;1,4667;2,3
448;06/08/2023;09:30;UKRAINE;PERSHA LIGA - ROUND 2;Ahrobiznes Volochysk;Metalist Kharkiv;19;30;19;30;0,6333;0,6333;1,2666;0,7667;1,4333;2,2
449;06/08/2023;12:00;NORTH MACEDONIA;1. MFL - ROUND 1;Bregalnica Stip;Sileks;19;30;19;30;0,6333;0,6333;1,2666;1,0667;1,2;2,2667
450;06/08/2023;12:00;NORTH MACEDONIA;1. MFL - ROUND 1;Brera Strumica;Vardar;16;30;22;30;0,5333;0,7333;1,2666;1,1333;1,0;2,1333
451;06/08/2023;12:00;NORWAY;ELITESERIEN - ROUND 17;Odd;Stabaek;16;30;22;30;0,5333;0,7333;1,2666;1,0667;1,3667;2,4334
452;06/08/2023;14:30;POLAND;DIVISION 2 - ROUND 3;Wisla Pulawy;S. Wola;19;30;19;30;0,6333;0,6333;1,2666;1,1667;1,1667;2,3334
453;06/08/2023;12:30;POLAND;III LIGA - GROUP IV - ROUND 1;Wiazownica;Biala Podlaska;19;30;19;30;0,6333;0,6333;1,2666;0,9667;1,2;2,1667
454;06/08/2023;08:00;VIETNAM;V.LEAGUE 1 - CHAMPIONSHIP GROUP - ROUND 5;Thanh Hoa;Viettel;22;30;16;30;0,7333;0,5333;1,2666;1,0667;0,9667;2,0334
455;06/08/2023;19:00;BRAZIL;SERIE D - PLAY OFFS - 1/16-FINALS;Maringa FC;Camboriu;19;30;19;30;0,6333;0,6333;1,2666;0,9667;1,0;1,9667
456;06/08/2023;18:00;BRAZIL;SERIE D - PLAY OFFS - 1/16-FINALS;Retro;Pacajus;19;30;19;30;0,6333;0,6333;1,2666;0,9333;1,2333;2,1666
457;06/08/2023;11:00;WORLD;CLUB FRIENDLY;Brighton (Eng);Rayo Vallecano (Esp);22;30;16;30;0,7333;0,5333;1,2666;1,4667;0,9667;2,4334
458;06/08/2023;15:00;BRAZIL;CAMPEONATO GAUCHO 2 - PLAY OFFS - SEMI-FINALS;Lajeadense;Santa Cruz RS;16;26;17;27;0,6154;0,6296;1,245;0,7692;0,8148;1,584
459;06/08/2023;15:00;ARGENTINA;TORNEO FEDERAL - ROUND 25;Germinal;Cipolletti;14;22;18;30;0,6364;0,6;1,2364;1,1818;0,9;2,0818
460;06/08/2023;11:00;DENMARK;SUPERLIGA - ROUND 3;Lyngby;Midtjylland;17;30;20;30;0,5667;0,6667;1,2334;1,3;1,3;2,6
461;06/08/2023;17:00;ARGENTINA;TORNEO FEDERAL - ROUND 25;Central Norte;Crucero del Norte;17;30;20;30;0,5667;0,6667;1,2334;0,8;1,0667;1,8667
462;06/08/2023;06:00;JAPAN;J3 LEAGUE - ROUND 21;Fukushima Utd;Azul Claro Numazu;20;30;17;30;0,6667;0,5667;1,2334;1,1333;0,9;2,0333
463;06/08/2023;14:00;WORLD;CLUB FRIENDLY;Eldense (Esp);CF Intercity (Esp);17;30;20;30;0,5667;0,6667;1,2334;0,9667;1,0333;2,0
464;06/08/2023;13:00;UKRAINE;PREMIER LEAGUE - ROUND 2;Rukh Lviv;Vorskla Poltava;20;30;17;30;0,6667;0,5667;1,2334;1,3333;1,1667;2,5
465;06/08/2023;07:00;JAPAN;J1 LEAGUE - ROUND 22;Urawa Reds;Yokohama F. Marinos;14;30;23;30;0,4667;0,7667;1,2334;0,7;1,6333;2,3333
466;06/08/2023;04:30;WORLD;CLUB FRIENDLY;Baleares (Esp);Andratx (Esp);20;30;17;30;0,6667;0,5667;1,2334;0,9333;0,9;1,8333
467;06/08/2023;16:00;BRAZIL;SERIE C - FIRST STAGE - ROUND 16;Operario;Sao Bernardo;17;30;20;30;0,5667;0,6667;1,2334;0,7667;0,9333;1,7
468;06/08/2023;12:30;SERBIA;PRVA LIGA - ROUND 1;Mladost GAT;Radnicki S. Mitrovica;17;30;20;30;0,5667;0,6667;1,2334;0,9;1,1667;2,0667
469;06/08/2023;14:15;BELGIUM;JUPILER PRO LEAGUE - ROUND 2;Kortrijk;St. Truiden;19;30;18;30;0,6333;0,6;1,2333;1,2667;0,9667;2,2334
470;06/08/2023;13:00;MOLDOVA;SUPER LIGA - ROUND 1;Zimbru Chisinau;Milsami;18;30;19;30;0,6;0,6333;1,2333;1,0667;0,9333;2,0
471;06/08/2023;09:15;VIETNAM;V.LEAGUE 1 - CHAMPIONSHIP GROUP - ROUND 5;Cong An;Hanoi FC;16;30;21;30;0,5333;0,7;1,2333;0,9;1,1333;2,0333
472;06/08/2023;22:00;VENEZUELA;LIGA FUTVE - ROUND 22;Universidad Central;Hermanos Colmenarez;19;30;18;30;0,6333;0,6;1,2333;1,1667;1,0667;2,2334
473;06/08/2023;16:30;VENEZUELA;LIGA FUTVE - ROUND 22;Carabobo;Metropolitanos;18;30;19;30;0,6;0,6333;1,2333;1,1;0,9667;2,0667
474;06/08/2023;13:00;RUSSIA;FNL - ROUND 4;Dynamo Makhachkala;Kamaz;16;30;21;30;0,5333;0,7;1,2333;0,7333;1,3667;2,1
475;06/08/2023;16:00;BRAZIL;SERIE A - ROUND 18;Sao Paulo;Atletico-MG;16;30;21;30;0,5333;0,7;1,2333;0,9;1,0;1,9
476;06/08/2023;15:00;ARGENTINA;TORNEO FEDERAL - ROUND 25;Ciudad Bolivar;Huracan Las Heras;19;30;18;30;0,6333;0,6;1,2333;1,1;0,9333;2,0333
477;06/08/2023;19:30;PARAGUAY;PRIMERA DIVISION - CLAUSURA - ROUND 5;Nacional Asuncion;Guairena FC;15;30;22;30;0,5;0,7333;1,2333;0,7;1,1333;1,8333
478;06/08/2023;10:00;SWEDEN;SUPERETTAN - ROUND 17;Skovde AIK;Vasteras SK;18;30;19;30;0,6;0,6333;1,2333;1,0667;1,0333;2,1
479;06/08/2023;00:00;FIJI;PREMIER LEAGUE - ROUND 15;Lautoka;Rewa;22;30;15;30;0,7333;0,5;1,2333;1,4667;1,0667;2,5334
480;06/08/2023;18:00;GUATEMALA;LIGA NACIONAL - APERTURA - ROUND 2;Deportivo Achuapa;Municipal;19;30;18;30;0,6333;0,6;1,2333;1,5667;1,2667;2,8334
481;06/08/2023;12:00;NORTH MACEDONIA;1. MFL - ROUND 1;Struga;KF Gostivar;21;30;16;30;0,7;0,5333;1,2333;1,3333;1,0;2,3333
482;06/08/2023;16:00;WORLD;CLUB FRIENDLY;Cadiz CF (Esp);Lecce (Ita);16;30;21;30;0,5333;0,7;1,2333;1,0333;1,1333;2,1666
483;06/08/2023;18:00;BRAZIL;SERIE B - ROUND 22;Ceara;ABC;24;30;13;30;0,8;0,4333;1,2333;1,4333;0,7;2,1333
484;06/08/2023;15:30;ARGENTINA;PRIMERA D - SECOND STAGE - ROUND 10;Sportivo Barracas;El Porvenir;13;30;24;30;0,4333;0,8;1,2333;0,6333;1,0333;1,6666
485;06/08/2023;12:30;HUNGARY;MERKANTIL BANK LIGA - ROUND 2;Honved;Kozarmisleny SE;19;30;18;30;0,6333;0,6;1,2333;0,9;0,8667;1,7667
486;06/08/2023;12:00;SERBIA;SUPER LIGA - ROUND 2;Radnicki 1923;Cukaricki;19;30;18;30;0,6333;0,6;1,2333;1,0;1,0333;2,0333
487;06/08/2023;21:00;USA;MLS NEXT PRO;Los Angeles FC II;Austin FC II;12;19;12;20;0,6316;0,6;1,2316;1,1579;0,95;2,1079
488;06/08/2023;16:00;BRAZIL;SERIE D - PLAY OFFS - 1/16-FINALS;Sousa;Falcon;19;30;17;30;0,6333;0,5667;1,2;1,0667;0,9;1,9667
489;06/08/2023;15:30;ARGENTINA;PRIMERA C - ROUND 30;San Martin Burzaco;Yupanqui;19;30;17;30;0,6333;0,5667;1,2;0,9667;1,0333;2,0
490;06/08/2023;19:15;VENEZUELA;LIGA FUTVE - ROUND 22;Puerto Cabello;Angostura;16;30;20;30;0,5333;0,6667;1,2;0,8;0,9667;1,7667
491;06/08/2023;06:00;JAPAN;J2 LEAGUE - ROUND 29;V-Varen Nagasaki;Iwaki;22;30;14;30;0,7333;0,4667;1,2;1,2;0,8667;2,0667
492;06/08/2023;20:00;ARGENTINA;TORNEO FEDERAL - ROUND 25;Sol de America;Boca Unidos;18;30;18;30;0,6;0,6;1,2;1,0333;1,1667;2,2
493;06/08/2023;14:00;SENEGAL;LIGUE 1 - ROUND 26;Pikine;Excellence;15;30;21;30;0,5;0,7;1,2;0,6333;1,1667;1,8
494;06/08/2023;07:00;JAPAN;J1 LEAGUE - ROUND 22;Sagan Tosu;Avispa Fukuoka;18;30;18;30;0,6;0,6;1,2;1,1333;0,9333;2,0666
495;06/08/2023;09:00;RUSSIA;FNL 2 - DIVISION B - GROUP 2 - ROUND 3;Dynamo Petersburg;Tver;22;30;14;30;0,7333;0,4667;1,2;1,1667;0,7333;1,9
496;06/08/2023;12:00;WORLD;CLUB FRIENDLY;Sibenik (Cro);Dugopolje (Cro);22;30;14;30;0,7333;0,4667;1,2;1,1333;0,7;1,8333
497;06/08/2023;15:00;MONTENEGRO;PRVA CRNOGORSKA LIGA - ROUND 3;Decic;OFK Petrovac;17;30;19;30;0,5667;0,6333;1,2;0,9;1,1667;2,0667
498;06/08/2023;17:00;COLOMBIA;PRIMERA B - CLAUSURA - ROUND 3;Cartagena;Boca Juniors;21;30;15;30;0,7;0,5;1,2;1,2333;0,8333;2,0666
499;06/08/2023;16:05;SERBIA;SUPER LIGA - ROUND 2;IMT Novi Beograd;FK Vozdovac;19;30;17;30;0,6333;0,5667;1,2;1,0;0,9333;1,9333
500;06/08/2023;12:00;RUSSIA;FNL 2 - DIVISION A GOLD - FALL SEASON - ROUND 4;D. Bryansk;S. Kostroma;16;30;20;30;0,5333;0,6667;1,2;1,0;1,0333;2,0333
501;06/08/2023;12:00;CZECH REPUBLIC;DIVISION B - ROUND 1;Louny;Neratovice;23;30;13;30;0,7667;0,4333;1,2;1,4;0,7;2,1
502;06/08/2023;18:00;ARGENTINA;PRIMERA NACIONAL - ROUND 28;Patronato;Deportivo Moron;20;30;16;30;0,6667;0,5333;1,2;1,1333;0,7;1,8333
503;06/08/2023;16:00;BRAZIL;SERIE D - PLAY OFFS - 1/16-FINALS;Nacional de Patos;ASA;14;30;22;30;0,4667;0,7333;1,2;0,8333;1,1;1,9333
504;06/08/2023;22:30;NORTH & CENTRAL AMERICA;LEAGUES CUP - PLAY OFFS - 1/8-FINALS;FC Dallas;Inter Miami;18;30;18;30;0,6;0,6;1,2;0,8333;1,0333;1,8666
505;06/08/2023;15:30;ARGENTINA;PRIMERA C - ROUND 30;Central Cordoba;Claypole;18;30;17;30;0,6;0,5667;1,1667;0,9333;0,9333;1,8666
506;06/08/2023;16:00;BRAZIL;SERIE D - PLAY OFFS - 1/16-FINALS;Anapolis;Democrata GV;14;30;21;30;0,4667;0,7;1,1667;0,8;0,8333;1,6333
507;06/08/2023;08:00;RUSSIA;FNL 2 - DIVISION A GOLD - FALL SEASON - ROUND 4;Omsk;R. Volgograd;20;30;15;30;0,6667;0,5;1,1667;1,0667;0,9;1,9667
508;06/08/2023;16:00;BRAZIL;SERIE D - PLAY OFFS - 1/16-FINALS;Nacional-AM;Parnahyba;21;30;14;30;0,7;0,4667;1,1667;0,9;0,9;1,8
509;06/08/2023;10:00;SOUTH AFRICA;PREMIER LEAGUE - ROUND 1;TS Galaxy;Cape Town Spurs;21;30;14;30;0,7;0,4667;1,1667;1,2667;0,8;2,0667
510;06/08/2023;14:00;GEORGIA;CRYSTALBET EROVNULI LIGA - ROUND 19;Dila Gori;Dinamo Tbilisi;15;30;20;30;0,5;0,6667;1,1667;0,9;1,3333;2,2333
511;06/08/2023;16:30;ARGENTINA;PRIMERA NACIONAL - ROUND 28;San Martin S.J.;All Boys;17;30;18;30;0,5667;0,6;1,1667;0,8;0,8667;1,6667
512;06/08/2023;15:00;BRAZIL;CAMPEONATO GAUCHO 2 - PLAY OFFS - SEMI-FINALS;Guarany de Bage;Monsoon;20;30;8;16;0,6667;0,5;1,1667;1,0;0,8125;1,8125
513;06/08/2023;13:00;WORLD;CLUB FRIENDLY;Gubbio (Ita);Ascoli (Ita);19;30;16;30;0,6333;0,5333;1,1666;0,9333;0,7333;1,6666
514;06/08/2023;11:00;BRAZIL;SERIE C - FIRST STAGE - ROUND 16;Figueirense;America RN;22;30;13;30;0,7333;0,4333;1,1666;0,8667;0,8;1,6667
515;06/08/2023;11:55;LITHUANIA;A LYGA - ROUND 25;Siauliai FA;Zalgiris;19;30;16;30;0,6333;0,5333;1,1666;1,0667;0,9667;2,0334
516;06/08/2023;16:00;ARGENTINA;PRIMERA NACIONAL - ROUND 25;CA Mitre;Atletico Atlanta;16;30;19;30;0,5333;0,6333;1,1666;0,9333;0,8333;1,7666
517;06/08/2023;11:00;PARAGUAY;DIVISION INTERMEDIA - ROUND 20;Colegiales;Sol de America;16;30;19;30;0,5333;0,6333;1,1666;1,0333;1,2;2,2333
518;06/08/2023;22:20;COLOMBIA;PRIMERA A - CLAUSURA - ROUND 4;Dep. Pasto;Santa Fe;13;30;22;30;0,4333;0,7333;1,1666;0,6333;1,2333;1,8666
519;06/08/2023;08:00;CHINA;YI LEAGUE - ROUND 14;Dalian Zhixing;Beijing Technology;7;15;20;30;0,4667;0,6667;1,1334;0,5333;1,0;1,5333
520;06/08/2023;16:00;VENEZUELA;LIGA FUTVE 2 - CLAUSURA - ROUND 4;Miranda;Fundacion AIFI;20;30;14;30;0,6667;0,4667;1,1334;0,9667;0,7667;1,7334
521;06/08/2023;14:00;SENEGAL;LIGUE 1 - ROUND 26;Casa;Douanes;20;30;14;30;0,6667;0,4667;1,1334;1,0333;0,5667;1,6
522;06/08/2023;09:00;GERMANY;REGIONALLIGA SUDWEST - ROUND 1;FC 08 Homburg;Aalen;17;30;17;30;0,5667;0,5667;1,1334;1,0667;1,1333;2,2
523;06/08/2023;14:00;SENEGAL;LIGUE 1 - ROUND 26;Diambars;Guediawaye;19;30;15;30;0,6333;0,5;1,1333;1,0333;0,8;1,8333
524;06/08/2023;16:00;ARGENTINA;PRIMERA NACIONAL - ROUND 25;Atl. Rafaela;Brown Adrogue;18;30;16;30;0,6;0,5333;1,1333;0,8;0,9;1,7
525;06/08/2023;15:30;ARGENTINA;PRIMERA B - CLAUSURA - ROUND 9;Fenix;UAI Urquiza;16;30;18;30;0,5333;0,6;1,1333;0,8333;0,9333;1,7666
526;06/08/2023;10:00;ZIMBABWE;PREMIER SOCCER LEAGUE - ROUND 18;Herentals;Triangle;19;30;15;30;0,6333;0,5;1,1333;0,8;0,6;1,4
527;06/08/2023;10:00;ZIMBABWE;PREMIER SOCCER LEAGUE - ROUND 18;Manica;CAPS Utd;16;30;18;30;0,5333;0,6;1,1333;0,6667;0,9333;1,6
528;06/08/2023;15:30;BRAZIL;SERIE B - ROUND 22;Ponte Preta;Chapecoense-SC;16;30;18;30;0,5333;0,6;1,1333;0,8;0,8667;1,6667
529;06/08/2023;08:00;CAMBODIA;CPL;Tiffy Army;Svay Rieng;18;30;16;30;0,6;0,5333;1,1333;1,4;1,0667;2,4667
530;06/08/2023;00:05;MEXICO;LIGA DE EXPANSION MX - APERTURA - ROUND 3;Cimarrones de Sonora;Dorados de Sinaloa;16;30;18;30;0,5333;0,6;1,1333;0,7667;0,9333;1,7
531;06/08/2023;17:00;PERU;LIGA 1 - CLAUSURA - ROUND 7;Carlos Mannucci;Cesar Vallejo;15;30;19;30;0,5;0,6333;1,1333;0,7;1,0333;1,7333
532;06/08/2023;15:00;BRAZIL;CAMPEONATO POTIGUAR - RELEGATION - PLAY OFFS - FINAL;Globo;Alecrim;16;30;18;30;0,5333;0,6;1,1333;0,8;1,0667;1,8667
533;06/08/2023;14:00;ARGENTINA;PRIMERA NACIONAL - ROUND 28;Guillermo Brown;San Martin T.;19;30;14;30;0,6333;0,4667;1,1;1,1333;0,6;1,7333
534;06/08/2023;15:30;ARGENTINA;PRIMERA D - SECOND STAGE - ROUND 10;Central Ballester;CSR Espanol;15;30;18;30;0,5;0,6;1,1;0,7333;0,9333;1,6666
535;06/08/2023;09:30;MALAWI;SUPER LEAGUE - ROUND 16;Chitipa United;Karonga United;15;30;18;30;0,5;0,6;1,1;0,7333;1,3333;2,0666
536;06/08/2023;20:05;MEXICO;LIGA DE EXPANSION MX - APERTURA - ROUND 3;Atl. Morelia;Celaya;17;30;16;30;0,5667;0,5333;1,1;0,9333;0,8333;1,7666
537;06/08/2023;16:30;VENEZUELA;LIGA FUTVE 2 - CLAUSURA - ROUND 4;Atletico La Cruz;Bolivar;16;30;17;30;0,5333;0,5667;1,1;0,6667;0,7333;1,4
538;06/08/2023;20:00;GUATEMALA;LIGA NACIONAL - APERTURA - ROUND 2;Xinabajul;Coatepeque;18;30;15;30;0,6;0,5;1,1;1,0333;0,7667;1,8
539;06/08/2023;10:30;GEORGIA;CRYSTALBET EROVNULI LIGA - ROUND 19;Samtredia;Telavi;16;30;17;30;0,5333;0,5667;1,1;0,9;1,0;1,9
540;06/08/2023;14:00;WORLD;CLUB FRIENDLY;Burgos CF (Esp);Alaves (Esp);19;30;14;30;0,6333;0,4667;1,1;0,7333;0,8;1,5333
541;06/08/2023;12:45;BULGARIA;PARVA LIGA - ROUND 4;CSKA Sofia;Slavia Sofia;18;30;15;30;0,6;0,5;1,1;0,9333;0,7333;1,6666
542;06/08/2023;06:00;JAPAN;J3 LEAGUE - ROUND 21;Osaka;YSCC;13;25;17;30;0,52;0,5667;1,0867;0,76;1,0;1,76
543;06/08/2023;14:00;SENEGAL;LIGUE 1 - ROUND 26;Teungueth;Sonacos;18;30;14;29;0,6;0,4828;1,0828;1,0;0,6207;1,6207
544;06/08/2023;07:00;JAPAN;J2 LEAGUE - ROUND 29;Tokushima;Chiba;15;30;17;30;0,5;0,5667;1,0667;0,6667;1,0;1,6667
545;06/08/2023;09:00;WORLD;CLUB FRIENDLY;Tritium (Ita);USD Casatese (Ita);17;30;15;30;0,5667;0,5;1,0667;1,3333;0,8;2,1333
546;06/08/2023;08:00;CHINA;JIA LEAGUE - ROUND 17;Nanjing City;Dongguan Guanlian;16;30;16;30;0,5333;0,5333;1,0666;0,9333;0,9667;1,9
547;06/08/2023;15:00;ITALY;COPPA ITALIA - 1/64-FINALS;FeralpiSalo;L.R. Vicenza;13;30;18;30;0,4333;0,6;1,0333;0,7667;1,0;1,7667
548;06/08/2023;10:00;ZIMBABWE;PREMIER SOCCER LEAGUE - ROUND 18;Dynamos;Hwange;13;30;18;30;0,4333;0,6;1,0333;0,7667;0,9667;1,7334
549;06/08/2023;14:00;SENEGAL;LIGUE 1 - ROUND 26;Linguere;Generation F.;19;30;12;30;0,6333;0,4;1,0333;1,0333;0,6667;1,7
550;06/08/2023;12:30;SOUTH AFRICA;PREMIER LEAGUE - ROUND 1;Cape Town City;Polokwane;15;30;15;30;0,5;0,5;1,0;0,7667;0,8667;1,6334
551;06/08/2023;07:00;JAPAN;J2 LEAGUE - ROUND 29;Omiya Ardija;Blaublitz;19;30;11;30;0,6333;0,3667;1,0;1,1;0,7;1,8
552;06/08/2023;14:00;SENEGAL;LIGUE 1 - ROUND 26;Dakar SC;US Goree;14;30;15;30;0,4667;0,5;0,9667;0,6667;0,7667;1,4334
553;06/08/2023;17:00;ARGENTINA;TORNEO FEDERAL - ROUND 25;Sarmiento Resistencia;Gimnasia y Tiro;17;30;12;30;0,5667;0,4;0,9667;0,7333;0,6;1,3333
554;06/08/2023;15:00;BRAZIL;CAMPEONATO CATARINENSE 2 - PLAY OFFS - QUARTER-FINALS;Gremio Juventus;Inter de Lages;18;30;11;30;0,6;0,3667;0,9667;0,9333;0,5333;1,4666
555;06/08/2023;15:05;ARGENTINA;PRIMERA NACIONAL - ROUND 28;Defensores Unidos;Nueva Chicago;15;30;14;30;0,5;0,4667;0,9667;0,6667;0,6667;1,3334
556;06/08/2023;15:30;ARGENTINA;PRIMERA B - CLAUSURA - ROUND 9;Sacachispas;Canuelas;12;30;16;30;0,4;0,5333;0,9333;0,5333;0,9667;1,5
557;06/08/2023;14:00;SENEGAL;LIGUE 1 - ROUND 26;Jaraaf;Mbour;10;30;15;30;0,3333;0,5;0,8333;0,4;0,6333;1,0333
