Nº;Date;Time;Country;League;Home;Away;golshtHome;totalHome;golshtAway;totalAway;pHome;pAway;pSum;avgHome;sdHome;avgAway;sdAway;avgSum
1;25/08/2023;15:45;NORTHERN IRELAND;PREMIERSHIP WOMEN - ROUND 13;Glentoran W;Sion Swifts W;20;20;19;20;1,0;0,95;1,95;3,25;2,1418;2,2;1,3266;5,45
2;25/08/2023;13:00;CZECH REPUBLIC;JIHOCESKY KP - ROUND 4;Olesnik;Hluboka nad Vltavou;19;20;19;20;0,95;0,95;1,9;1,9;1,1358;2,0;1,3784;3,9
3;25/08/2023;14:30;GERMANY;OBERLIGA HAMBURG - ROUND 5;SC Victoria Hamburg;Wandsbeker Concordia;19;20;19;20;0,95;0,95;1,9;2,1;1,261;2,3;1,2689;4,4
4;25/08/2023;15:45;NORTHERN IRELAND;PREMIERSHIP WOMEN - ROUND 13;Linfield W;Derry City W;19;20;19;20;0,95;0,95;1,9;1,95;1,1608;2,4;1,562;4,35
5;25/08/2023;15:00;SWEDEN;DIVISION 2 - SÖDRA SVEALAND - ROUND 18;Farsta;Huddinge;17;20;20;20;0,85;1,0;1,85;1,6;1,0677;1,8;0,8124;3,4
6;25/08/2023;06:00;CZECH REPUBLIC;U19 LEAGUE - ROUND 4;Dukla Prague U19;Ceske Budejovice U19;18;20;19;20;0,9;0,95;1,85;1,65;1,0618;2,3;1,1874;3,95
7;25/08/2023;10:00;MALAYSIA;SUPER LEAGUE - ROUND 21;Kelantan;Selangor;20;20;17;20;1,0;0,85;1,85;2,5;1,118;1,5;1,1619;4,0
8;25/08/2023;14:00;SLOVAKIA;1. LIGA WOMEN - ROUND 3;Myjava W;Petrzalka W;20;20;17;20;1,0;0,85;1,85;3,75;2,2995;1,25;0,7665;5,0
9;25/08/2023;14:00;ENGLAND;PREMIER LEAGUE 2 - ROUND 3;Manchester City U21;Aston Villa U21;19;20;18;20;0,95;0,9;1,85;2,1;1,261;1,9;1,3379;4,0
10;25/08/2023;15:00;ENGLAND;PREMIER LEAGUE 2 - ROUND 3;Norwich U21;Chelsea U21;18;20;18;20;0,9;0,9;1,8;1,9;1,2207;2,0;1,3784;3,9
11;25/08/2023;21:00;BOLIVIA;DIVISION PROFESIONAL - ROUND 25;Oriente Petrolero;Guabira;17;20;19;20;0,85;0,95;1,8;1,4;0,8602;1,55;0,9734;2,95
12;25/08/2023;13:00;NORWAY;DIVISION 3 - GROUP 3 - ROUND 17;Stord;Sandnes Ulf 2;18;20;18;20;0,9;0,9;1,8;1,6;1,0198;1,9;1,4799;3,5
13;25/08/2023;16:15;ICELAND;DIVISION 1 - ROUND 19;Grotta;Throttur;17;20;19;20;0,85;0,95;1,8;1,6;1,2;2,2;1,1225;3,8
14;25/08/2023;06:00;CZECH REPUBLIC;U19 LEAGUE - ROUND 4;Brno U19;Sigma Olomouc U19;18;20;18;20;0,9;0,9;1,8;2,2;1,2884;1,55;1,1169;3,75
15;25/08/2023;07:45;AUSTRALIA;NPL SOUTH AUSTRALIAN - PLAY OFFS - SEMI-FINALS;Modbury Jets;NE Metrostars;18;20;18;20;0,9;0,9;1,8;2,05;1,3219;1,85;1,3143;3,9
16;25/08/2023;15:00;ICELAND;DIVISION 2 - ROUND 19;Fjallabyggd;Volsungur;18;20;18;20;0,9;0,9;1,8;1,75;1,0897;1,55;0,9734;3,3
17;25/08/2023;14:00;AUSTRIA;STEIERMARK - ROUND 4;Heiligenkreuz;SV Frauental;18;20;13;15;0,9;0,8667;1,7667;2,45;1,4654;1,8667;1,2037;4,3167
18;25/08/2023;13:00;CZECH REPUBLIC;JIHOCESKY KP - ROUND 4;Trhove Sviny;Rudolfov;17;20;18;20;0,85;0,9;1,75;1,95;1,1169;2,0;1,5811;3,95
19;25/08/2023;11:30;CZECH REPUBLIC;DIVISION E - ROUND 4;Novy Jicin;Prerov;17;20;18;20;0,85;0,9;1,75;1,6;1,2806;1,8;1,249;3,4
20;25/08/2023;13:30;GERMANY;OBERLIGA BREMEN - ROUND 3;Brinkumer;Komet Arsten;18;20;17;20;0,9;0,85;1,75;2,1;1,3748;2,0;1,4832;4,1
21;25/08/2023;13:00;CZECH REPUBLIC;MSFL - ROUND 4;Start Brno;Blansko;17;20;18;20;0,85;0,9;1,75;1,35;0,9631;2,1;1,6703;3,45
22;25/08/2023;14:30;GERMANY;OBERLIGA HESSEN - ROUND 5;SV Steinbach;Hanau;17;20;18;20;0,85;0,9;1,75;1,6;1,241;1,75;0,9937;3,35
23;25/08/2023;15:45;NORTHERN IRELAND;NIFL CHAMPIONSHIP - ROUND 4;Portadown;Bangor FC;18;20;17;20;0,9;0,85;1,75;1,4;0,9695;1,9;1,546;3,3
24;25/08/2023;13:00;DENMARK;3RD DIVISION;Avarta;Holbaek;17;20;18;20;0,85;0,9;1,75;1,55;1,0235;1,65;1,0618;3,2
25;25/08/2023;12:00;FINLAND;KAKKONEN GROUP C;GBK Kokkola;Narpes Kraft;19;20;16;20;0,95;0,8;1,75;1,85;1,0618;1,45;0,9206;3,3
26;25/08/2023;13:00;FINLAND;KAKKONEN GROUP B;Tampere Utd;Honka Akatemia;18;20;17;20;0,9;0,85;1,75;1,5;0,9747;1,8;1,1662;3,3
27;25/08/2023;14:00;AUSTRIA;STEIERMARK - ROUND 4;Ilzer SV;UFC Fehring;17;18;12;15;0,9444;0,8;1,7444;2,6667;1,7321;1,6667;1,2472;4,3334
28;25/08/2023;14:00;NORWAY;DIVISION 3 - GROUP 3 - ROUND 17;Eiger;Madla IL;16;18;17;20;0,8889;0,85;1,7389;1,6111;1,38;1,6;1,0198;3,2111
29;25/08/2023;23:00;COSTA RICA;LIGA DE ASCENSO - APERTURA - ROUND 7;Consultants Desamparados;Cariari Pococi;16;20;18;20;0,8;0,9;1,7;1,45;1,1608;1,7;1,1446;3,15
30;25/08/2023;13:30;NORWAY;DIVISION 3 - GROUP 3 - ROUND 17;Staal Jorpeland;Brodd;19;20;15;20;0,95;0,75;1,7;2,4;1,5297;1,2;0,9274;3,6
31;25/08/2023;15:00;BELGIUM;CHALLENGER PRO LEAGUE - ROUND 3;Seraing;Waregem;19;20;15;20;0,95;0,75;1,7;1,6;0,8;1,7;1,382;3,3
32;25/08/2023;09:00;KAZAKHSTAN;FIRST DIVISION - ROUND 21;Akademiya Ontustik;FC Astana 2;18;20;16;20;0,9;0,8;1,7;2,6;1,772;1,6;1,1576;4,2
33;25/08/2023;14:00;GERMANY;OBERLIGA BAYERN NORD - ROUND 8;Ammerthal;Cham;16;20;18;20;0,8;0,9;1,7;1,55;1,0235;1,45;0,7399;3,0
34;25/08/2023;15:00;ICELAND;DIVISION 1 - ROUND 19;Akranes;Selfoss;16;20;18;20;0,8;0,9;1,7;1,4;0,9695;1,9;1,0909;3,3
35;25/08/2023;13:00;FINLAND;KAKKONEN GROUP B;Atlantis;Ilves-Kissat;15;20;19;20;0,75;0,95;1,7;1,8;1,5362;2,15;1,2757;3,95
36;25/08/2023;14:00;SWEDEN;DIVISION 2 - NORRLAND - ROUND 18;Team TG FF;Friska Viljor;18;20;16;20;0,9;0,8;1,7;1,65;1,1522;1,55;1,0712;3,2
37;25/08/2023;14:00;SWEDEN;DIVISION 2 - VÄSTRA GÖTALAND - ROUND 18;Varbergs GIF;BK Astrio;18;20;16;20;0,9;0,8;1,7;1,55;0,9206;1,3;0,9539;2,85
38;25/08/2023;13:00;CZECH REPUBLIC;PLZENSKY KP - ROUND 4;Nepomuk;Nyrsko;18;20;16;20;0,9;0,8;1,7;1,9;1,261;1,6;1,0677;3,5
39;25/08/2023;11:00;UNITED ARAB EMIRATES;UAE LEAGUE - ROUND 2;Emirates Club;Ajman;17;20;17;20;0,85;0,85;1,7;1,75;1,3739;1,8;1,249;3,55
40;25/08/2023;15:45;ENGLAND;ISTHMIAN LEAGUE PREMIER DIVISION - ROUND 4;Margate;Cheshunt;19;20;15;20;0,95;0,75;1,7;1,7;1,005;1,15;0,9097;2,85
41;25/08/2023;13:00;AFRICA;CAF CONFEDERATION CUP - QUALIFICATION - SEMI-FINALS;Azam;Bahir Dar Kenema;17;20;17;20;0,85;0,85;1,7;1,45;1,244;1,4;0,8602;2,85
42;25/08/2023;15:45;SCOTLAND;LOWLAND LEAGUE;Hearts B;Caledonian Braves;15;20;19;20;0,75;0,95;1,7;1,55;1,0712;1,8;1,249;3,35
43;25/08/2023;06:00;CZECH REPUBLIC;U19 LEAGUE - ROUND 4;Ostrava U19;Karvina U19;16;20;18;20;0,8;0,9;1,7;1,5;1,118;2,1;1,0909;3,6
44;25/08/2023;14:00;GERMANY;REGIONALLIGA BAYERN - ROUND 6;Bayern II;Schalding;17;20;17;20;0,85;0,85;1,7;1,8;1,2083;1,45;0,9206;3,25
45;25/08/2023;13:00;GERMANY;REGIONALLIGA BAYERN - ROUND 6;Aubstadt;Nurnberg II;16;20;18;20;0,8;0,9;1,7;1,45;1,1608;1,65;1,1948;3,1
46;25/08/2023;14:00;AUSTRIA;KARNTEN - ROUND 6;Volkermarkt;St. Jakob/Ros;16;20;13;15;0,8;0,8667;1,6667;2,45;2,1089;2,7333;1,8785;5,1833
47;25/08/2023;15:45;IRELAND;DIVISION 1 - ROUND 28;Athlone;Wexford;18;20;15;20;0,9;0,75;1,65;1,85;1,4239;1,25;1,1779;3,1
48;25/08/2023;13:30;DENMARK;ELITEDIVISIONEN WOMEN - ROUND 1;KoldingQ W;Aarhus W;16;20;17;20;0,8;0,85;1,65;1,15;0,7921;1,8;1,3638;2,95
49;25/08/2023;15:00;ICELAND;DIVISION 2 - ROUND 19;Haukar;IR Reykjavik;17;20;16;20;0,85;0,8;1,65;1,5;1,0247;1,8;1,631;3,3
50;25/08/2023;13:30;GERMANY;OBERLIGA BREMEN - ROUND 3;OSC Bremerhaven;Oberneuland;17;20;16;20;0,85;0,8;1,65;1,75;1,1347;2,2;1,6613;3,95
51;25/08/2023;14:30;GERMANY;REGIONALLIGA WEST - ROUND 5;Alemannia Aachen;Schalke II;17;20;16;20;0,85;0,8;1,65;1,8;1,4;1,6;1,1576;3,4
52;25/08/2023;14:00;GERMANY;OBERLIGA BAYERN NORD - ROUND 8;Neudrossenfeld;Ingolstadt II;15;20;18;20;0,75;0,9;1,65;1,4;1,0198;1,4;0,9165;2,8
53;25/08/2023;14:00;DENMARK;1ST DIVISION - ROUND 7;Horsens;Naestved;16;20;17;20;0,8;0,85;1,65;1,2;0,7483;1,5;1,0247;2,7
54;25/08/2023;13:00;CZECH REPUBLIC;USTECKY KP - ROUND 3;Modlany;Nestemice;17;20;16;20;0,85;0,8;1,65;1,75;1,1779;1,9;1,5133;3,65
55;25/08/2023;14:00;CZECH REPUBLIC;STREDOCESKY KP - ROUND 4;Porici n. S.;Libis;16;20;17;20;0,8;0,85;1,65;1,4;1,0677;1,7;1,7349;3,1
56;25/08/2023;13:00;CZECH REPUBLIC;PLZENSKY KP - ROUND 4;Sokol Lhota;Sokol Radnice;15;20;18;20;0,75;0,9;1,65;1,45;1,1608;1,85;1,2757;3,3
57;25/08/2023;11:00;KAZAKHSTAN;FIRST DIVISION - ROUND 21;Zhenis;Taraz;17;20;16;20;0,85;0,8;1,65;1,6;1,0198;1,35;0,9631;2,95
58;25/08/2023;16:00;WORLD;CLUB FRIENDLY WOMEN;Guingamp W;Fleury 91 W;17;20;16;20;0,85;0,8;1,65;1,7;1,1;1,95;1,5322;3,65
59;25/08/2023;22:06;MEXICO;LIGA MX WOMEN - APERTURA - ROUND 8;Mazatlan FC W;Club America W;16;20;17;20;0,8;0,85;1,65;1,65;1,3883;1,65;1,1079;3,3
60;25/08/2023;07:00;AUSTRALIA;NPL SOUTH AUSTRALIAN - PLAY OFFS - SEMI-FINALS;Adelaide U21;Campbelltown City;16;20;17;20;0,8;0,85;1,65;1,45;1,0712;1,65;1,0137;3,1
61;25/08/2023;15:30;BELGIUM;SUPER LEAGUE WOMEN - ROUND 1;Gent W;RSC Anderlecht W;15;20;18;20;0,75;0,9;1,65;1,55;1,3219;1,5;0,8062;3,05
62;25/08/2023;13:10;AUSTRIA;2. LIGA - ROUND 5;St. Polten;Floridsdorfer AC;17;20;16;20;0,85;0,8;1,65;1,2;0,7483;1,3;0,9;2,5
63;25/08/2023;07:00;AUSTRALIA;NPL VICTORIA - PLAY OFFS - QUARTER-FINALS;Oakleigh Cannons;Altona Magic;15;20;18;20;0,75;0,9;1,65;1,5;1,1619;1,8;1,0296;3,3
64;25/08/2023;14:30;AUSTRIA;BURGENLAND - ROUND 4;Parndorf;Margarethen;17;20;16;20;0,85;0,8;1,65;1,8;1,5033;2,25;1,9969;4,05
65;25/08/2023;14:30;AUSTRIA;NIEDEROSTERREICH - ROUND 4;Kottingbrunn;Zwettl;15;20;18;20;0,75;0,9;1,65;1,5;1,2042;1,85;1,2359;3,35
66;25/08/2023;13:00;AUSTRIA;WIEN - ROUND 2;Wienerberger;Schwechat;16;20;17;20;0,8;0,85;1,65;1,6;1,4283;1,9;1,261;3,5
67;25/08/2023;08:00;KAZAKHSTAN;FIRST DIVISION - ROUND 21;Yelimay Semey;Aktobe 2;15;20;16;18;0,75;0,8889;1,6389;1,3;1,1;2,0556;1,1772;3,3556
68;25/08/2023;14:00;GERMANY;REGIONALLIGA NORTH - ROUND 5;SC Weiche-08;VfB Oldenburg;16;20;16;20;0,8;0,8;1,6;1,45;1,1169;1,55;0,9206;3,0
69;25/08/2023;12:00;ROMANIA;LIGA 3 - SERIA 10 - ROUND 1;Satu Mare;Sanatatea Cluj;16;20;16;20;0,8;0,8;1,6;1,4;1,0198;1,95;1,7457;3,35
70;25/08/2023;12:30;QATAR;QSL - ROUND 2;Al-Duhail;Muaither SC;16;20;16;20;0,8;0,8;1,6;1,6;1,3565;1,4;0,9165;3,0
71;25/08/2023;15:00;ENGLAND;PREMIER LEAGUE 2 - ROUND 3;Leeds U21;West Ham U21;16;20;16;20;0,8;0,8;1,6;1,7;1,1874;1,4;1,0677;3,1
72;25/08/2023;14:30;AUSTRIA;REGIONALLIGA EAST - ROUND 5;Drassburg;Mauerwerk;17;20;15;20;0,85;0,75;1,6;1,65;1,1948;1,6;1,3928;3,25
73;25/08/2023;12:00;ROMANIA;LIGA 3 - SERIA 5 - ROUND 1;Kids Tampa Brasov;Sepsi Sf. Gheorghe 2;16;20;16;20;0,8;0,8;1,6;1,75;1,337;1,5;1,0724;3,25
74;25/08/2023;12:00;ROMANIA;LIGA 3 - SERIA 8 - ROUND 1;Avantul Periam;Progresul Pecica;16;20;16;20;0,8;0,8;1,6;1,65;1,2359;1,65;1,1948;3,3
75;25/08/2023;15:45;WORLD;CLUB FRIENDLY;Mosta;Santa Lucia;17;20;15;20;0,85;0,75;1,6;1,45;0,8047;1,0;0,7746;2,45
76;25/08/2023;14:00;GERMANY;REGIONALLIGA NORDOST - ROUND 5;BFC Dynamo;Jena;18;20;14;20;0,9;0,7;1,6;1,6;0,9695;1,5;1,4318;3,1
77;25/08/2023;15:00;ENGLAND;PREMIER LEAGUE 2 - ROUND 3;Derby U21;Tottenham U21;14;20;18;20;0,7;0,9;1,6;1,55;1,4654;1,6;1,0198;3,15
78;25/08/2023;13:30;GERMANY;2. BUNDESLIGA - ROUND 4;Schalke;Holstein Kiel;18;20;14;20;0,9;0,7;1,6;1,85;1,1522;1,55;1,2031;3,4
79;25/08/2023;14:00;GERMANY;3. LIGA - ROUND 4;Duisburg;Ulm;19;20;13;20;0,95;0,65;1,6;1,65;1,0618;1,2;0,9798;2,85
80;25/08/2023;14:00;GERMANY;OBERLIGA WESTFALEN - ROUND 3;Siegen;Finnentrop/Bamenohl;15;20;17;20;0,75;0,85;1,6;1,5;1,3601;1,95;1,6576;3,45
81;25/08/2023;14:00;GERMANY;REGIONALLIGA BAYERN - ROUND 6;Illertissen;SpVgg Bayreuth;15;20;17;20;0,75;0,85;1,6;1,25;0,9421;1,45;1,2835;2,7
82;25/08/2023;07:00;SOUTH KOREA;K LEAGUE 1 - ROUND 28;Suwon FC;Incheon;17;20;15;20;0,85;0,75;1,6;1,2;0,8124;1,3;1,1446;2,5
83;25/08/2023;08:00;POLAND;CENTRAL YOUTH LEAGUE - ROUND 3;Wisla U19;Zaglebie U19;18;20;14;20;0,9;0,7;1,6;1,85;1,3143;1,5;1,3229;3,35
84;25/08/2023;14:30;AUSTRIA;REGIONALLIGA EAST - ROUND 5;Kremser;Favoritner;17;20;15;20;0,85;0,75;1,6;1,55;1,0235;1,5;1,5;3,05
85;25/08/2023;20:00;PARAGUAY;PRIMERA DIVISION - CLAUSURA - ROUND 8;Ameliano;Guairena FC;17;20;15;20;0,85;0,75;1,6;1,3;0,9;1,1;0,7681;2,4
86;25/08/2023;14:00;AUSTRIA;REGIONALLIGA CENTRAL - ROUND 5;ASK Voitsberg;Bad Gleichenberg;16;20;16;20;0,8;0,8;1,6;1,6;1,241;1,65;1,3519;3,25
87;25/08/2023;14:00;GERMANY;OBERLIGA BAYERN NORD - ROUND 8;1. SC Feucht;Donaustauf;15;20;17;20;0,75;0,85;1,6;1,2;1,077;1,65;1,1948;2,85
88;25/08/2023;14:00;AUSTRIA;REGIONALLIGA CENTRAL - ROUND 5;Vocklamarkt;LASK;15;20;17;20;0,75;0,85;1,6;1,2;0,9274;2,05;1,5644;3,25
89;25/08/2023;13:00;CZECH REPUBLIC;DIVISION 2 - ROUND 7;Pribram;Dukla Prague;14;20;18;20;0,7;0,9;1,6;1,35;1,2359;1,9;1,3379;3,25
90;25/08/2023;15:00;NETHERLANDS;EERSTE DIVISIE - ROUND 3;Cambuur;Jong Ajax;17;20;15;20;0,85;0,75;1,6;1,8;1,249;1,75;1,479;3,55
91;25/08/2023;13:00;CZECH REPUBLIC;DIVISION 2 - ROUND 7;Jihlava;Chrudim;16;20;16;20;0,8;0,8;1,6;1,8;1,4353;1,4;1,241;3,2
92;25/08/2023;11:00;PALESTINE;WEST BANK LEAGUE - ROUND 2;Thaqafi Tulkarem;Albirah;15;20;17;20;0,75;0,85;1,6;1,25;0,8874;1,25;0,8874;2,5
93;25/08/2023;14:00;GERMANY;OBERLIGA BAYERN SÜD - ROUND 8;Garching;Ismaning;18;20;14;20;0,9;0,7;1,6;1,8;1,3266;1,0;0,8367;2,8
94;25/08/2023;15:45;IRELAND;DIVISION 1 - ROUND 28;Bray;Waterford;15;20;17;20;0,75;0,85;1,6;1,4;1,241;1,9;1,3;3,3
95;25/08/2023;14:00;ICELAND;DIVISION 1 - ROUND 19;Thor Akureyri;Njardvik;15;20;17;20;0,75;0,85;1,6;1,2;0,9274;1,85;1,5256;3,05
96;25/08/2023;15:45;NORTHERN IRELAND;NIFL CHAMPIONSHIP - ROUND 4;Ards;H&W Welders;16;20;16;20;0,8;0,8;1,6;1,6;1,1576;1,65;1,4925;3,25
97;25/08/2023;15:45;IRELAND;DIVISION 1 - ROUND 28;Treaty United;Kerry;16;20;16;20;0,8;0,8;1,6;1,6;1,241;1,45;1,0235;3,05
98;25/08/2023;20:30;USA;MLS NEXT PRO;Crown Legacy;Toronto FC II;15;20;16;20;0,75;0,8;1,55;1,5;1,2042;1,3;0,9;2,8
99;25/08/2023;15:45;IRELAND;DIVISION 1 - ROUND 28;Galway;Cobh Ramblers;16;20;15;20;0,8;0,75;1,55;1,55;1,2835;1,65;1,1948;3,2
100;25/08/2023;15:15;SWITZERLAND;CHALLENGE LEAGUE - ROUND 5;Bellinzona;Thun;16;20;15;20;0,8;0,75;1,55;1,35;1,0618;1,65;1,3519;3,0
101;25/08/2023;13:00;ITALY;PRIMAVERA 1 - ROUND 1;Sassuolo U19;Sampdoria U19;14;20;17;20;0,7;0,85;1,55;0,9;0,7;1,8;1,077;2,7
102;25/08/2023;15:30;WALES;CYMRU NORTH - ROUND 5;Guilsfield;Llanidloes;15;20;16;20;0,75;0,8;1,55;1,4;1,5297;1,55;1,244;2,95
103;25/08/2023;15:30;ITALY;SERIE B - ROUND 2;Sampdoria;Pisa;18;20;13;20;0,9;0,65;1,55;1,75;1,1347;0,85;0,7263;2,6
104;25/08/2023;14:00;GERMANY;REGIONALLIGA NORDOST - ROUND 5;Viktoria Berlin;Altglienicke;12;20;19;20;0,6;0,95;1,55;1,1;1,044;2,1;1,4457;3,2
105;25/08/2023;15:00;NETHERLANDS;EERSTE DIVISIE - ROUND 3;Dordrecht;Maastricht;17;20;14;20;0,85;0,7;1,55;1,6;1,1136;1,4;1,241;3,0
106;25/08/2023;14:30;SWEDEN;DIVISION 2 - SÖDRA SVEALAND - ROUND 18;Haninge;Assyriska FF;17;20;14;20;0,85;0,7;1,55;1,25;0,7665;1,3;1,1446;2,55
107;25/08/2023;14:00;GERMANY;REGIONALLIGA WEST - ROUND 5;Wiedenbruck;Ahlen;14;20;17;20;0,7;0,85;1,55;1,35;1,1522;1,25;0,9421;2,6
108;25/08/2023;14:30;SWITZERLAND;CHALLENGE LEAGUE - ROUND 5;Stade Nyonnais;Sion;13;20;18;20;0,65;0,9;1,55;1,55;1,4654;1,8;1,1662;3,35
109;25/08/2023;14:30;SWITZERLAND;CHALLENGE LEAGUE - ROUND 5;Schaffhausen;Aarau;15;20;16;20;0,75;0,8;1,55;2,05;1,4992;1,5;1,2042;3,55
110;25/08/2023;14:00;SWEDEN;DIVISION 2 - VÄSTRA GÖTALAND - ROUND 18;Landvetter;Savedalen;14;20;17;20;0,7;0,85;1,55;1,15;0,9631;1,45;1,0712;2,6
111;25/08/2023;15:30;POLAND;EKSTRAKLASA - ROUND 6;Widzew Lodz;Slask Wroclaw;16;20;15;20;0,8;0,75;1,55;1,3;0,9539;1,5;1,2845;2,8
112;25/08/2023;14:00;SWEDEN;DIVISION 1 - SÖDRA - ROUND 19;Ariana;Torns;15;20;16;20;0,75;0,8;1,55;1,2;0,9274;1,05;0,7399;2,25
113;25/08/2023;15:45;NORTHERN IRELAND;NIFL PREMIERSHIP - ROUND 5;Loughgall;Glenavon;15;20;16;20;0,75;0,8;1,55;1,3;1,005;1,3;1,005;2,6
114;25/08/2023;15:00;ICELAND;DIVISION 1 - ROUND 19;Grindavik;Aegir;16;20;15;20;0,8;0,75;1,55;1,2;0,8124;1,65;1,2359;2,85
115;25/08/2023;14:00;SLOVAKIA;2. LIGA - ROUND 5;Pohronie;L. Mikulas;16;20;15;20;0,8;0,75;1,55;1,35;1,0618;1,45;1,1608;2,8
116;25/08/2023;14:00;GERMANY;OBERLIGA BADEN-WÜRTTEMBERG - ROUND 4;Pforzheim;Hollenbach;17;20;14;20;0,85;0,7;1,55;1,5;1,0247;1,1;0,8888;2,6
117;25/08/2023;12:00;ROMANIA;LIGA 3 - SERIA 4 - ROUND 1;CS Din. Bucuresti;Tricolorul Breaza;17;20;14;20;0,85;0,7;1,55;1,5;0,9747;0,9;0,8307;2,4
118;25/08/2023;09:00;KAZAKHSTAN;FIRST DIVISION - ROUND 21;Arys;FK Akzhayik;16;20;15;20;0,8;0,75;1,55;1,7;1,4177;1,4;1,2;3,1
119;25/08/2023;16:00;ENGLAND;PREMIER LEAGUE - ROUND 3;Chelsea;Luton;17;20;14;20;0,85;0,7;1,55;1,45;0,8047;1,05;0,8047;2,5
120;25/08/2023;13:10;AUSTRIA;2. LIGA - ROUND 5;Liefering;Ried;17;20;14;20;0,85;0,7;1,55;1,45;0,9206;1,1;1,044;2,55
121;25/08/2023;13:00;CZECH REPUBLIC;DIVISION A - ROUND 4;Marianske Lazne;Sokolov;17;20;14;20;0,85;0,7;1,55;1,5;0,9747;1,25;1,0897;2,75
122;25/08/2023;14:00;AUSTRIA;REGIONALLIGA CENTRAL - ROUND 5;Allerheiligen;SC Weiz;15;20;16;20;0,75;0,8;1,55;1,65;1,3143;1,7;1,3077;3,35
123;25/08/2023;14:30;AUSTRIA;REGIONALLIGA CENTRAL - ROUND 5;Deutschlandsberger;WSC Wels;14;20;17;20;0,7;0,85;1,55;1,5;1,3229;1,85;1,2757;3,35
124;25/08/2023;14:00;AUSTRIA;REGIONALLIGA WEST - ROUND 5;Schwaz;SC Imst;13;20;18;20;0,65;0,9;1,55;1,35;1,4586;2,0;1,3416;3,35
125;25/08/2023;14:00;AUSTRIA;KARNTEN - ROUND 6;Lendorf;SV Spittal;17;20;14;20;0,85;0,7;1,55;1,85;1,1079;1,45;1,4992;3,3
126;25/08/2023;15:30;BELGIUM;BELGIAN CUP - QUALIFICATION - SEMI-FINALS;Dessel;Tongeren;16;20;15;20;0,8;0,75;1,55;1,4;1,0198;1,4;1,0677;2,8
127;25/08/2023;15:00;ENGLAND;PREMIER LEAGUE 2 - ROUND 3;Everton U21;Brighton U21;15;20;16;20;0,75;0,8;1,55;1,45;1,0712;1,7;1,2689;3,15
128;25/08/2023;15:00;ENGLAND;PREMIER LEAGUE 2 - ROUND 3;Middlesbrough U21;Wolves U21;16;20;15;20;0,8;0,75;1,55;1,95;1,4654;1,85;1,4586;3,8
129;25/08/2023;15:30;GERMANY;BUNDESLIGA - ROUND 2;RB Leipzig;Stuttgart;15;20;16;20;0,75;0,8;1,55;1,9;1,7578;1,35;0,9097;3,25
130;25/08/2023;15:45;ENGLAND;NATIONAL LEAGUE - ROUND 5;Rochdale;Bromley;15;20;16;20;0,75;0,8;1,55;1,25;1,0897;1,15;0,8529;2,4
131;25/08/2023;13:00;ITALY;PRIMAVERA 1 - ROUND 1;Inter U19;Empoli U19;15;20;15;20;0,75;0,75;1,5;1,5;1,3229;1,15;0,8529;2,65
132;25/08/2023;14:30;GERMANY;OBERLIGA NIEDERSACHSEN - ROUND 4;Heeslinger;BSV Rehden;15;20;15;20;0,75;0,75;1,5;1,55;1,5644;1,35;1,0137;2,9
133;25/08/2023;14:30;QATAR;QSL - ROUND 2;Al Rayyan;Qatar SC;14;20;16;20;0,7;0,8;1,5;1,25;1,1347;1,4;1,1576;2,65
134;25/08/2023;15:00;AUSTRIA;REGIONALLIGA EAST - ROUND 5;Austria Vienna;Wiener Sport-Club;16;20;14;20;0,8;0,7;1,5;1,5;1,2042;1,3;1,2288;2,8
135;25/08/2023;13:00;GERMANY;OBERLIGA BAYERN NORD - ROUND 8;Wurzburger FV;Eichstatt;13;20;17;20;0,65;0,85;1,5;1,1;0,995;1,45;0,8646;2,55
136;25/08/2023;12:00;CZECH REPUBLIC;MSFL - ROUND 4;Zlinsko;Hodonin;16;20;14;20;0,8;0,7;1,5;1,45;1,0712;1,3;1,2689;2,75
137;25/08/2023;13:00;CZECH REPUBLIC;CFL - GROUP A - ROUND 4;Pisek;Karlovy Vary;15;20;15;20;0,75;0,75;1,5;1,65;1,3883;1,3;0,9539;2,95
138;25/08/2023;12:30;CZECH REPUBLIC;DIVISION 2 - ROUND 7;Opava;Sigma Olomouc B;12;20;18;20;0,6;0,9;1,5;1,05;1,0712;2,15;1,2359;3,2
139;25/08/2023;13:10;AUSTRIA;2. LIGA - ROUND 5;Stripfing;Horn;15;20;15;20;0,75;0,75;1,5;1,4;1,1136;1,45;1,0235;2,85
140;25/08/2023;12:45;GERMANY;OBERLIGA BAYERN SÜD - ROUND 8;Rain/Lech;Dachau;15;20;15;20;0,75;0,75;1,5;1,55;1,3592;1,6;1,3565;3,15
141;25/08/2023;14:30;GERMANY;OBERLIGA NOFV-NORD - ROUND 4;Hertha Zehlendorf;RSV Eintracht;17;20;13;20;0,85;0,65;1,5;1,7;1,1446;1,65;1,558;3,35
142;25/08/2023;14:00;GERMANY;OBERLIGA BAYERN SÜD - ROUND 8;Erlbach;Gundelfingen;13;20;17;20;0,65;0,85;1,5;1,0;1,0488;1,2;0,6782;2,2
143;25/08/2023;14:30;GERMANY;OBERLIGA NIEDERRHEIN - ROUND 3;Germania Ratingen;Straelen;15;20;15;20;0,75;0,75;1,5;1,35;1,0618;1,35;1,0137;2,7
144;25/08/2023;12:00;ROMANIA;LIGA 3 - SERIA 8 - ROUND 1;Ineu;Teuz Cermei;12;20;18;20;0,6;0,9;1,5;1,05;1,1169;1,9;1,0909;2,95
145;25/08/2023;13:00;AZERBAIJAN;PREMIER LEAGUE - ROUND 4;Araz;Sumqayit;16;20;14;20;0,8;0,7;1,5;1,35;1,3143;1,25;1,1347;2,6
146;25/08/2023;08:00;ENGLAND;PROFESSIONAL DEVELOPMENT LEAGUE;Sheffield Wed U21;Watford U21;15;20;15;20;0,75;0,75;1,5;1,45;1,244;1,25;0,8874;2,7
147;25/08/2023;15:45;NORTHERN IRELAND;NIFL PREMIERSHIP - ROUND 5;Dungannon;Coleraine;15;20;15;20;0,75;0,75;1,5;1,2;0,8124;1,35;1,0137;2,55
148;25/08/2023;05:00;INDONESIA;LIGA 1 - ROUND 10;Madura United;FC Bhayangkara;14;20;16;20;0,7;0,8;1,5;1,2;1,2083;1,4;1,241;2,6
149;25/08/2023;15:00;NETHERLANDS;EERSTE DIVISIE - ROUND 3;Den Bosch;Den Haag;12;20;18;20;0,6;0,9;1,5;1,0;1,0488;1,6;1,0198;2,6
150;25/08/2023;15:45;IRELAND;PREMIER DIVISION - ROUND 28;Shamrock Rovers;Dundalk;14;20;16;20;0,7;0,8;1,5;1,0;0,8367;1,35;1,0618;2,35
151;25/08/2023;15:45;IRELAND;PREMIER DIVISION - ROUND 28;UC Dublin;St. Patricks;18;20;12;20;0,9;0,6;1,5;1,7;1,0536;1,0;0,9487;2,7
152;25/08/2023;08:35;CHINA;SUPER LEAGUE - ROUND 24;Shenzhen;Shandong Taishan;17;20;13;20;0,85;0,65;1,5;1,4;0,8602;1,45;1,4654;2,85
153;25/08/2023;08:35;CHINA;SUPER LEAGUE - ROUND 24;Henan Songshan Longmen;Shanghai Port;16;20;14;20;0,8;0,7;1,5;1,3;1,0536;1,3;1,1;2,6
154;25/08/2023;22:00;MEXICO;LIGA MX WOMEN - APERTURA - ROUND 8;U.A.N.L.- Tigres W;Atlas W;15;20;15;20;0,75;0,75;1,5;2,05;1,9868;1,65;1,3143;3,7
155;25/08/2023;14:00;AUSTRIA;REGIONALLIGA WEST - ROUND 5;Bischofshofen;TSV St. Johann;13;20;17;20;0,65;0,85;1,5;1,2;1,077;1,8;1,2884;3,0
156;25/08/2023;13:00;LITHUANIA;I LYGA - ROUND 20;Garliava;Neptunas;17;20;13;20;0,85;0,65;1,5;1,15;0,7263;0,9;0,8307;2,05
157;25/08/2023;12:00;ROMANIA;LIGA 3 - SERIA 9 - ROUND 1;Metalurgistul Cugir;Avantul Reghin;15;20;15;20;0,75;0,75;1,5;1,15;0,8529;1,1;0,8888;2,25
158;25/08/2023;14:00;ENGLAND;PREMIER LEAGUE 2 - ROUND 3;West Brom U21;Sunderland U21;15;20;15;20;0,75;0,75;1,5;1,9;1,5133;1,5;1,2845;3,4
159;25/08/2023;14:30;FRANCE;NATIONAL - ROUND 3;Niort;Villefranche;14;20;16;20;0,7;0,8;1,5;1,2;1,0296;1,4;1,0677;2,6
160;25/08/2023;10:00;ARMENIA;FIRST LEAGUE - ROUND 5;Pyunik Yerevan 2;Shirak Gyumri 2;16;20;14;20;0,8;0,7;1,5;1,5;1,3229;0,95;0,8646;2,45
161;25/08/2023;14:00;GERMANY;REGIONALLIGA BAYERN - ROUND 6;Buchbach;Burghausen;14;20;16;20;0,7;0,8;1,5;1,45;1,3955;1,25;0,9421;2,7
162;25/08/2023;14:00;ENGLAND;PREMIER LEAGUE 2 - ROUND 3;Southampton U21;Liverpool U21;18;20;12;20;0,9;0,6;1,5;2,25;1,6086;1,35;1,3519;3,6
163;25/08/2023;16:30;SPAIN;LALIGA - ROUND 3;Celta Vigo;Real Madrid;15;20;15;20;0,75;0,75;1,5;1,05;0,9734;1,35;1,1079;2,4
164;25/08/2023;07:15;AUSTRALIA;NPL TASMANIA - ROUND 19;Kingborough Lions;Glenorchy Knights;16;20;14;20;0,8;0,7;1,5;1,9;1,546;1,4;1,2806;3,3
165;25/08/2023;06:30;AUSTRALIA;NPL VICTORIA - PLAY OFFS - QUARTER-FINALS;Melbourne Knights;Port Melbourne Sharks;16;20;14;20;0,8;0,7;1,5;1,65;1,1522;1,35;1,1948;3,0
166;25/08/2023;14:00;DENMARK;2ND DIVISION;Hellerup;Nykobing;14;20;16;20;0,7;0,8;1,5;1,3;1,1874;1,35;1,1079;2,65
167;25/08/2023;14:30;FRANCE;NATIONAL - ROUND 3;Dijon;Avranches;13;20;17;20;0,65;0,85;1,5;0,8;0,6782;1,3;0,781;2,1
168;25/08/2023;14:00;DENMARK;2ND DIVISION;FA 2000;AB Copenhagen;15;20;15;20;0,75;0,75;1,5;1,15;1,0137;1,65;1,4239;2,8
169;25/08/2023;13:30;WORLD;CLUB FRIENDLY;Naxxar Lions;Sirens;18;20;12;20;0,9;0,6;1,5;1,95;1,3219;1,0;1,0488;2,95
170;25/08/2023;13:15;GERMANY;REGIONALLIGA BAYERN - ROUND 6;Spvgg Ansbach 09;Wurzburger Kickers;16;20;14;20;0,8;0,7;1,5;1,95;1,6271;1,2;1,077;3,15
171;25/08/2023;14:00;GERMANY;REGIONALLIGA BAYERN - ROUND 6;Aschaffenburg;Turkgucu Munchen;14;20;16;20;0,7;0,8;1,5;1,4;1,3565;1,7;1,2288;3,1
172;25/08/2023;13:10;AUSTRIA;2. LIGA - ROUND 5;Leoben;First Vienna;15;20;15;20;0,75;0,75;1,5;1,35;1,1079;1,5;1,2845;2,85
173;25/08/2023;12:00;ROMANIA;LIGA 3 - SERIA 10 - ROUND 1;Baia Mare;Sighetu Marmatiei;15;20;15;20;0,75;0,75;1,5;0,9;0,6245;1,5;1,3229;2,4
174;25/08/2023;15:45;WALES;CYMRU PREMIER - ROUND 3;Pontypridd;Penybont;15;20;14;20;0,75;0,7;1,45;1,35;1,1079;1,15;1,0618;2,5
175;25/08/2023;22:00;USA;MLS NEXT PRO;Austin FC II;Sporting Kansas City II;11;20;18;20;0,55;0,9;1,45;0,9;0,995;1,8;1,077;2,7
176;25/08/2023;09:00;THAILAND;THAI LEAGUE 1 - ROUND 3;Lamphun Warrior;Bangkok Utd;13;20;16;20;0,65;0,8;1,45;1,2;1,077;1,2;0,8718;2,4
177;25/08/2023;15:00;BELGIUM;SUPER LEAGUE WOMEN - ROUND 1;Charleroi W;Genk W;15;20;14;20;0,75;0,7;1,45;1,4;1,2806;1,2;1,0296;2,6
178;25/08/2023;15:00;NETHERLANDS;EERSTE DIVISIE - ROUND 3;De Graafschap;FC Emmen;16;20;13;20;0,8;0,65;1,45;1,65;1,4239;1,35;1,2757;3,0
179;25/08/2023;21:00;USA;MLS NEXT PRO;Minnesota 2;Tacoma Defiance;14;20;15;20;0,7;0,75;1,45;1,45;1,3219;1,1;0,7681;2,55
180;25/08/2023;21:00;MEXICO;LIGA PREMIER SERIE A - ROUND 3;Tecos FC;Gavilanes de Matamoros;14;20;15;20;0,7;0,75;1,45;0,8;0,6;1,5;1,1619;2,3
181;25/08/2023;15:00;NETHERLANDS;EERSTE DIVISIE - ROUND 3;Eindhoven FC;Breda;13;20;16;20;0,65;0,8;1,45;1,4;1,3191;1,55;1,1608;2,95
182;25/08/2023;10:00;AFRICA;CAF CHAMPIONS LEAGUE - QUALIFICATION - SEMI-FINALS;Al-Merreikh;Otoho d'Oyo;16;20;13;20;0,8;0,65;1,45;1,3;0,9;1,1;1,0909;2,4
183;25/08/2023;15:00;TURKEY;SUPER LIG - ROUND 3;Konyaspor;Gaziantep;15;20;14;20;0,75;0,7;1,45;1,4;1,0198;1,05;0,9206;2,45
184;25/08/2023;22:00;PANAMA;LPF - CLAUSURA - ROUND 6;Independiente;Potros del Este;13;20;16;20;0,65;0,8;1,45;1,15;1,0618;1,25;0,8874;2,4
185;25/08/2023;13:00;AUSTRIA;BUNDESLIGA WOMEN - ROUND 1;Austria Vienna W;St. Polten W;14;20;15;20;0,7;0,75;1,45;1,4;1,241;1,7;1,3454;3,1
186;25/08/2023;13:30;SWEDEN;DIVISION 2 - NORRA GÖTALAND - ROUND 18;Gauthiod;Grebbestad;14;20;15;20;0,7;0,75;1,45;1,3;1,1446;1,5;1,3229;2,8
187;25/08/2023;14:00;SWEDEN;DIVISION 1 - SÖDRA - ROUND 19;Ljungskile;Norrby;13;20;16;20;0,65;0,8;1,45;1,15;1,1079;1,6;1,1576;2,75
188;25/08/2023;15:15;SLOVENIA;PRVA LIGA - ROUND 6;Aluminij;Mura;13;20;16;20;0,65;0,8;1,45;1,4;1,2;1,6;1,0677;3,0
189;25/08/2023;13:00;POLAND;EKSTRAKLASA - ROUND 6;Stal Mielec;Radomiak Radom;13;20;16;20;0,65;0,8;1,45;1,0;0,8944;1,25;0,9421;2,25
190;25/08/2023;08:00;POLAND;EKSTRALIGA WOMEN - ROUND 2;Leczna W;Slask Wroclaw W;16;20;13;20;0,8;0,65;1,45;3,0;2,4495;1,7;1,7059;4,7
191;25/08/2023;16:15;PORTUGAL;LIGA PORTUGAL - ROUND 3;Estrela;Estoril;15;20;14;20;0,75;0,7;1,45;1,15;0,7921;1,0;0,8367;2,15
192;25/08/2023;12:00;SERBIA;SRPSKA LIGA - BELGRADE - ROUND 3;Studentski Grad;Torlak;14;20;15;20;0,7;0,75;1,45;1,05;0,9206;1,35;0,9631;2,4
193;25/08/2023;15:00;SAUDI ARABIA;SAUDI PROFESSIONAL LEAGUE - ROUND 3;Al Taawon;Abha;16;20;13;20;0,8;0,65;1,45;1,2;0,8124;1,2;1,077;2,4
194;25/08/2023;16:45;PORTUGAL;LIGA 3 - ROUND 4;Varzim;Lusitania FC;14;20;15;20;0,7;0,75;1,45;1,05;0,8646;1,1;0,8307;2,15
195;25/08/2023;15:00;SAUDI ARABIA;SAUDI PROFESSIONAL LEAGUE - ROUND 3;Al Shabab;Damac;14;20;15;20;0,7;0,75;1,45;1,15;1,0618;1,3;1,0536;2,45
196;25/08/2023;15:00;SAUDI ARABIA;SAUDI PROFESSIONAL LEAGUE - ROUND 3;Al Fateh;Al Nassr;16;20;13;20;0,8;0,65;1,45;1,4;0,9165;1,3;1,3077;2,7
197;25/08/2023;12:30;ROMANIA;LIGA 1 - ROUND 7;Otelul;FC Voluntari;13;20;16;20;0,65;0,8;1,45;0,85;0,7921;1,45;0,9734;2,3
198;25/08/2023;15:30;ROMANIA;LIGA 1 - ROUND 7;U Craiova 1948;FC Rapid Bucuresti;13;20;16;20;0,65;0,8;1,45;1,25;1,337;1,6;1,241;2,85
199;25/08/2023;15:30;AUSTRIA;2. LIGA - ROUND 5;Dornbirn;Bregenz;14;20;15;20;0,7;0,75;1,45;1,1;1,1358;1,2;0,9798;2,3
200;25/08/2023;15:00;ENGLAND;PREMIER LEAGUE 2 - ROUND 3;Reading U21;Newcastle Utd U21;13;20;16;20;0,65;0,8;1,45;0,9;0,7681;2,05;1,6576;2,95
201;25/08/2023;13:30;GERMANY;2. BUNDESLIGA - ROUND 4;Paderborn;Kaiserslautern;16;20;13;20;0,8;0,65;1,45;1,6;1,0677;1,2;1,1225;2,8
202;25/08/2023;15:45;ENGLAND;NATIONAL LEAGUE - ROUND 5;Solihull Moors;FC Halifax;15;20;14;20;0,75;0,7;1,45;1,35;1,0137;0,95;0,9206;2,3
203;25/08/2023;12:30;CZECH REPUBLIC;DIVISION E - ROUND 4;Batov;Slavicin;14;20;15;20;0,7;0,75;1,45;1,6;1,3565;1,3;1,005;2,9
204;25/08/2023;09:00;INDONESIA;LIGA 1 - ROUND 10;Dewa United;Persija Jakarta;15;20;14;20;0,75;0,7;1,45;1,3;0,9;1,15;1,0618;2,45
205;25/08/2023;14:30;GERMANY;REGIONALLIGA WEST - ROUND 5;SSVg Velbert;Fortuna Koln;14;20;15;20;0,7;0,75;1,45;1,75;1,6086;1,4;1,1136;3,15
206;25/08/2023;21:00;ECUADOR;LIGA PRO - SECOND STAGE - ROUND 19;EL Nacional;Cumbaya;17;20;12;20;0,85;0,6;1,45;1,75;1,0897;0,75;0,6982;2,5
207;25/08/2023;16:00;IRELAND;DIVISION 1 - ROUND 28;Finn Harps;Longford;14;20;15;20;0,7;0,75;1,45;1,75;1,5772;1,2;0,9274;2,95
208;25/08/2023;05:00;INDONESIA;LIGA 1 - ROUND 10;Persik Kediri;PSIS Semarang;15;20;14;20;0,75;0,7;1,45;1,25;1,2196;1,6;1,3928;2,85
209;25/08/2023;14:00;GERMANY;REGIONALLIGA BAYERN - ROUND 6;Memmingen;Schweinfurt;13;20;16;20;0,65;0,8;1,45;1,35;1,621;1,6;1,1576;2,95
210;25/08/2023;13:00;CZECH REPUBLIC;DIVISION C - ROUND 4;Slavia HK;Velke Hamry;13;20;16;20;0,65;0,8;1,45;1,75;1,6993;1,5;1,0724;3,25
211;25/08/2023;14:30;FRANCE;NATIONAL - ROUND 3;Red Star;Sochaux;16;20;13;20;0,8;0,65;1,45;1,2;0,8124;1,35;1,1522;2,55
212;25/08/2023;09:30;INDIA;DURAND CUP - PLAY OFFS - QUARTER-FINALS;East Bengal;Gokulam;15;20;14;20;0,75;0,7;1,45;1,55;1,3219;1,1;1,044;2,65
213;25/08/2023;16:00;FRANCE;LIGUE 1 - ROUND 3;Nantes;Monaco;14;20;15;20;0,7;0,75;1,45;1,15;1,0137;1,45;1,1169;2,6
214;25/08/2023;12:00;ROMANIA;LIGA 3 - SERIA 3 - ROUND 1;Inainte Modelu;Voluntari 2;14;20;14;20;0,7;0,7;1,4;1,5;1,245;1,25;1,0428;2,75
215;25/08/2023;14:00;GERMANY;OBERLIGA NOFV-NORD - ROUND 4;Rathenow;Wismar;13;20;15;20;0,65;0,75;1,4;1,3;1,2288;1,45;1,3219;2,75
216;25/08/2023;14:30;GERMANY;OBERLIGA WESTFALEN - ROUND 3;Lotte;Eintracht Rheine;15;20;13;20;0,75;0,65;1,4;1,55;1,3955;1,5;1,3964;3,05
217;25/08/2023;12:00;ROMANIA;LIGA 3 - SERIA 5 - ROUND 1;Campulung;Olimpic Zarnesti;13;20;15;20;0,65;0,75;1,4;1,2;1,3638;1,35;1,0618;2,55
218;25/08/2023;13:00;CZECH REPUBLIC;MSFL - ROUND 4;Hlucin;Znojmo;15;20;13;20;0,75;0,65;1,4;1,1;0,8307;1,1;1,044;2,2
219;25/08/2023;14:30;AUSTRIA;REGIONALLIGA EAST - ROUND 5;SV Oberwart;TWL Elektra;15;20;13;20;0,75;0,65;1,4;1,6;1,3928;1,1;1,179;2,7
220;25/08/2023;12:00;ROMANIA;LIGA 3 - SERIA 7 - ROUND 1;Gilortul Tg. Carbunesti;Ghiroda & Giarmata Vii;14;20;14;20;0,7;0,7;1,4;1,45;1,3592;1,15;1,0137;2,6
221;25/08/2023;20:30;CANADA;CANADIAN PREMIER LEAGUE;York Utd;Vancouver FC;14;20;14;20;0,7;0,7;1,4;1,2;0,9798;1,5;1,3601;2,7
222;25/08/2023;14:30;GERMANY;REGIONALLIGA WEST - ROUND 5;Wegberg-Beeck;Duren;12;20;16;20;0,6;0,8;1,4;1,1;1,179;1,3;0,9539;2,4
223;25/08/2023;14:00;GERMANY;REGIONALLIGA BAYERN - ROUND 6;Augsburg II;Vilzing;15;20;13;20;0,75;0,65;1,4;1,55;1,4309;1,15;1,0137;2,7
224;25/08/2023;12:00;SAUDI ARABIA;SAUDI PROFESSIONAL LEAGUE - ROUND 3;Al Feiha;Al Hazem;14;20;14;20;0,7;0,7;1,4;1,2;1,077;1,0;0,8367;2,2
225;25/08/2023;14:00;AUSTRIA;REGIONALLIGA CENTRAL - ROUND 5;Vorwarts Steyr;Ried;14;20;14;20;0,7;0,7;1,4;1,0;0,8367;1,7;1,4526;2,7
226;25/08/2023;15:30;ENGLAND;CHAMPIONSHIP - ROUND 4;Hull;Bristol City;13;20;15;20;0,65;0,75;1,4;1,2;1,2083;1,1;1,044;2,3
227;25/08/2023;15:30;SLOVAKIA;NIKE LIGA - ROUND 5;Michalovce;Kosice;14;20;14;20;0,7;0,7;1,4;1,25;1,0897;1,25;0,9421;2,5
228;25/08/2023;05:00;SOUTH KOREA;WK LEAGUE WOMEN - ROUND 20;Boeun Sangmu W;Hwacheon W;16;20;12;20;0,8;0,6;1,4;1,5;1,0724;1,05;1,0235;2,55
229;25/08/2023;14:30;FRANCE;NATIONAL 2 - GROUP B - ROUND 1;Bergerac;Blois;14;20;14;20;0,7;0,7;1,4;1,3;1,1446;1,35;1,3143;2,65
230;25/08/2023;18:00;ARGENTINA;PRIMERA NACIONAL - ROUND 27;Aldosivi;Atl. Rafaela;16;20;12;20;0,8;0,6;1,4;1,45;1,0712;0,7;0,6403;2,15
231;25/08/2023;08:00;THAILAND;THAI LEAGUE 2 - ROUND 3;Chiangmai Utd;Suphanburi;15;20;13;20;0,75;0,65;1,4;1,0;0,7746;1,2;1,2083;2,2
232;25/08/2023;14:30;FRANCE;NATIONAL - ROUND 3;Cholet;Nancy;11;20;17;20;0,55;0,85;1,4;0,7;0,7141;1,35;0,9097;2,05
233;25/08/2023;23:00;USA;MLS NEXT PRO;Los Angeles FC II;Real Monarchs;12;20;16;20;0,6;0,8;1,4;1,3;1,3454;1,35;1,0618;2,65
234;25/08/2023;10:00;WORLD;CLUB FRIENDLY WOMEN;Montpellier W;Paris SG W;16;20;12;20;0,8;0,6;1,4;1,35;0,9097;1,2;1,3638;2,55
235;25/08/2023;15:30;POLAND;DIVISION 1 - ROUND 6;Lechia Gdansk;Podbeskidzie;13;20;15;20;0,65;0,75;1,4;1,1;0,995;1,5;1,245;2,6
236;25/08/2023;12:00;ROMANIA;LIGA 3 - SERIA 9 - ROUND 1;ACS Targu Mures 1898;Unirea Ungheni;14;20;14;20;0,7;0,7;1,4;1,0;0,7746;1,2;1,0296;2,2
237;25/08/2023;15:00;BELGIUM;CHALLENGER PRO LEAGUE - ROUND 3;Genk U23;Club Brugge KV U23;15;20;13;20;0,75;0,65;1,4;1,5;1,3229;0,85;0,7263;2,35
238;25/08/2023;12:50;KUWAIT;PREMIER LEAGUE - ROUND 1;Al Qadisiya;Khaitan;14;20;14;20;0,7;0,7;1,4;1,35;1,2359;1,25;1,1779;2,6
239;25/08/2023;15:45;IRELAND;PREMIER DIVISION - ROUND 28;Drogheda;Cork City;14;20;14;20;0,7;0,7;1,4;1,05;0,9206;0,95;0,8047;2,0
240;25/08/2023;20:15;COLOMBIA;PRIMERA A - CLAUSURA - ROUND 7;Once Caldas;Bucaramanga;14;20;14;20;0,7;0,7;1,4;1,1;0,9434;1,0;0,7746;2,1
241;25/08/2023;22:00;MEXICO;LIGA MX - APERTURA - ROUND 6;Puebla;Juarez;12;20;16;20;0,6;0,8;1,4;1,25;1,26;1,1;0,7681;2,35
242;25/08/2023;13:00;LITHUANIA;A LYGA - ROUND 28;Riteriai;Siauliai FA;15;20;13;20;0,75;0,65;1,4;1,35;1,2359;1,15;1,1522;2,5
243;25/08/2023;14:30;AUSTRIA;TIROL - ROUND 6;SV Worgl;SC Kundl;15;20;13;20;0,75;0,65;1,4;1,3;1,0536;1,05;1,0712;2,35
244;25/08/2023;10:30;LEBANON;PREMIER LEAGUE - ROUND 4;Al Sahel;Safa;15;20;13;20;0,75;0,65;1,4;1,2;0,9274;1,0;0,8367;2,2
245;25/08/2023;15:00;NETHERLANDS;EERSTE DIVISIE - ROUND 3;Roda;Oss;15;20;13;20;0,75;0,65;1,4;1,5;1,245;1,35;1,2359;2,85
246;25/08/2023;09:30;MALAWI;SUPER LEAGUE;Silver Strikers;Extreme FC;14;20;12;18;0,7;0,6667;1,3667;1,05;0,9734;0,8333;0,7638;1,8833
247;25/08/2023;15:00;BOSNIA AND HERZEGOVINA;PREMIJER LIGA BIH - ROUND 5;Borac Banja Luka;Sloga Doboj;13;20;14;20;0,65;0,7;1,35;1,1;1,2207;1,05;0,8646;2,15
248;25/08/2023;12:00;ROMANIA;LIGA 3 - SERIA 4 - ROUND 1;FC Pucioasa;Moreni;14;20;13;20;0,7;0,65;1,35;0,95;0,8047;1,4;1,3928;2,35
249;25/08/2023;12:00;ROMANIA;LIGA 3 - SERIA 5 - ROUND 1;Odorheiu;Targu Secuiesc;11;20;16;20;0,55;0,8;1,35;1,05;1,2835;1,45;1,0712;2,5
250;25/08/2023;12:00;FINLAND;VEIKKAUSLIIGA;VPS;KTP;13;20;14;20;0,65;0,7;1,35;1,25;1,5124;1,35;1,8241;2,6
251;25/08/2023;10:00;BURUNDI;PRIMUS LEAGUE - ROUND 2;Magara Young Boys;Tigre Noir;15;20;9;15;0,75;0,6;1,35;1,5;1,2042;0,8;0,7483;2,3
252;25/08/2023;17:00;VENEZUELA;LIGA FUTVE - ROUND 25;Angostura;Hermanos Colmenarez;14;20;13;20;0,7;0,65;1,35;0,9;0,7681;1,0;0,8944;1,9
253;25/08/2023;13:30;DENMARK;SUPERLIGA - ROUND 6;Randers FC;Viborg;15;20;12;20;0,75;0,6;1,35;1,5;1,118;1,1;1,179;2,6
254;25/08/2023;07:00;SOUTH KOREA;WK LEAGUE WOMEN - ROUND 20;Seoul W;Sejong Sportstoto W;13;20;14;20;0,65;0,7;1,35;1,55;1,5644;1,15;1,0137;2,7
255;25/08/2023;07:00;SOUTH KOREA;WK LEAGUE WOMEN - ROUND 20;Changnyeong W;Suwon FC W;13;20;14;20;0,65;0,7;1,35;0,85;0,7263;1,35;1,3143;2,2
256;25/08/2023;14:00;SWEDEN;DIVISION 2 - NORRA GÖTALAND - ROUND 18;Herrestads AIF;IFK Skovde;15;20;12;20;0,75;0,6;1,35;1,5;1,3601;1,25;1,26;2,75
257;25/08/2023;10:00;ARMENIA;PREMIER LEAGUE - ROUND 5;Alashkert;Noah;15;20;12;20;0,75;0,6;1,35;1,3;1,1;0,9;0,8888;2,2
258;25/08/2023;13:00;CZECH REPUBLIC;DIVISION D - ROUND 4;Vrchovina;Havlickuv Brod;10;20;17;20;0,5;0,85;1,35;0,95;1,2031;1,6;1,1576;2,55
259;25/08/2023;13:00;GEORGIA;CRYSTALBET EROVNULI LIGA - ROUND 23;Dila Gori;Shukura;10;20;17;20;0,5;0,85;1,35;1,0;1,3038;1,6;1,3191;2,6
260;25/08/2023;16:30;SPAIN;LALIGA2 - ROUND 3;FC Cartagena SAD;Levante;14;20;13;20;0,7;0,65;1,35;1,35;1,2359;1,15;1,1079;2,5
261;25/08/2023;16:30;CHILE;PRIMERA DIVISION - ROUND 22;A. Italiano;Coquimbo;16;20;11;20;0,8;0,55;1,35;1,2;0,8718;1,05;1,1608;2,25
262;25/08/2023;23:00;COSTA RICA;PRIMERA DIVISION - APERTURA - ROUND 6;Cartagines;AD Santos;14;20;13;20;0,7;0,65;1,35;1,4;1,1576;0,85;0,7921;2,25
263;25/08/2023;12:00;ROMANIA;LIGA 3 - SERIA 3 - ROUND 1;Calarasi;Gloria Albesti;12;20;15;20;0,6;0,75;1,35;1,2;1,249;1,45;1,2835;2,65
264;25/08/2023;15:45;NORTHERN IRELAND;NIFL PREMIERSHIP - ROUND 5;Ballymena;Glentoran;14;20;13;20;0,7;0,65;1,35;1,15;0,9631;1,4;1,2;2,55
265;25/08/2023;18:00;COLOMBIA;PRIMERA B - CLAUSURA - ROUND 6;Cucuta;Fortaleza;14;20;13;20;0,7;0,65;1,35;1,2;0,9798;1,15;1,0137;2,35
266;25/08/2023;23:00;GUATEMALA;LIGA NACIONAL - APERTURA - ROUND 5;Xelaju;Coatepeque;16;20;11;20;0,8;0,55;1,35;1,45;1,3219;0,85;0,9097;2,3
267;25/08/2023;21:00;GUATEMALA;LIGA NACIONAL - APERTURA - ROUND 5;Xinabajul;Coban Imperial;13;20;14;20;0,65;0,7;1,35;1,3;1,2288;0,95;0,8047;2,25
268;25/08/2023;11:00;POLAND;DIVISION 2 - ROUND 6;Stezyca;Lech Poznan 2;11;20;16;20;0,55;0,8;1,35;0,65;0,6538;1,75;1,5124;2,4
269;25/08/2023;14:30;AUSTRIA;REGIONALLIGA EAST - ROUND 5;Traiskirchen;Leobendorf;14;20;13;20;0,7;0,65;1,35;1,6;1,4629;1,05;0,9734;2,65
270;25/08/2023;16:00;COLOMBIA;PRIMERA B - CLAUSURA - ROUND 6;Bogota;Llaneros;13;20;14;20;0,65;0,7;1,35;1,1;1,0909;1,2;1,0296;2,3
271;25/08/2023;15:10;KUWAIT;PREMIER LEAGUE - ROUND 1;Al Arabi;Al Salmiya;13;20;14;20;0,65;0,7;1,35;1,1;1,3379;1,3;1,4177;2,4
272;25/08/2023;12:00;ROMANIA;LIGA 3 - SERIA 6 - ROUND 1;Cetatea;Calimanesti;10;20;16;20;0,5;0,8;1,3;0,85;1,1948;1,55;1,2835;2,4
273;25/08/2023;13:00;ESTONIA;MEISTRILIIGA - ROUND 25;Flora;Harju JK Laagri;12;20;14;20;0,6;0,7;1,3;1,05;0,9734;1,3;1,4177;2,35
274;25/08/2023;19:40;VENEZUELA;LIGA FUTVE - ROUND 25;Puerto Cabello;Carabobo;13;20;13;20;0,65;0,65;1,3;1,0;1,0488;1,2;1,1225;2,2
275;25/08/2023;14:30;FRANCE;NATIONAL - ROUND 3;Epinal;GOAL FC;15;20;11;20;0,75;0,55;1,3;1,25;0,9421;0,95;1,0235;2,2
276;25/08/2023;18:00;URUGUAY;PRIMERA DIVISION - CLAUSURA - ROUND 2;Defensor Sp.;Wanderers;13;20;13;20;0,65;0,65;1,3;1,0;0,9487;0,75;0,6225;1,75
277;25/08/2023;13:30;UNITED ARAB EMIRATES;UAE LEAGUE - ROUND 2;Al Jazira;Al Wahda;14;20;12;20;0,7;0,6;1,3;1,15;1,0137;1,0;1,0;2,15
278;25/08/2023;14:30;FRANCE;NATIONAL - ROUND 3;Nimes;Le Mans;13;20;13;20;0,65;0,65;1,3;1,05;0,9734;1,05;0,9206;2,1
279;25/08/2023;14:30;FRANCE;NATIONAL - ROUND 3;Orleans;Martigues;12;20;14;20;0,6;0,7;1,3;0,95;0,9206;1,1;1,2207;2,05
280;25/08/2023;22:00;HONDURAS;LIGA NACIONAL - APERTURA - ROUND 5;Vida;UPNFM;14;20;12;20;0,7;0,6;1,3;1,6;1,3928;1,1;1,1358;2,7
281;25/08/2023;12:00;ROMANIA;LIGA 3 - SERIA 2 - ROUND 1;CSM Focsani;CSM Ramnicu Sarat;13;20;13;20;0,65;0,65;1,3;1,4;1,3565;0,95;0,8646;2,35
282;25/08/2023;11:00;UZBEKISTAN;SUPER LEAGUE - ROUND 18;Olympic;Turon;14;20;12;20;0,7;0,6;1,3;1,35;1,6515;0,8;0,7483;2,15
283;25/08/2023;09:00;WORLD;CLUB FRIENDLY;Izarra;Subiza;12;20;14;20;0,6;0,7;1,3;0,8;0,7483;1,35;1,2359;2,15
284;25/08/2023;13:00;POLAND;DIVISION 1 - ROUND 6;Tychy;Legnica;15;20;11;20;0,75;0,55;1,3;1,35;1,1522;0,85;0,8529;2,2
285;25/08/2023;13:00;GEORGIA;CRYSTALBET EROVNULI LIGA - ROUND 23;Telavi;Dinamo Tbilisi;13;20;13;20;0,65;0,65;1,3;1,25;1,299;1,3;1,5199;2,55
286;25/08/2023;15:45;ENGLAND;NATIONAL LEAGUE - ROUND 5;Southend;Eastleigh;14;20;12;20;0,7;0,6;1,3;0,95;0,9206;1,3;1,382;2,25
287;25/08/2023;20:00;USA;NWSL WOMEN;Orlando Pride W;San Diego Wave W;15;20;11;20;0,75;0,55;1,3;1,4;1,0677;0,8;0,8718;2,2
288;25/08/2023;12:00;ROMANIA;LIGA 3 - SERIA 10 - ROUND 1;Baile Felix;CSM Zalau;13;20;13;20;0,65;0,65;1,3;1,35;1,3883;1,0;0,9487;2,35
289;25/08/2023;09:00;WORLD;CLUB FRIENDLY WOMEN;Le Havre W;Marseille W;12;20;14;20;0,6;0,7;1,3;1,35;1,4239;1,55;1,5322;2,9
290;25/08/2023;13:00;RWANDA;PREMIER LEAGUE - ROUND 2;Gasogi United;Rwamagana City;13;20;13;20;0,65;0,65;1,3;1,1;1,044;1,3;1,2689;2,4
291;25/08/2023;13:10;AUSTRIA;2. LIGA - ROUND 5;Admira;Amstetten;12;20;14;20;0,6;0,7;1,3;1,35;1,3883;1,2;0,9274;2,55
292;25/08/2023;12:00;CROATIA;DRUGA NL - ROUND 2;Dragovoljac;Kustosija;15;20;11;20;0,75;0,55;1,3;1,55;1,2031;0,8;0,9274;2,35
293;25/08/2023;12:30;AFRICA;CAF CHAMPIONS LEAGUE - QUALIFICATION - SEMI-FINALS;ASGNN;AS Douanes;11;18;13;20;0,6111;0,65;1,2611;0,9444;0,9112;1,2;1,1662;2,1444
294;25/08/2023;12:00;ROMANIA;LIGA 3 - SERIA 6 - ROUND 1;Sporting Rosiori;Ramnicu Valcea;12;20;13;20;0,6;0,65;1,25;1,3;1,4177;1,1;1,0909;2,4
295;25/08/2023;15:45;IRELAND;PREMIER DIVISION - ROUND 28;Bohemians;Derry City;11;20;14;20;0,55;0,7;1,25;1,1;1,261;0,85;0,7263;1,95
296;25/08/2023;15:30;JORDAN;PREMIER LEAGUE - ROUND 4;Al Wehdat;Al-Faisaly Amman;13;20;12;20;0,65;0,6;1,25;0,9;0,7681;0,95;0,9206;1,85
297;25/08/2023;14:00;GERMANY;OBERLIGA BAYERN NORD - ROUND 8;Eltersdorf;Kornburg;13;20;12;20;0,65;0,6;1,25;1,2;1,077;0,75;0,7665;1,95
298;25/08/2023;15:00;TURKEY;1. LIG - ROUND 3;Erzurumspor;Manisa FK;12;20;13;20;0,6;0,65;1,25;0,95;0,9206;1,15;1,0618;2,1
299;25/08/2023;19:00;CHILE;PRIMERA DIVISION - ROUND 22;Union La Calera;U. De Chile;12;20;13;20;0,6;0,65;1,25;1,25;1,299;1,2;1,4;2,45
300;25/08/2023;15:45;WALES;CYMRU PREMIER - ROUND 3;Bala;Connahs Q.;11;20;14;20;0,55;0,7;1,25;0,95;1,0712;1,5;1,4663;2,45
301;25/08/2023;13:00;BULGARIA;PARVA LIGA - ROUND 7;Pirin Blagoevgrad;Botev Vratsa;14;20;11;20;0,7;0,55;1,25;1,2;1,077;0,9;0,9434;2,1
302;25/08/2023;16:00;WORLD;CLUB FRIENDLY;Conil;Cadiz CF B;13;20;12;20;0,65;0,6;1,25;0,9;0,8307;0,8;0,8124;1,7
303;25/08/2023;15:00;ARGENTINA;PRIMERA A WOMEN - CLAUSURA - ROUND 2;Huracan W;Lanus W;12;20;13;20;0,6;0,65;1,25;0,8;0,8124;1,25;1,0897;2,05
304;25/08/2023;21:30;BRAZIL;SERIE B - ROUND 25;Sport Recife;Ituano;15;20;10;20;0,75;0,5;1,25;1,35;1,1522;0,85;1,0137;2,2
305;25/08/2023;07:00;JAPAN;J1 LEAGUE - ROUND 25;Shonan Bellmare;Urawa Reds;15;20;10;20;0,75;0,5;1,25;1,15;0,8529;0,75;0,8874;1,9
306;25/08/2023;07:30;SOUTH KOREA;K LEAGUE 1 - ROUND 28;Jeonbuk;Daejeon;12;20;13;20;0,6;0,65;1,25;0,9;0,8888;1,15;1,1522;2,05
307;25/08/2023;19:00;BRAZIL;SERIE B - ROUND 25;Ponte Preta;Londrina;11;20;14;20;0,55;0,7;1,25;0,7;0,781;1,15;1,0137;1,85
308;25/08/2023;12:00;ROMANIA;LIGA 3 - SERIA 9 - ROUND 1;Viitorul Cluj;Gloria 2018 Bistrita;9;20;15;20;0,45;0,75;1,2;0,95;1,244;1,4;1,2;2,35
309;25/08/2023;13:00;JORDAN;PREMIER LEAGUE - ROUND 4;Aqaba;Moghayer Al Sarhan;11;20;13;20;0,55;0,65;1,2;0,65;0,6538;0,9;0,7681;1,55
310;25/08/2023;15:00;WORLD;CLUB FRIENDLY;Acero;Saguntino;12;20;12;20;0,6;0,6;1,2;0,85;0,8529;1,2;1,077;2,05
311;25/08/2023;13:00;DENMARK;2ND DIVISION;Aarhus Fremad;Brabrand;14;20;10;20;0,7;0,5;1,2;1,3;1,2689;0,85;0,9631;2,15
312;25/08/2023;14:30;FRANCE;NATIONAL - ROUND 3;Marignane;Chateauroux;13;20;11;20;0,65;0,55;1,2;1,1;1,044;0,9;0,9434;2,0
313;25/08/2023;10:00;SOUTH AFRICA;MOTSEPE FOUNDATION CHAMPIONSHIP - ROUND 1;Pretoria Callies;Black Leopards;14;20;10;20;0,7;0,5;1,2;1,05;0,9734;0,65;0,7263;1,7
314;25/08/2023;09:00;INDONESIA;LIGA 1 - ROUND 10;Borneo;Persita;14;20;10;20;0,7;0,5;1,2;1,4;1,2806;0,85;0,9631;2,25
315;25/08/2023;12:00;CROATIA;PRVA NL - ROUND 3;Dugopolje;Croatia Zmijavci;12;20;12;20;0,6;0,6;1,2;0,85;0,9097;1,05;1,0712;1,9
316;25/08/2023;13:30;WORLD;CLUB FRIENDLY;Cayon;Rayo Cantabria;12;20;12;20;0,6;0,6;1,2;0,8;0,7483;0,75;0,6982;1,55
317;25/08/2023;12:00;ARMENIA;PREMIER LEAGUE - ROUND 5;Ararat Yerevan;BKMA;13;20;11;20;0,65;0,55;1,2;1,15;1,1079;1,15;1,2359;2,3
318;25/08/2023;17:30;MOROCCO;BOTOLA PRO - ROUND 1;Maghreb Fez;Moghreb Tetouan;12;20;12;20;0,6;0,6;1,2;0,8;0,8124;0,9;0,8888;1,7
319;25/08/2023;21:30;ARGENTINA;COPA DE LA LIGA PROFESIONAL - ROUND 2;Colon Santa Fe;Gimnasia L.P.;13;20;11;20;0,65;0,55;1,2;0,95;0,8646;0,9;1,044;1,85
320;25/08/2023;12:00;PALESTINE;WEST BANK LEAGUE - ROUND 2;Al Quds;Jabal Al Mukaber;10;20;14;20;0,5;0,7;1,2;0,85;1,0137;1,25;0,9937;2,1
321;25/08/2023;20:00;ARGENTINA;PRIMERA NACIONAL - ROUND 31;Temperley;San Martin S.J.;13;20;11;20;0,65;0,55;1,2;0,9;0,8307;0,8;0,8718;1,7
322;25/08/2023;14:00;WORLD;FRIENDLY INTERNATIONAL;SD Tenisca;Atl. Paso;10;20;13;20;0,5;0,65;1,15;0,8;1,0296;1,05;1,0712;1,85
323;25/08/2023;20:00;VENEZUELA;LIGA FUTVE 2 - CLAUSURA - ROUND 8;Fundacion AIFI;Atletico La Cruz;7;20;16;20;0,35;0,8;1,15;0,6;1,0677;0,9;0,5385;1,5
324;25/08/2023;14:00;WORLD;CLUB FRIENDLY;Durango;Gernika;14;20;9;20;0,7;0,45;1,15;1,2;0,9798;0,65;0,8529;1,85
325;25/08/2023;14:30;SPAIN;LALIGA - ROUND 3;Las Palmas;Real Sociedad;10;20;13;20;0,5;0,65;1,15;0,9;1,1358;1,0;1,1402;1,9
326;25/08/2023;15:00;BRAZIL;COPA PAULISTA - ROUND 9;Sao Caetano;Santo Andre;11;20;12;20;0,55;0,6;1,15;0,7;0,781;0,95;0,9734;1,65
327;25/08/2023;13:30;SERBIA;SUPER LIGA - ROUND 5;Radnicki Nis;Radnicki 1923;12;20;11;20;0,6;0,55;1,15;1,1;1,1358;0,9;0,995;2,0
328;25/08/2023;15:30;URUGUAY;PRIMERA DIVISION - CLAUSURA - ROUND 2;Montevideo City;Fenix;13;20;10;20;0,65;0,5;1,15;1,15;1,1522;0,8;0,9798;1,95
329;25/08/2023;19:00;ARGENTINA;COPA DE LA LIGA PROFESIONAL - ROUND 2;Arsenal Sarandi;Argentinos Jrs;14;20;9;20;0,7;0,45;1,15;0,85;0,7263;0,75;1,0428;1,6
330;25/08/2023;20:00;ARGENTINA;PRIMERA C - ROUND 32;San Martin Burzaco;Leandro N. Alem;14;20;9;20;0,7;0,45;1,15;1,15;1,0618;0,75;0,9421;1,9
331;25/08/2023;15:00;GREECE;SUPER LEAGUE - ROUND 2;Panetolikos;Giannina;12;20;11;20;0,6;0,55;1,15;0,95;0,9206;1,05;1,1608;2,0
332;25/08/2023;14:30;SOUTH AFRICA;PREMIER LEAGUE - ROUND 4;Cape Town Spurs;Chippa Utd.;9;20;14;20;0,45;0,7;1,15;0,85;1,1522;1,15;0,9631;2,0
333;25/08/2023;14:00;POLAND;DIVISION 2 - ROUND 6;Skra;Kotwica Kolobrzeg;12;20;11;20;0,6;0,55;1,15;0,8;0,8124;0,9;1,179;1,7
334;25/08/2023;15:00;NETHERLANDS;EERSTE DIVISIE - ROUND 3;Venlo;Jong Utrecht;13;20;10;20;0,65;0,5;1,15;1,15;1,1079;0,8;1,0296;1,95
335;25/08/2023;07:00;SOUTH KOREA;WK LEAGUE WOMEN - ROUND 20;Gyeongju W;Incheon Hyundai Steel W;12;20;10;20;0,6;0,5;1,1;0,9;0,8888;0,75;0,8874;1,65
336;25/08/2023;22:30;COLOMBIA;PRIMERA A - CLAUSURA - ROUND 7;Aguilas;Ind. Medellin;12;20;10;20;0,6;0,5;1,1;1,2;1,2083;0,9;1,044;2,1
337;25/08/2023;22:30;FIJI;PREMIER LEAGUE - ROUND 16;Labasa;Navua;9;20;13;20;0,45;0,65;1,1;0,75;0,9421;1,05;0,9206;1,8
338;25/08/2023;15:00;CROATIA;HNL - ROUND 6;Gorica;Slaven Belupo;10;20;12;20;0,5;0,6;1,1;0,9;1,179;1,45;1,3219;2,35
339;25/08/2023;15:15;BULGARIA;PARVA LIGA - ROUND 7;Hebar;Lok. Plovdiv;9;20;12;20;0,45;0,6;1,05;0,65;0,8529;1,0;0,9487;1,65
340;25/08/2023;23:30;USA;MLS NEXT PRO;Vancouver Whitecaps 2;North Texas;9;20;12;20;0,45;0,6;1,05;1,15;1,4925;1,05;1,1169;2,2
341;25/08/2023;11:00;OMAN;PROFESSIONAL LEAGUE - ROUND 2;Dhofar;Sur Club;10;20;10;20;0,5;0,5;1,0;0,85;1,0137;0,85;1,0618;1,7
342;25/08/2023;14:00;MONTENEGRO;PRVA CRNOGORSKA LIGA - ROUND 6;Mladost DG;Jezero;10;20;9;20;0,5;0,45;0,95;0,75;0,9421;0,5;0,5916;1,25
343;25/08/2023;12:00;SERBIA;SRPSKA LIGA - BELGRADE - ROUND 3;BASK;Jedinstvo Surcin;12;20;6;20;0,6;0,3;0,9;0,9;0,8888;0,5;0,9747;1,4
