Nº;Date;Time;Country;League;Home;Away;golshtHome;totalHome;AvgHome;golshtAway;totalAway;AvgAway;pHome;pAway;Sum
1;03/06/2023;11:00;GERMANY;OBERLIGA BAYERN - RELEGATION - SEMI-FINALS;Rosenheim;Ehekirchen;15;15;2,5333;1;1;3,0;1,0;1,0;2,0
2;03/06/2023;11:00;GERMANY;OBERLIGA BAYERN - RELEGATION - SEMI-FINALS;Weiden;Schwandorf-Ettmannsdorf;14;15;1,7333;1;1;2,0;0,9333;1,0;1,9333
3;03/06/2023;09:00;NORTHERN IRELAND;NIFL CHAMPIONSHIP - RELEGATION - FINAL;Knockbreda;Ballymacash;13;15;1,7333;6;6;2,0;0,8667;1,0;1,8667
4;03/06/2023;11:00;ICELAND;DIVISION 2 - ROUND 5;KFG Gardabaer;Olafsvik;15;15;2,4667;13;15;1,9333;1,0;0,8667;1,8667
5;03/06/2023;02:00;MONGOLIA;PREMIER LEAGUE - ROUND 24;BCH Lions;Khaan Khuns-Erchim;15;15;2,4;13;15;2,2;1,0;0,8667;1,8667
6;03/06/2023;01:30;AUSTRALIA;NPL TASMANIA - ROUND 9;Clarence Zebras;South Hobart;14;15;2,0;14;15;2,5333;0,9333;0,9333;1,8666
7;03/06/2023;11:00;RUSSIA;PREMIER LEAGUE - ROUND 30;Lokomotiv Moscow;Torpedo Moscow;14;15;1,6;14;15;1,6;0,9333;0,9333;1,8666
8;03/06/2023;06:45;AUSTRALIA;A-LEAGUE - PLAY OFFS - FINAL;Melbourne City;Central Coast Mariners;14;15;1,5333;13;15;1,6667;0,9333;0,8667;1,8
9;03/06/2023;04:00;AUSTRALIA;NPL WESTERN AUSTRALIA - ROUND 11;Perth RedStar;Olympic Kingsway;14;15;2,0;13;15;1,6;0,9333;0,8667;1,8
10;03/06/2023;07:00;SINGAPORE;PREMIER LEAGUE;Hougang;Young Lions;13;15;1,4667;14;15;1,7333;0,8667;0,9333;1,8
11;03/06/2023;02:00;AUSTRALIA;NPL VICTORIA - ROUND 16;Moreland City;Port Melbourne Sharks;13;15;1,8;14;15;1,8;0,8667;0,9333;1,8
12;03/06/2023;12:00;SLOVAKIA;1. LIGA WOMEN - RELEGATION GROUP - ROUND 9;Petrzalka W;Nove Zamky W;13;15;1,2;14;15;2,1333;0,8667;0,9333;1,8
13;03/06/2023;11:00;GERMANY;OBERLIGA BAYERN - RELEGATION - SEMI-FINALS;Garching;Grossschwarzenlohe;12;15;1,3333;1;1;1,0;0,8;1,0;1,8
14;03/06/2023;16:00;FRANCE;LIGUE 1 - ROUND 38;Nantes;Angers;13;15;1,7333;14;15;1,8667;0,8667;0,9333;1,8
15;03/06/2023;13:00;ICELAND;DIVISION 2 - ROUND 5;Haukar;Volsungur;14;15;1,6667;13;15;1,6667;0,9333;0,8667;1,8
16;03/06/2023;10:00;MACAO;ELITE LEAGUE - ROUND 12;Toi Seng;Benfica;8;9;2,1111;8;9;1,6667;0,8889;0,8889;1,7778
17;03/06/2023;03:30;AUSTRALIA;NPL TASMANIA - ROUND 9;Devonport;Launceston United;13;15;1,4;7;8;2,25;0,8667;0,875;1,7417
18;03/06/2023;15:30;BELGIUM;JUPILER PRO LEAGUE - CONFERENCE LEAGUE GROUP - ROUND 6;Cercle Brugge KSV;Westerlo;13;15;1,6667;13;15;1,6667;0,8667;0,8667;1,7334
19;03/06/2023;07:00;POLAND;CENTRAL YOUTH LEAGUE - ROUND 30;Legnica U19;Pogon Szczecin U19;13;15;1,9333;13;15;2,4667;0,8667;0,8667;1,7334
20;03/06/2023;08:00;MACAO;ELITE LEAGUE - ROUND 12;Sporting Macau;Hang Sai;14;15;2,2;12;15;2,4667;0,9333;0,8;1,7333
21;03/06/2023;15:30;BELGIUM;JUPILER PRO LEAGUE - CONFERENCE LEAGUE GROUP - ROUND 6;Gent;St. Liege;14;15;1,4667;12;15;1,4667;0,9333;0,8;1,7333
22;03/06/2023;13:00;IRELAND;NATIONAL LEAGUE WOMEN - ROUND 13;Treaty Utd W;Sligo Rovers W;12;15;1,4;14;15;1,3333;0,8;0,9333;1,7333
23;03/06/2023;02:00;AUSTRALIA;NPL VICTORIA - ROUND 16;North Geelong;Altona Magic;15;15;1,9333;11;15;1,0667;1,0;0,7333;1,7333
24;03/06/2023;11:00;SWITZERLAND;SUPER LEAGUE WOMEN - RELEGATION - ROUND 5;Yverdon W;Rapperswil W;12;15;1,5333;14;15;1,8;0,8;0,9333;1,7333
25;03/06/2023;12:00;DENMARK;ELITEDIVISIONEN WOMEN - CHAMPIONSHIP GROUP - ROUND 9;Brondby W;KoldingQ W;14;15;1,4667;12;15;1,1333;0,9333;0,8;1,7333
26;03/06/2023;08:45;NORWAY;TOPPSERIEN WOMEN - ROUND 12;Lyn W;Valerenga W;11;15;1,3333;1;1;4,0;0,7333;1,0;1,7333
27;03/06/2023;16:00;FRANCE;LIGUE 1 - ROUND 38;Auxerre;Lens;11;15;1,2;15;15;1,9333;0,7333;1,0;1,7333
28;03/06/2023;16:00;FRANCE;LIGUE 1 - ROUND 38;Paris SG;Clermont;12;15;1,7333;14;15;1,4667;0,8;0,9333;1,7333
29;03/06/2023;15:00;GERMANY;DFB POKAL - FINAL;RB Leipzig;Eintracht Frankfurt;11;15;1,4667;11;11;1,8182;0,7333;1,0;1,7333
30;03/06/2023;12:00;ROMANIA;LIGA 3 - PROMOTION PLAY OFFS - FINAL;Viitorul Daesti;CSM Alexandria;14;15;2,2667;12;15;1,3333;0,9333;0,8;1,7333
31;03/06/2023;07:00;POLAND;CENTRAL YOUTH LEAGUE - ROUND 30;Jagiellonia U19;Wisla U19;12;15;1,5333;14;15;1,6667;0,8;0,9333;1,7333
32;03/06/2023;09:00;BELARUS;PERSHAYA LIGA - ROUND 10;Niva Dolbizno;Baranovici;9;10;1,8;12;15;1,2;0,9;0,8;1,7
33;03/06/2023;10:00;ICELAND;DIVISION 2 - ROUND 5;Sindri;Dalvik/Reynir;12;15;1,8667;8;9;1,4444;0,8;0,8889;1,6889
34;03/06/2023;10:00;IRELAND;NATIONAL LEAGUE WOMEN - ROUND 13;Galway United W;Shelbourne W;9;11;1,0;13;15;1,3333;0,8182;0,8667;1,6849
35;03/06/2023;02:00;JAPAN;J2 LEAGUE - ROUND 19;Montedio Yamagata;Shimizu S-Pulse;12;15;1,1333;7;8;2,0;0,8;0,875;1,675
36;03/06/2023;11:00;BRAZIL;BRASILEIRO WOMEN - ROUND 14;Internacional W;Ceara W;12;15;1,3333;13;15;2,6;0,8;0,8667;1,6667
37;03/06/2023;04:00;AUSTRALIA;NPL WESTERN AUSTRALIA - ROUND 11;Armadale;Sorrento;13;15;2,3333;12;15;1,4667;0,8667;0,8;1,6667
38;03/06/2023;04:00;AUSTRALIA;NPL WESTERN AUSTRALIA - ROUND 11;Cockburn City;Balcatta;12;15;1,6;13;15;1,5333;0,8;0,8667;1,6667
39;03/06/2023;04:00;AUSTRALIA;NPL WESTERN AUSTRALIA - ROUND 11;Stirling Macedonia;Inglewood Utd;12;15;1,2667;13;15;1,6;0,8;0,8667;1,6667
40;03/06/2023;02:30;AUSTRALIA;NPL SOUTH AUSTRALIAN - ROUND 15;Sturt Lions;South Adelaide;12;15;1,2;13;15;1,5333;0,8;0,8667;1,6667
41;03/06/2023;05:00;MONGOLIA;PREMIER LEAGUE - ROUND 24;Khovd;Khangarid;13;15;2,3333;12;15;1,8;0,8667;0,8;1,6667
42;03/06/2023;11:00;RUSSIA;PREMIER LEAGUE - ROUND 30;Akhmat Grozny;Krasnodar;12;15;1,4;13;15;1,3333;0,8;0,8667;1,6667
43;03/06/2023;09:00;DENMARK;ELITEDIVISIONEN WOMEN - RELEGATION - ROUND 9;Sundby W;Odense Q W;13;15;1,4;12;15;1,8667;0,8667;0,8;1,6667
44;03/06/2023;05:00;AUSTRALIA;NPL QUEENSLAND - ROUND 12;Redlands;Queensland Lions;12;15;1,2667;13;15;1,9333;0,8;0,8667;1,6667
45;03/06/2023;12:30;POLAND;DIVISION 1 - ROUND 34;LKS Lodz;Odra Opole;12;15;1,4667;13;15;1,2;0,8;0,8667;1,6667
46;03/06/2023;11:00;GERMANY;OBERLIGA BAYERN - RELEGATION - SEMI-FINALS;Turkspor Augsburg;Chiemgau Traunstein;12;15;1,4;13;15;1,8667;0,8;0,8667;1,6667
47;03/06/2023;11:00;GERMANY;OBERLIGA BAYERN - RELEGATION - SEMI-FINALS;Bayern Hof;Fuchsstadt;10;15;1,2;1;1;2,0;0,6667;1,0;1,6667
48;03/06/2023;07:00;POLAND;CENTRAL YOUTH LEAGUE - ROUND 30;Korona Kielce U19;Gornik Zabrze U19;13;15;1,8667;12;15;1,6667;0,8667;0,8;1,6667
49;03/06/2023;07:00;POLAND;CENTRAL YOUTH LEAGUE - ROUND 30;Polonia W. U19;Slask W. U19;13;15;2,0;12;15;1,6667;0,8667;0,8;1,6667
50;03/06/2023;12:00;ROMANIA;LIGA 3 - PROMOTION PLAY OFFS - FINAL;Foresta Suceava;Ceahlaul;12;15;1,0667;13;15;1,3333;0,8;0,8667;1,6667
51;03/06/2023;06:00;SOUTH KOREA;K LEAGUE 1 - ROUND 16;Suwon Bluewings;Suwon FC;12;15;1,2;13;15;1,1333;0,8;0,8667;1,6667
52;03/06/2023;10:00;BOTSWANA;PREMIER LEAGUE - ROUND 30;Sua Flamingoes;Prisons XI Gaborone;13;15;1,4667;12;15;1,4;0,8667;0,8;1,6667
53;03/06/2023;11:00;ICELAND;LENGJUDEILDIN - ROUND 5;Vestri;Njardvik;13;15;1,4;12;15;1,6667;0,8667;0,8;1,6667
54;03/06/2023;18:30;BRAZIL;SERIE A - ROUND 9;Athletico-PR;Botafogo RJ;12;15;1,0667;13;15;1,4;0,8;0,8667;1,6667
55;03/06/2023;10:00;SWEDEN;ALLSVENSKAN WOMEN - ROUND 11;Uppsala W;Linkoping W;15;15;1,8667;10;15;1,4;1,0;0,6667;1,6667
56;03/06/2023;13:00;TURKEY;SUPER LIG - ROUND 37;Umraniyespor;Giresunspor;11;15;1,4;14;15;1,8;0,7333;0,9333;1,6666
57;03/06/2023;06:00;SLOVAKIA;1. LIGA WOMEN - RELEGATION GROUP - ROUND 9;Topolcany GFC W;Zilina W;11;15;1,5333;14;15;2,4;0,7333;0,9333;1,6666
58;03/06/2023;08:45;NORWAY;TOPPSERIEN WOMEN - ROUND 12;Stabaek W;Avaldsnes W;14;15;1,5333;11;15;1,4667;0,9333;0,7333;1,6666
59;03/06/2023;10:00;SLOVAKIA;1. LIGA WOMEN - CHAMPIONSHIP GROUP - ROUND 9;Slovan Bratislava W;B. Bystrica W;11;15;1,6667;14;15;3,4;0,7333;0,9333;1,6666
60;03/06/2023;08:00;DENMARK;ELITEDIVISIONEN WOMEN - RELEGATION - ROUND 9;Naestved W;Aalborg W;9;10;1,9;11;15;1,5333;0,9;0,7333;1,6333
61;03/06/2023;06:00;AUSTRALIA;NPL QUEENSLAND - ROUND 12;Gold Coast Utd;Gold Coast Knights;11;15;0,9333;9;10;1,4;0,7333;0,9;1,6333
62;03/06/2023;10:00;BOTSWANA;PREMIER LEAGUE - ROUND 30;Nico United;Township Rollers;15;15;1,6;9;15;0,9333;1,0;0,6;1,6
63;03/06/2023;12:00;ICELAND;DIVISION 2 - ROUND 5;Fjallabyggd;KV Reykjavik;13;15;2,0667;11;15;1,8;0,8667;0,7333;1,6
64;03/06/2023;02:00;JAPAN;J1 LEAGUE - ROUND 16;Vissel Kobe;Kawasaki Frontale;9;15;1,0;1;1;2,0;0,6;1,0;1,6
65;03/06/2023;06:00;SLOVAKIA;1. LIGA WOMEN - CHAMPIONSHIP GROUP - ROUND 9;Trnava W;Ruzomberok W;14;15;2,9333;10;15;1,5333;0,9333;0,6667;1,6
66;03/06/2023;20:00;CANADA;CANADIAN PREMIER LEAGUE;Atl. Ottawa;HFX Wanderers;12;15;1,3333;12;15;1,3333;0,8;0,8;1,6
67;03/06/2023;08:00;MONGOLIA;PREMIER LEAGUE - ROUND 24;Falcons;Khoromkhon;11;15;1,5333;13;15;2,1333;0,7333;0,8667;1,6
68;03/06/2023;22:30;COLOMBIA;PRIMERA A - APERTURA - QUADRANGULAR - ROUND 4;Millonarios;America De Cali;12;15;1,2667;8;10;1,6;0,8;0,8;1,6
69;03/06/2023;09:00;DENMARK;SUPERLIGA - RELEGATION GROUP - ROUND 32;Midtjylland;Odense;12;15;1,4667;12;15;1,3333;0,8;0,8;1,6
70;03/06/2023;10:00;DENMARK;ELITEDIVISIONEN WOMEN - CHAMPIONSHIP GROUP - ROUND 9;Nordsjaelland W;Thisted FC W;12;15;1,2;12;15;1,8;0,8;0,8;1,6
71;03/06/2023;12:00;ROMANIA;LIGA 3 - PROMOTION PLAY OFFS - FINAL;Popesti Leordeni;Tunari;12;15;1,4;12;15;1,5333;0,8;0,8;1,6
72;03/06/2023;11:00;ENGLAND;FA CUP - FINAL;Manchester City;Manchester Utd;12;15;1,4;12;15;1,0667;0,8;0,8;1,6
73;03/06/2023;13:00;ESTONIA;ESTONIAN CUP - FINAL;Flora;Narva;13;15;1,7333;11;15;1,0;0,8667;0,7333;1,6
74;03/06/2023;16:00;PORTUGAL;LIGA PORTUGAL - RELEGATION - FINAL;Estrela;Maritimo;10;15;1,0667;14;15;1,4;0,6667;0,9333;1,6
75;03/06/2023;07:00;POLAND;CENTRAL YOUTH LEAGUE - ROUND 30;Lechia G. U19;Rakow Czestochowa U19;13;15;1,7333;11;15;1,5333;0,8667;0,7333;1,6
76;03/06/2023;11:00;GERMANY;OBERLIGA BAYERN - RELEGATION - SEMI-FINALS;DJK Bamberg;Grossbardorf;13;15;1,7333;11;15;1,2;0,8667;0,7333;1,6
77;03/06/2023;06:30;POLAND;CENTRAL YOUTH LEAGUE - ROUND 30;Escola Warszawa U19;Legia U19;13;15;1,6667;11;15;2,1333;0,8667;0,7333;1,6
78;03/06/2023;10:00;BOTSWANA;PREMIER LEAGUE - ROUND 30;Jwaneng Galaxy;Eleven Angels;13;15;1,6;11;15;1,0667;0,8667;0,7333;1,6
79;03/06/2023;16:00;BOLIVIA;DIVISION PROFESIONAL - ROUND 16;Royal Pari;Nacional Potosi;12;15;1,1333;12;15;1,5333;0,8;0,8;1,6
80;03/06/2023;12:30;POLAND;DIVISION 1 - ROUND 34;Termalica B-B.;Arka Gdynia;11;15;1,2;13;15;1,5333;0,7333;0,8667;1,6
81;03/06/2023;10:00;AUSTRIA;REGIONALLIGA WEST - PROMOTION GROUP - ROUND 9;Saalfelden;Hohenems;11;15;1,4;13;15;1,8667;0,7333;0,8667;1,6
82;03/06/2023;13:00;TURKEY;SUPER LIG - ROUND 37;Trabzonspor;Alanyaspor;12;15;1,5333;12;15;1,4667;0,8;0,8;1,6
83;03/06/2023;21:30;ARUBA;DIVISION DI HONOR - FINAL GROUP - ROUND 1;Britannia;Deportivo Nacional;12;15;1,4667;12;15;1,6;0,8;0,8;1,6
84;03/06/2023;06:00;AUSTRALIA;NPL NSW - ROUND 18;Mount Druitt Rangers;Bulls Academy;12;15;1,2;12;15;1,6667;0,8;0,8;1,6
85;03/06/2023;11:00;ITALY;PRIMAVERA 1 - PLAY OFFS - QUARTER-FINALS;Fiorentina U19;AS Roma U19;9;15;1,0667;3;3;2,0;0,6;1,0;1,6
86;03/06/2023;21:30;ARGENTINA;LIGA PROFESIONAL - ROUND 19;Racing Club;Banfield;13;15;1,2;11;15;1,2;0,8667;0,7333;1,6
87;03/06/2023;20:30;USA;USL CHAMPIONSHIP;Tampa Bay;Sacramento Republic;12;15;1,4667;12;15;1,4667;0,8;0,8;1,6
88;03/06/2023;02:30;AUSTRALIA;NPL SOUTH AUSTRALIAN - ROUND 15;Modbury Jets;West Adelaide;14;15;2,4667;10;15;0,8667;0,9333;0,6667;1,6
89;03/06/2023;13:00;TURKEY;SUPER LIG - ROUND 37;Adana Demirspor;Basaksehir;11;15;1,7333;13;15;1,5333;0,7333;0,8667;1,6
90;03/06/2023;04:30;AUSTRALIA;NPL SOUTH AUSTRALIAN - ROUND 15;NE Metrostars;Croydon Kings;11;15;1,7333;13;15;1,6;0,7333;0,8667;1,6
91;03/06/2023;01:00;AUSTRALIA;NPL TASMANIA - ROUND 9;Kingborough Lions;Riverside Olympic;12;15;2,1333;12;15;1,2;0,8;0,8;1,6
92;03/06/2023;04:00;AUSTRALIA;NPL WESTERN AUSTRALIA - ROUND 11;Perth SC;Bayswater;12;15;1,4667;12;15;1,4667;0,8;0,8;1,6
93;03/06/2023;10:00;TURKEY;SUPER LIG - ROUND 37;Konyaspor;Karagumruk;10;15;1,1333;14;15;1,8667;0,6667;0,9333;1,6
94;03/06/2023;16:00;FRANCE;LIGUE 1 - ROUND 38;Nice;Lyon;13;15;1,2667;11;15;1,4;0,8667;0,7333;1,6
95;03/06/2023;12:30;SWITZERLAND;1.LIGA CLASSIC PLAY OFFS - SEMI-FINALS;Monthey;Solothurn;13;15;1,8667;11;15;1,2667;0,8667;0,7333;1,6
96;03/06/2023;06:00;LAOS;LAO LEAGUE - ROUND 10;Young Elephant;Luangprabang United;11;15;1,4667;11;13;1,6154;0,7333;0,8462;1,5795
97;03/06/2023;13:00;SWITZERLAND;SUPER LEAGUE WOMEN - RELEGATION - ROUND 5;Thun W;Sion W;8;10;1,3;3;4;1,0;0,8;0,75;1,55
98;03/06/2023;23:30;USA;MLS;Vancouver Whitecaps;Sporting Kansas City;10;15;1,4667;13;15;1,4667;0,6667;0,8667;1,5334
99;03/06/2023;10:00;ZAMBIA;SUPER LEAGUE - ROUND 34;Chambishi;Buildcon;13;15;1,4;10;15;1,0;0,8667;0,6667;1,5334
100;03/06/2023;04:30;AUSTRALIA;NPL NSW - ROUND 18;NWS Spirit;Blacktown City;13;15;1,2667;10;15;1,2667;0,8667;0,6667;1,5334
101;03/06/2023;20:30;USA;MLS;FC Cincinnati;Chicago Fire;10;15;1,2;13;15;1,4;0,6667;0,8667;1,5334
102;03/06/2023;03:15;AUSTRALIA;NPL QUEENSLAND - ROUND 12;Eastern Suburbs;Rochedale;10;15;1,2;13;15;2,1333;0,6667;0,8667;1,5334
103;03/06/2023;13:30;ITALY;SERIE A - ROUND 38;Torino;Inter;13;15;1,2;10;15;1,2;0,8667;0,6667;1,5334
104;03/06/2023;21:30;USA;NWSL WOMEN;Kansas City Current W;North Carolina Courage W;13;15;1,4;10;15;1,1333;0,8667;0,6667;1,5334
105;03/06/2023;14:00;BELARUS;VYSSHAYA LIGA - ROUND 11;Zhodino;Shakhtyor Soligorsk;10;15;0,8667;13;15;1,7333;0,6667;0,8667;1,5334
106;03/06/2023;20:30;USA;MLS;Columbus Crew;Charlotte;13;15;1,6667;10;15;0,9333;0,8667;0,6667;1,5334
107;03/06/2023;15:00;BRAZIL;BRASILEIRO WOMEN - ROUND 14;Sao Paulo W;Real Brasilia W;13;15;1,2667;10;15;1,1333;0,8667;0,6667;1,5334
108;03/06/2023;02:00;JAPAN;J2 LEAGUE - ROUND 19;Kanazawa;Kusatsu;13;15;1,8667;10;15;0,8667;0,8667;0,6667;1,5334
109;03/06/2023;10:00;MALAYSIA;SUPER LEAGUE - ROUND 13;Penang;Johor DT;10;15;1,3333;13;15;1,7333;0,6667;0,8667;1,5334
110;03/06/2023;12:00;ROMANIA;LIGA 3 - PROMOTION PLAY OFFS - FINAL;CSM Deva;CSM Resita;13;15;2,0;10;15;1,2;0,8667;0,6667;1,5334
111;03/06/2023;07:00;POLAND;CENTRAL YOUTH LEAGUE - ROUND 30;Cracovia U19;Arka Gdynia U19;11;15;1,6;12;15;1,7333;0,7333;0,8;1,5333
112;03/06/2023;19:00;DOMINICAN REPUBLIC;LDF - ROUND 14;Atletico Pantoja;Jarabacoa;11;15;1,3333;12;15;1,7333;0,7333;0,8;1,5333
113;03/06/2023;17:30;URUGUAY;PRIMERA DIVISION - TORNEO INTERMEDIO - ROUND 1;Wanderers;Danubio;11;15;0,8667;12;15;1,1333;0,7333;0,8;1,5333
114;03/06/2023;22:00;USA;USL CHAMPIONSHIP;San Antonio;San Diego Loyal;9;15;1,0667;14;15;1,4;0,6;0,9333;1,5333
115;03/06/2023;16:00;FRANCE;LIGUE 1 - ROUND 38;Reims;Montpellier;12;15;1,4;11;15;1,2;0,8;0,7333;1,5333
116;03/06/2023;15:00;ROMANIA;LIGA 1 - RELEGATION - FINAL;FC Arges;Din. Bucuresti;11;15;1,2667;12;15;1,8;0,7333;0,8;1,5333
117;03/06/2023;22:00;USA;USL CHAMPIONSHIP;New Mexico;El Paso;11;15;1,3333;12;15;1,4;0,7333;0,8;1,5333
118;03/06/2023;11:00;FINLAND;VEIKKAUSLIIGA;AC Oulu;Mariehamn;12;15;1,3333;11;15;1,2;0,8;0,7333;1,5333
119;03/06/2023;08:00;UKRAINE;PERSHA LIGA - RELEGATION - FINAL;Khust;FSC Mariupol;11;15;1,3333;12;15;1,1333;0,7333;0,8;1,5333
120;03/06/2023;21:30;USA;USL CHAMPIONSHIP;Memphis;Miami FC;12;15;1,3333;11;15;1,3333;0,8;0,7333;1,5333
121;03/06/2023;21:30;USA;NWSL WOMEN;Houston Dash W;Orlando Pride W;12;15;1,2667;11;15;1,4;0,8;0,7333;1,5333
122;03/06/2023;15:00;URUGUAY;PRIMERA DIVISION - TORNEO INTERMEDIO - ROUND 1;CA Cerro;Nacional;12;15;1,2;11;15;1,4;0,8;0,7333;1,5333
123;03/06/2023;21:00;BOLIVIA;DIVISION PROFESIONAL - ROUND 16;Blooming;Vaca Diez;11;15;1,2;12;15;1,4;0,7333;0,8;1,5333
124;03/06/2023;15:00;ARGENTINA;TORNEO FEDERAL - ROUND 14;Olimpo Bahia Blanca;Sansinena;12;15;1,4;11;15;1,1333;0,8;0,7333;1,5333
125;03/06/2023;11:00;RUSSIA;PREMIER LEAGUE - ROUND 30;Zenit;Fakel Voronezh;12;15;1,4;11;15;1,4;0,8;0,7333;1,5333
126;03/06/2023;10:00;BOTSWANA;PREMIER LEAGUE - ROUND 30;Police XI;Gaborone Utd;11;15;0,9333;12;15;1,3333;0,7333;0,8;1,5333
127;03/06/2023;10:00;KAZAKHSTAN;PREMIER LEAGUE - ROUND 12;K. Almaty;Okzhetpes;11;15;1,4;12;15;1,4667;0,7333;0,8;1,5333
128;03/06/2023;07:00;BANGLADESH;PREMIER LEAGUE - ROUND 19;Rahmatgonj MFS;Bangladesh Police;12;15;1,2;11;15;1,1333;0,8;0,7333;1,5333
129;03/06/2023;17:00;TRINIDAD AND TOBAGO;TT PREMIER LEAGUE - ROUND 19;Morvant Caledonia Utd;W Connection;14;15;2,0667;9;15;0,7333;0,9333;0,6;1,5333
130;03/06/2023;15:00;BRAZIL;BRASILEIRO WOMEN - ROUND 14;Avai Kindermann W;Athletico-PR W;11;15;1,2667;12;15;1,3333;0,7333;0,8;1,5333
131;03/06/2023;08:00;DENMARK;ELITEDIVISIONEN WOMEN - RELEGATION - ROUND 9;Aarhus W;B93 W;12;15;1,6;11;15;0,9333;0,8;0,7333;1,5333
132;03/06/2023;06:00;AUSTRALIA;NPL QUEENSLAND - ROUND 12;Sunshine Coast Wanderers;Peninsula;9;15;1,0;14;15;1,4667;0,6;0,9333;1,5333
133;03/06/2023;02:00;JAPAN;WE LEAGUE WOMEN - ROUND 21;Sanfrecce Hiroshima W;Saitama W;11;15;1,1333;12;15;1,4667;0,7333;0,8;1,5333
134;03/06/2023;06:15;AUSTRALIA;NPL NSW - ROUND 18;Manly Utd;Rockdale Ilinden;11;15;1,0667;12;15;1,6667;0,7333;0,8;1,5333
135;03/06/2023;13:00;NETHERLANDS;TWEEDE DIVISIE - RELEGATION - QUARTER-FINALS;IJsselmeervogels;USV Hercules;11;15;1,2667;12;15;1,3333;0,7333;0,8;1,5333
136;03/06/2023;18:30;BOLIVIA;DIVISION PROFESIONAL - ROUND 16;Tomayapo;Bolivar;11;15;1,2667;12;15;1,5333;0,7333;0,8;1,5333
137;03/06/2023;13:00;TURKEY;SUPER LIG - ROUND 37;Kayserispor;Ankaragucu;12;15;2,0667;11;15;1,0;0,8;0,7333;1,5333
138;03/06/2023;10:00;NIGERIA;NPFL - CHAMPIONSHIP GROUP - ROUND 1;Enyimba;Remo Stars;12;15;1,2;11;15;1,2;0,8;0,7333;1,5333
139;03/06/2023;11:00;EUROPE;CHAMPIONS LEAGUE WOMEN - PLAY OFFS - FINAL;Barcelona W;Wolfsburg W;10;15;1,3333;12;14;1,9286;0,6667;0,8571;1,5238
140;03/06/2023;12:30;POLAND;DIVISION 1 - ROUND 34;Podbeskidzie;R. Rzeszow;10;15;1,2;6;7;1,5714;0,6667;0,8571;1,5238
141;03/06/2023;19:30;ARUBA;DIVISION DI HONOR - FINAL GROUP - ROUND 1;Dakota;Racing Club Aruba;12;15;1,7333;5;7;1,2857;0,8;0,7143;1,5143
142;03/06/2023;14:00;SWITZERLAND;CHALLENGE LEAGUE - RELEGATION - FINAL;Xamax;Rapperswil;10;15;1,3333;11;13;2,0769;0,6667;0,8462;1,5129
143;03/06/2023;23:00;USA;USL CHAMPIONSHIP;Orange County SC;Rio Grande;13;15;1,2667;7;11;1,0;0,8667;0,6364;1,5031
144;03/06/2023;02:00;JAPAN;WE LEAGUE WOMEN - ROUND 21;Beleza W;Parceiro Nagano W;11;15;1,5333;3;4;0,75;0,7333;0,75;1,4833
145;03/06/2023;02:00;JAPAN;J2 LEAGUE - ROUND 19;Fujieda MYFC;Tochigi SC;13;15;1,5333;9;15;0,6667;0,8667;0,6;1,4667
146;03/06/2023;13:00;IRELAND;NATIONAL LEAGUE WOMEN - ROUND 13;Peamount W;Athlone WFC W;10;15;1,1333;12;15;1,6;0,6667;0,8;1,4667
147;03/06/2023;13:00;IRELAND;NATIONAL LEAGUE WOMEN - ROUND 13;Cork City W;DLR Waves W;12;15;1,2;10;15;1,4667;0,8;0,6667;1,4667
148;03/06/2023;11:30;ITALY;SERIE A WOMEN - RELEGATION - FINAL;Lazio W;Pomigliano W;13;15;1,4;9;15;1,2;0,8667;0,6;1,4667
149;03/06/2023;07:00;JAPAN;J1 LEAGUE - ROUND 16;Kashiwa Reysol;Hokkaido Consadole Sapporo;10;15;1,1333;12;15;1,8667;0,6667;0,8;1,4667
150;03/06/2023;08:45;NORWAY;TOPPSERIEN WOMEN - ROUND 12;Roa W;Arna-Bjornar W;10;15;1,4667;12;15;1,5333;0,6667;0,8;1,4667
151;03/06/2023;12:30;POLAND;DIVISION 1 - ROUND 34;Chojniczanka;GKS Katowice;12;15;1,2;10;15;1,0;0,8;0,6667;1,4667
152;03/06/2023;11:00;GREECE;GAMMA ETHNIKI - PROMOTION PLAY-OFFS - ROUND 5;Tilikratis L.;Kampaniakos;10;15;1,2667;12;15;1,5333;0,6667;0,8;1,4667
153;03/06/2023;10:45;IRAQ;SUPER LEAGUE - ROUND 32;Al-Hudod;Al-Qassim;12;15;1,0667;10;15;1,0;0,8;0,6667;1,4667
154;03/06/2023;13:15;GREECE;SUPER LEAGUE 2 - ROUND 28;Apollon Smyrnis;Proodeftiki;10;15;1,2667;12;15;1,3333;0,6667;0,8;1,4667
155;03/06/2023;06:00;LAOS;LAO LEAGUE - ROUND 10;Lao Army FC;Viengchanh;10;15;1,0;12;15;1,5333;0,6667;0,8;1,4667
156;03/06/2023;12:30;POLAND;DIVISION 1 - ROUND 34;Ruch Chorzow;Tychy;13;15;1,4;9;15;0,9333;0,8667;0,6;1,4667
157;03/06/2023;08:00;BELARUS;PERSHAYA LIGA - ROUND 10;Volna Pinsk;Ostrovets;10;15;1,0667;12;15;1,2667;0,6667;0,8;1,4667
158;03/06/2023;21:00;USA;NWSL WOMEN;Reign W;Portland Thorns W;10;15;1,2667;12;15;1,6;0,6667;0,8;1,4667
159;03/06/2023;23:00;USA;USL CHAMPIONSHIP;Monterey Bay;Loudoun;9;15;1,2667;13;15;1,6;0,6;0,8667;1,4667
160;03/06/2023;20:00;USA;USL CHAMPIONSHIP;Hartford Athletic;Louisville City;13;15;1,6;9;15;1,0667;0,8667;0,6;1,4667
161;03/06/2023;12:30;ARGENTINA;PRIMERA NACIONAL - ROUND 17;Dep. Riestra;Gimnasia Jujuy;13;15;1,4667;9;15;0,8667;0,8667;0,6;1,4667
162;03/06/2023;06:00;AUSTRALIA;NPL NSW - ROUND 18;WS Wanderers U21;St. George City;12;15;1,3333;10;15;1,4667;0,8;0,6667;1,4667
163;03/06/2023;05:30;AUSTRALIA;NPL SOUTH AUSTRALIAN - ROUND 15;Adelaide Olympic;Adelaide U21;13;15;1,8;9;15;1,0667;0,8667;0,6;1,4667
164;03/06/2023;05:30;AUSTRALIA;NPL VICTORIA - ROUND 16;Hume City;Avondale FC;9;15;1,2;13;15;2,0;0,6;0,8667;1,4667
165;03/06/2023;12:00;AUSTRIA;BUNDESLIGA - CHAMPIONSHIP GROUP - ROUND 32;Austria Vienna;Salzburg;12;15;1,5333;10;15;1,0667;0,8;0,6667;1,4667
166;03/06/2023;09:30;TAJIKISTAN;VYSSHAYA LIGA - ROUND 13;Faizkand;Khujand;10;15;1,0667;12;15;1,2;0,6667;0,8;1,4667
167;03/06/2023;12:00;SWITZERLAND;1.LIGA CLASSIC PLAY OFFS - SEMI-FINALS;Lugano II;Vevey;12;15;1,4667;10;15;1,1333;0,8;0,6667;1,4667
168;03/06/2023;20:00;ECUADOR;LIGA PRO - FIRST STAGE - ROUND 13;Barcelona SC;Emelec;12;15;1,2;10;15;0,8667;0,8;0,6667;1,4667
169;03/06/2023;13:00;SWITZERLAND;SUPER LEAGUE - RELEGATION - FINAL;Sion;Lausanne Ouchy;12;15;1,5333;10;15;1,6667;0,8;0,6667;1,4667
170;03/06/2023;09:30;MALAWI;SUPER LEAGUE - ROUND 8;Chitipa United;Big Bullets;9;15;1,0;13;15;1,3333;0,6;0,8667;1,4667
171;03/06/2023;06:30;MALAYSIA;SUPER LEAGUE - ROUND 13;Perak;Terengganu;12;15;1,4667;10;15;1,3333;0,8;0,6667;1,4667
172;03/06/2023;12:30;SWEDEN;ALLSVENSKAN - ROUND 11;Norrkoping;Brommapojkarna;12;15;1,0667;4;6;1,3333;0,8;0,6667;1,4667
173;03/06/2023;04:00;SOUTH KOREA;K LEAGUE 2 - ROUND 16;Cheonan City;Gyeongnam;10;15;0,8;12;15;1,2667;0,6667;0,8;1,4667
174;03/06/2023;09:15;MALAYSIA;SUPER LEAGUE - ROUND 13;PDRM FC;Selangor;9;15;1,2667;13;15;1,6;0,6;0,8667;1,4667
175;03/06/2023;17:00;CUBA;LIGA NACIONAL - CLAUSURA - ROUND 10;FC Cienfuegos;Holguin;12;15;1,3333;10;15;1,4667;0,8;0,6667;1,4667
176;03/06/2023;17:00;CUBA;LIGA NACIONAL - CLAUSURA - ROUND 10;FC La Habana;FC Guantanamo;10;15;1,0;12;15;1,2;0,6667;0,8;1,4667
177;03/06/2023;12:00;DENMARK;ELITEDIVISIONEN WOMEN - CHAMPIONSHIP GROUP - ROUND 9;Fortuna Hjorring W;Koge W;12;15;1,0667;10;15;1,0667;0,8;0,6667;1,4667
178;03/06/2023;06:30;SOUTH KOREA;K LEAGUE 2 - ROUND 16;Asan;Seongnam;12;15;1,0;10;15;0,9333;0,8;0,6667;1,4667
179;03/06/2023;13:30;SCOTLAND;SCOTTISH CUP - FINAL;Celtic;Inverness;14;15;1,6667;8;15;0,8667;0,9333;0,5333;1,4666
180;03/06/2023;15:00;IVORY COAST;LIGUE 1 - ROUND 29;AS Denguele;Sporting Gagnoa;11;15;1,0667;11;15;1,1333;0,7333;0,7333;1,4666
181;03/06/2023;20:20;COLOMBIA;PRIMERA A - APERTURA - QUADRANGULAR - ROUND 4;Ind. Medellin;Chico;11;15;1,4667;11;15;1,0;0,7333;0,7333;1,4666
182;03/06/2023;10:00;ZAMBIA;SUPER LEAGUE - ROUND 34;Forest Rangers;ZESCO;11;15;0,9333;11;15;1,0667;0,7333;0,7333;1,4666
183;03/06/2023;12:00;TUNISIA;LIGUE 2 - PLAY OFFS - FINAL;AS Marsa;Gafsa;11;15;1,1333;11;15;1,0;0,7333;0,7333;1,4666
184;03/06/2023;10:00;BOTSWANA;PREMIER LEAGUE - ROUND 30;Holy Ghost;Masitoaka;11;15;1,1333;11;15;1,0;0,7333;0,7333;1,4666
185;03/06/2023;10:00;BOTSWANA;PREMIER LEAGUE - ROUND 30;Orapa United;Extension Gunners;11;15;1,5333;11;15;1,3333;0,7333;0,7333;1,4666
186;03/06/2023;09:00;KYRGYZSTAN;PREMIER LIGA - ROUND 12;Kara Balta;Talant;11;15;1,2667;11;15;1,1333;0,7333;0,7333;1,4666
187;03/06/2023;11:00;RUSSIA;FNL - ROUND 34;Akron Togliatti;Volgar-Astrakhan;11;15;1,2;11;15;1,2667;0,7333;0,7333;1,4666
188;03/06/2023;08:00;RUSSIA;FNL - ROUND 34;Yenisey;Ulyanovsk;11;15;1,1333;11;15;1,2;0,7333;0,7333;1,4666
189;03/06/2023;17:30;PARAGUAY;PRIMERA DIVISION - APERTURA - ROUND 21;Ameliano;General Caballero JLM;11;15;1,2;11;15;1,3333;0,7333;0,7333;1,4666
190;03/06/2023;18:00;CHILE;SEGUNDA DIVISION - ROUND 13;Lautaro;Osorno;11;15;1,1333;11;15;1,0667;0,7333;0,7333;1,4666
191;03/06/2023;08:00;RUSSIA;FNL - ROUND 34;Ufa;Kuban;11;15;1,0;11;15;1,0;0,7333;0,7333;1,4666
192;03/06/2023;11:00;FINLAND;VEIKKAUSLIIGA;HJK;SJK;10;15;1,0;10;13;1,4615;0,6667;0,7692;1,4359
193;03/06/2023;19:00;BRAZIL;SERIE B - ROUND 10;Vila Nova FC;Sampaio Correa;10;15;1,0;10;13;1,0769;0,6667;0,7692;1,4359
194;03/06/2023;11:00;RUSSIA;PREMIER LEAGUE - ROUND 30;Orenburg;Dynamo Moscow;13;15;1,8667;8;15;1,0;0,8667;0,5333;1,4
195;03/06/2023;13:00;NETHERLANDS;TWEEDE DIVISIE - RELEGATION - QUARTER-FINALS;VVSB;VV DOVO;14;15;1,5333;7;15;0,7333;0,9333;0,4667;1,4
196;03/06/2023;11:00;RUSSIA;PREMIER LEAGUE - ROUND 30;Krylya Sovetov;Spartak Moscow;9;15;1,0667;12;15;1,6667;0,6;0,8;1,4
197;03/06/2023;07:00;POLAND;CENTRAL YOUTH LEAGUE - ROUND 30;Zaglebie U19;Lech Poznan U19;10;15;1,3333;11;15;1,7333;0,6667;0,7333;1,4
198;03/06/2023;12:30;POLAND;DIVISION 1 - ROUND 34;Puszcza;Chrobry Glogow;12;15;1,4667;9;15;1,4667;0,8;0,6;1,4
199;03/06/2023;07:00;SOUTH KOREA;K LEAGUE 1 - ROUND 16;Jeju Utd;Gangwon;11;15;1,2;10;15;0,8;0,7333;0,6667;1,4
200;03/06/2023;10:00;SWEDEN;ALLSVENSKAN - ROUND 11;Goteborg;Mjallby;12;15;1,2667;9;15;0,9333;0,8;0,6;1,4
201;03/06/2023;12:30;POLAND;DIVISION 1 - ROUND 34;Leczna;Wisla;8;15;0,8667;13;15;1,7333;0,5333;0,8667;1,4
202;03/06/2023;17:00;PERU;LIGA 1 - APERTURA - ROUND 18;Dep. Municipal;Alianza Atl.;9;15;0,9333;12;15;1,9333;0,6;0,8;1,4
203;03/06/2023;08:00;NORWAY;TOPPSERIEN WOMEN - ROUND 12;Rosenborg W;Brann W;10;15;1,0667;11;15;1,4667;0,6667;0,7333;1,4
204;03/06/2023;13:00;TURKEY;SUPER LIG - ROUND 37;Kasimpasa;Besiktas;8;15;1,3333;13;15;1,3333;0,5333;0,8667;1,4
205;03/06/2023;09:00;LITHUANIA;A LYGA - ROUND 16;Dainava Alytus;Suduva;9;15;0,7333;12;15;1,2667;0,6;0,8;1,4
206;03/06/2023;08:45;NORWAY;TOPPSERIEN WOMEN - ROUND 12;Asane W;LSK Kvinner W;11;15;1,4;10;15;0,9333;0,7333;0,6667;1,4
207;03/06/2023;16:00;FRANCE;LIGUE 1 - ROUND 38;AC Ajaccio;Marseille;11;15;1,4667;2;3;1,0;0,7333;0,6667;1,4
208;03/06/2023;02:00;JAPAN;WE LEAGUE WOMEN - ROUND 21;Urawa W;Omiya Ardija W;12;15;1,4;9;15;1,0667;0,8;0,6;1,4
209;03/06/2023;09:00;DENMARK;SUPERLIGA - RELEGATION GROUP - ROUND 32;Horsens;Lyngby;13;15;1,4;8;15;0,9333;0,8667;0,5333;1,4
210;03/06/2023;14:00;EGYPT;PREMIER LEAGUE - ROUND 30;El Gaish;Smouha;7;15;0,8;14;15;1,6667;0,4667;0,9333;1,4
211;03/06/2023;16:00;FRANCE;LIGUE 1 - ROUND 38;Brest;Rennes;12;15;1,2667;9;15;1,0667;0,8;0,6;1,4
212;03/06/2023;06:00;JAPAN;J1 LEAGUE - ROUND 16;Avispa Fukuoka;Gamba Osaka;10;15;1,1333;11;15;1,2667;0,6667;0,7333;1,4
213;03/06/2023;16:00;FRANCE;LIGUE 1 - ROUND 38;Monaco;Toulouse;12;15;1,4667;9;15;1,3333;0,8;0,6;1,4
214;03/06/2023;16:00;ITALY;SERIE A - ROUND 38;Cremonese;Salernitana;11;15;1,2;10;15;1,0;0,7333;0,6667;1,4
215;03/06/2023;12:00;GHANA;PREMIER LEAGUE - ROUND 33;King Faisal;Legon Cities;9;15;1,2;12;15;1,4667;0,6;0,8;1,4
216;03/06/2023;16:00;ITALY;SERIE A - ROUND 38;Empoli;Lazio;10;15;0,8667;11;15;1,1333;0,6667;0,7333;1,4
217;03/06/2023;11:00;FINLAND;VEIKKAUSLIIGA;KTP;VPS;11;15;1,6;10;15;1,4;0,7333;0,6667;1,4
218;03/06/2023;09:00;FINLAND;VEIKKAUSLIIGA;Inter Turku;Honka;12;15;1,4;9;15;1,2;0,8;0,6;1,4
219;03/06/2023;17:00;CUBA;LIGA NACIONAL - CLAUSURA - ROUND 10;FC Santiago de Cuba;Matanzas;10;15;1,4;11;15;1,4;0,6667;0,7333;1,4
220;03/06/2023;06:00;JAPAN;J2 LEAGUE - ROUND 19;Chiba;Machida;8;15;0,8;13;15;1,1333;0,5333;0,8667;1,4
221;03/06/2023;06:30;CHINA;SUPER LEAGUE - ROUND 11;Shanghai Port;Chengdu Rongcheng;10;15;1,1333;11;15;1,0667;0,6667;0,7333;1,4
222;03/06/2023;19:00;ARGENTINA;LIGA PROFESIONAL - ROUND 19;Central Cordoba;Huracan;10;15;0,8;11;15;1,2;0,6667;0,7333;1,4
223;03/06/2023;18:30;BRAZIL;SERIE A - ROUND 9;Cruzeiro;Atletico-MG;11;15;0,8667;10;15;0,9333;0,7333;0,6667;1,4
224;03/06/2023;13:00;BELARUS;PERSHAYA LIGA - ROUND 10;Lida;Arsenal Dzyarzhynsk;9;15;1,2;12;15;2,1333;0,6;0,8;1,4
225;03/06/2023;12:00;BELARUS;VYSSHAYA LIGA - ROUND 11;Smorgon;Energetik-BGU;11;15;1,3333;10;15;0,8;0,7333;0,6667;1,4
226;03/06/2023;03:30;AUSTRALIA;NPL TASMANIA - ROUND 9;Glenorchy Knights;Launceston;9;15;1,0667;12;15;1,6667;0,6;0,8;1,4
227;03/06/2023;04:00;AUSTRALIA;NPL NORTHERN NSW - ROUND 14;Valentine;Cooks Hill United;11;15;1,4;10;15;1,4667;0,7333;0,6667;1,4
228;03/06/2023;20:00;ARGENTINA;TORNEO FEDERAL - ROUND 14;Santamarina;Cipolletti;11;15;1,2;10;15;1,0;0,7333;0,6667;1,4
229;03/06/2023;02:00;JAPAN;J2 LEAGUE - ROUND 19;Renofa Yamaguchi;V-Varen Nagasaki;12;15;1,4;9;15;0,9333;0,8;0,6;1,4
230;03/06/2023;19:10;ARGENTINA;PRIMERA NACIONAL - ROUND 17;Ind. Rivadavia;Deportivo Maipu;12;15;1,3333;9;15;1,0667;0,8;0,6;1,4
231;03/06/2023;07:00;KENYA;PREMIER LEAGUE;Kariobangi Sharks;Talanta FC;12;15;1,4;9;15;0,8;0,8;0,6;1,4
232;03/06/2023;01:00;JAPAN;WE LEAGUE WOMEN - ROUND 21;Mynavi Sendai W;Nojima Stella W;9;15;1,2667;12;15;1,2667;0,6;0,8;1,4
233;03/06/2023;04:00;AUSTRALIA;NPL NSW - ROUND 18;Marconi Stallions;Wollongong Wolves;12;15;1,5333;7;12;1,25;0,8;0,5833;1,3833
234;03/06/2023;09:00;DENMARK;SUPERLIGA - RELEGATION GROUP - ROUND 32;Aalborg;Silkeborg;11;15;1,2;7;11;1,4545;0,7333;0,6364;1,3697
235;03/06/2023;22:30;PERU;LIGA 1 - APERTURA - ROUND 18;Deportivo Garcilaso;Union Comercio;10;15;1,2;7;10;1,9;0,6667;0,7;1,3667
236;03/06/2023;19:00;ARGENTINA;LIGA PROFESIONAL - ROUND 19;Rosario Central;Instituto;13;15;1,2667;6;12;0,6667;0,8667;0,5;1,3667
237;03/06/2023;10:00;ETHIOPIA;PREMIER LEAGUE - ROUND 27;Wolkite Ketema;Fasil Kenema;10;15;0,9333;10;15;0,8;0,6667;0,6667;1,3334
238;03/06/2023;15:30;ITALY;SERIE B - PLAY OFFS - SEMI-FINALS;Parma;Cagliari;10;15;1,2667;10;15;1,1333;0,6667;0,6667;1,3334
239;03/06/2023;11:30;NETHERLANDS;EREDIVISIE - RELEGATION - PLAY OFFS - SEMI-FINALS;Almere City;Venlo;10;15;1,2667;10;15;1,1333;0,6667;0,6667;1,3334
240;03/06/2023;20:30;USA;MLS;New York Red Bulls;Orlando City;10;15;0,8;10;15;1,0;0,6667;0,6667;1,3334
241;03/06/2023;04:30;AUSTRALIA;NPL SOUTH AUSTRALIAN - ROUND 15;Adelaide Comets;Adelaide City;7;15;0,9333;13;15;1,5333;0,4667;0,8667;1,3334
242;03/06/2023;16:00;AFRICA;CAF CONFEDERATION CUP - PLAY OFFS - FINAL;USM Alger;Young Africans;10;15;0,9333;10;15;0,9333;0,6667;0,6667;1,3334
243;03/06/2023;17:00;CANADA;CANADIAN PREMIER LEAGUE;Cavalry;Forge;11;15;1,0667;9;15;0,7333;0,7333;0,6;1,3333
244;03/06/2023;16:30;CHILE;SEGUNDA DIVISION - ROUND 13;Valdivia;Iberia;11;15;1,0667;9;15;1,2;0,7333;0,6;1,3333
245;03/06/2023;15:00;GHANA;PREMIER LEAGUE - ROUND 33;Accra Lions;Asante Kotoko;9;15;0,9333;11;15;1,1333;0,6;0,7333;1,3333
246;03/06/2023;11:00;KAZAKHSTAN;PREMIER LEAGUE - ROUND 12;FC Astana;Aksu;8;15;1,0;12;15;1,2;0,5333;0,8;1,3333
247;03/06/2023;11:00;BELARUS;PERSHAYA LIGA - ROUND 10;Orsha;Petrikov;12;15;1,5333;8;15;1,0667;0,8;0,5333;1,3333
248;03/06/2023;14:30;BULGARIA;PARVA LIGA - CHAMPIONSHIP GROUP - ROUND 34;Ludogorets;Levski Sofia;11;15;1,6;9;15;1,0;0,7333;0,6;1,3333
249;03/06/2023;21:00;USA;NWSL WOMEN;Washington Spirit W;Racing Louisville W;9;15;1,2667;11;15;1,4;0,6;0,7333;1,3333
250;03/06/2023;16:30;ARGENTINA;LIGA PROFESIONAL - ROUND 19;River Plate;Defensa y Justicia;11;15;1,3333;9;15;0,9333;0,7333;0,6;1,3333
251;03/06/2023;12:00;KAZAKHSTAN;PREMIER LEAGUE - ROUND 12;Ordabasy;Atyrau;11;15;1,1333;9;15;1,0;0,7333;0,6;1,3333
252;03/06/2023;15:00;NETHERLANDS;EREDIVISIE - RELEGATION - PLAY OFFS - SEMI-FINALS;FC Emmen;Breda;9;15;1,2667;11;15;1,6667;0,6;0,7333;1,3333
253;03/06/2023;08:00;SOUTH KOREA;K LEAGUE 2 - ROUND 16;Anyang;Bucheon FC 1995;11;15;1,3333;9;15;1,2;0,7333;0,6;1,3333
254;03/06/2023;12:00;ROMANIA;LIGA 3 - PROMOTION PLAY OFFS - FINAL;Unirea Ungheni;Corvinul Hunedoara;9;15;0,9333;11;15;1,5333;0,6;0,7333;1,3333
255;03/06/2023;12:00;BENIN;LIGUE 1 - CHAMPIONSHIP GROUP - ROUND 21;Dadje;Damissa;12;15;1,0667;8;15;0,9333;0,8;0,5333;1,3333
256;03/06/2023;11:00;GREECE;SUPER LEAGUE 2 - ROUND 28;Iraklis 1908;Niki Volos;12;15;1,6;8;15;0,9333;0,8;0,5333;1,3333
257;03/06/2023;07:00;BANGLADESH;PREMIER LEAGUE - ROUND 19;Fortis;Chittagong Abahani;11;15;1,0;9;15;1,0667;0,7333;0,6;1,3333
258;03/06/2023;08:00;RUSSIA;FNL - ROUND 34;Baltika;Veles Moscow;9;15;0,8;11;15;1,2;0,6;0,7333;1,3333
259;03/06/2023;10:00;ZAMBIA;SUPER LEAGUE - ROUND 34;Nchanga Rangers;Kabwe;11;15;0,8667;9;15;1,3333;0,7333;0,6;1,3333
260;03/06/2023;16:00;BRAZIL;SERIE B - ROUND 10;Juventude;Avai;12;15;1,0667;8;15;0,6667;0,8;0,5333;1,3333
261;03/06/2023;13:00;LITHUANIA;A LYGA - ROUND 16;FK Panevezys;Hegelmann;8;15;0,7333;12;15;1,6;0,5333;0,8;1,3333
262;03/06/2023;17:00;TRINIDAD AND TOBAGO;TT PREMIER LEAGUE - ROUND 19;Cunupia;Point Fortin;11;15;1,0667;9;15;1,0;0,7333;0,6;1,3333
263;03/06/2023;12:00;MONTENEGRO;PRVA CRNOGORSKA LIGA - RELEGATION - FINAL;Rudar;Kom Podgorica;12;15;1,4667;8;15;0,6667;0,8;0,5333;1,3333
264;03/06/2023;01:00;JAPAN;J2 LEAGUE - ROUND 19;Iwaki;Kumamoto;9;15;0,9333;11;15;0,8;0,6;0,7333;1,3333
265;03/06/2023;03:00;JAPAN;J1 LEAGUE - ROUND 16;Shonan Bellmare;Albirex Niigata;9;15;1,0667;11;15;1,4;0,6;0,7333;1,3333
266;03/06/2023;11:00;LITHUANIA;A LYGA - ROUND 16;Banga;Riteriai;12;15;1,4;8;15;0,8667;0,8;0,5333;1,3333
267;03/06/2023;16:30;USA;MLS;New York City;New England Revolution;9;15;1,0;11;15;1,3333;0,6;0,7333;1,3333
268;03/06/2023;12:00;JORDAN;SHIELD CUP - ROUND 4;Al Salt;Maan;11;15;1,1333;9;15;1,0667;0,7333;0,6;1,3333
269;03/06/2023;16:00;SPAIN;PRIMERA RFEF - PROMOTION PLAY OFFS - SEMI-FINALS;Barcelona B;Real Madrid B;9;15;0,8667;5;7;1,1429;0,6;0,7143;1,3143
270;03/06/2023;16:00;CHILE;SEGUNDA DIVISION - ROUND 13;Linares Unido;Deportes Rengo;12;15;1,4;7;14;0,5714;0,8;0,5;1,3
271;03/06/2023;09:00;BELARUS;VYSSHAYA LIGA - ROUND 11;FC Gomel;Belshina;11;15;1,3333;5;9;1,4444;0,7333;0,5556;1,2889
272;03/06/2023;22:30;USA;MLS;Colorado Rapids;San Jose Earthquakes;10;15;1,2;9;15;0,9333;0,6667;0,6;1,2667
273;03/06/2023;12:00;KAZAKHSTAN;PREMIER LEAGUE - ROUND 12;Aktobe;Shakhter Karagandy;9;15;0,8667;10;15;1,5333;0,6;0,6667;1,2667
274;03/06/2023;10:00;BOTSWANA;PREMIER LEAGUE - ROUND 30;Security Systems;Morupule;13;15;1,4667;6;15;0,9333;0,8667;0,4;1,2667
275;03/06/2023;12:30;POLAND;DIVISION 1 - ROUND 34;Zaglebie Sosnowiec;Sandecja Nowy S.;7;15;0,5333;12;15;1,2667;0,4667;0,8;1,2667
276;03/06/2023;04:30;SOUTH KOREA;K LEAGUE 1 - ROUND 16;Jeonbuk;Ulsan Hyundai;9;15;0,8667;10;15;1,5333;0,6;0,6667;1,2667
277;03/06/2023;18:30;BRAZIL;SERIE A - ROUND 9;America MG;Corinthians;10;15;1,4;9;15;0,8667;0,6667;0,6;1,2667
278;03/06/2023;02:00;JAPAN;J2 LEAGUE - ROUND 19;Omiya Ardija;Mito;9;15;0,8;10;15;1,0;0,6;0,6667;1,2667
279;03/06/2023;18:00;WORLD;WORLD CUP U20 - PLAY OFFS - QUARTER-FINALS;Colombia U20;Italy U20;9;15;1,0;10;15;1,3333;0,6;0,6667;1,2667
280;03/06/2023;10:00;ZAMBIA;SUPER LEAGUE - ROUND 34;Green Buffaloes FC;Zanaco;10;15;1,1333;9;15;1,1333;0,6667;0,6;1,2667
281;03/06/2023;10:30;NETHERLANDS;TWEEDE DIVISIE - RELEGATION - QUARTER-FINALS;TEC;Barendrecht;10;15;1,2;9;15;1,2667;0,6667;0,6;1,2667
282;03/06/2023;20:00;USA;USL CHAMPIONSHIP;Pittsburgh;Phoenix Rising;10;15;1,0;9;15;1,0;0,6667;0,6;1,2667
283;03/06/2023;10:00;ZAMBIA;SUPER LEAGUE - ROUND 34;Nkwazi;Green Eagles;10;15;0,8667;9;15;1,1333;0,6667;0,6;1,2667
284;03/06/2023;08:35;CHINA;SUPER LEAGUE - ROUND 11;Shandong Taishan;Dalian Pro;12;15;1,2;7;15;0,8;0,8;0,4667;1,2667
285;03/06/2023;11:00;RUSSIA;PREMIER LEAGUE - ROUND 30;CSKA Moscow;FK Rostov;10;15;0,9333;9;15;1,0;0,6667;0,6;1,2667
286;03/06/2023;15:30;ARGENTINA;PRIMERA NACIONAL - ROUND 19;Agropecuario;Patronato;9;15;0,9333;10;15;0,9333;0,6;0,6667;1,2667
287;03/06/2023;15:30;JORDAN;SHIELD CUP - ROUND 4;Al Jalil;Moghayer Al Sarhan;12;15;1,3333;7;15;0,6667;0,8;0,4667;1,2667
288;03/06/2023;12:00;GHANA;PREMIER LEAGUE - ROUND 33;Dreams;Great Olympics;9;15;1,2;10;15;0,7333;0,6;0,6667;1,2667
289;03/06/2023;21:30;USA;MLS;Austin FC;Real Salt Lake;9;15;0,8667;10;15;1,2;0,6;0,6667;1,2667
290;03/06/2023;11:00;GREECE;GAMMA ETHNIKI - PROMOTION PLAY-OFFS - ROUND 5;Aiolikos;Giouchtas;10;15;1,1333;9;15;1,0;0,6667;0,6;1,2667
291;03/06/2023;15:00;FAROE ISLANDS;PREMIER LEAGUE - ROUND 12;Klaksvik;AB Argir;9;15;1,3333;10;15;1,2667;0,6;0,6667;1,2667
292;03/06/2023;10:00;MOZAMBIQUE;MOCAMBOLA - ROUND 8;Costa do Sol;Ferroviario Lichinga;10;15;0,9333;9;15;0,9333;0,6667;0,6;1,2667
293;03/06/2023;03:00;JAPAN;J1 LEAGUE - ROUND 16;FC Tokyo;Yokohama F. Marinos;9;15;1,4;10;15;1,3333;0,6;0,6667;1,2667
294;03/06/2023;14:00;PORTUGAL;LIGA PORTUGAL 2 - RELEGATION - FINAL;Vilaverdense;BSAD;9;15;0,8667;10;15;1,2;0,6;0,6667;1,2667
295;03/06/2023;16:30;ARGENTINA;PRIMERA NACIONAL - ROUND 17;Chaco For Ever;Villa Dalmine;9;15;0,7333;10;15;1,0667;0,6;0,6667;1,2667
296;03/06/2023;07:00;ETHIOPIA;PREMIER LEAGUE - ROUND 27;Ethiopian Insurance;Ethiopia Bunna;11;15;1,2;8;15;1,0667;0,7333;0,5333;1,2666
297;03/06/2023;04:00;JAPAN;J1 LEAGUE - ROUND 16;Nagoya Grampus;Cerezo Osaka;11;15;1,0;8;15;0,8667;0,7333;0,5333;1,2666
298;03/06/2023;21:10;ARGENTINA;PRIMERA NACIONAL - ROUND 19;Temperley;Almirante Brown;11;15;1,0667;8;15;0,8667;0,7333;0,5333;1,2666
299;03/06/2023;09:00;IRELAND;NATIONAL LEAGUE WOMEN - ROUND 13;Bohemians WFC W;Shamrock Rovers W;8;15;0,8667;8;11;1,3636;0,5333;0,7273;1,2606
300;03/06/2023;09:30;NETHERLANDS;TWEEDE DIVISIE - RELEGATION - QUARTER-FINALS;GVVV;Groene Ster;7;15;0,9333;3;4;0,75;0,4667;0,75;1,2167
301;03/06/2023;08:00;RUSSIA;FNL - ROUND 34;Rodina Moscow;Rubin Kazan;10;15;1,1333;6;11;1,0;0,6667;0,5455;1,2122
302;03/06/2023;16:00;SPAIN;LALIGA2 - PROMOTION - PLAY OFFS - SEMI-FINALS;Albacete;Levante;11;15;1,2667;7;15;0,8;0,7333;0,4667;1,2
303;03/06/2023;09:30;TAJIKISTAN;VYSSHAYA LIGA - ROUND 13;Ravshan;Eskhata;8;15;0,8;10;15;1,0667;0,5333;0,6667;1,2
304;03/06/2023;13:00;SPAIN;SEGUNDA RFEF - PROMOTION PLAY OFFS - FINAL;Sanluqueno;Alaves B;10;15;1,0667;8;15;0,8;0,6667;0,5333;1,2
305;03/06/2023;10:00;BOTSWANA;PREMIER LEAGUE - ROUND 30;BDF XI;Mogoditshane;9;15;0,7333;9;15;1,1333;0,6;0,6;1,2
306;03/06/2023;12:00;SPAIN;TERCERA RFEF - PROMOTION PLAY OFFS - FINAL;CDFC Calzada;Racing Club Villalbes;7;15;0,6667;11;15;0,9333;0,4667;0,7333;1,2
307;03/06/2023;13:00;SPAIN;TERCERA RFEF - PROMOTION PLAY OFFS - FINAL;Vimenor;Illescas;12;15;1,2667;6;15;0,7333;0,8;0,4;1,2
308;03/06/2023;21:30;USA;MLS;St. Louis City;Houston Dynamo;10;15;1,2667;8;15;0,8667;0,6667;0,5333;1,2
309;03/06/2023;07:00;JAPAN;J2 LEAGUE - ROUND 19;Okayama;Tokushima;9;15;0,9333;9;15;0,8667;0,6;0,6;1,2
310;03/06/2023;10:00;BURUNDI;COUPE DU PRESIDENT - FINAL;Bumamuru;Aigle Noir;11;15;1,3333;7;15;0,8667;0,7333;0,4667;1,2
311;03/06/2023;12:00;REPUBLIC OF THE CONGO;LIGUE 1 - ROUND 26;JS Talangai;Leopard;8;15;0,8;10;15;0,9333;0,5333;0,6667;1,2
312;03/06/2023;22:00;MEXICO;LIGA DE EXPANSION MX - SUPER FINAL - FINAL;Atlante;Tapatio;7;15;0,6;11;15;1,2667;0,4667;0,7333;1,2
313;03/06/2023;06:30;JAPAN;J1 LEAGUE - ROUND 16;Yokohama FC;Sagan Tosu;10;15;1,1333;8;15;1,0;0,6667;0,5333;1,2
314;03/06/2023;13:15;MALI;PREMIERE DIVISION - ROUND 22;US Bougouni;Foot Elite;11;15;1,4667;7;15;0,5333;0,7333;0,4667;1,2
315;03/06/2023;12:00;IVORY COAST;LIGUE 1 - ROUND 29;ASI d'Abengourou;Lys Sassandra;8;15;0,6667;10;15;1,0667;0,5333;0,6667;1,2
316;03/06/2023;20:00;PERU;LIGA 1 - APERTURA - ROUND 18;Binacional;Carlos Mannucci;12;15;1,6;6;15;0,4667;0,8;0,4;1,2
317;03/06/2023;09:00;KENYA;PREMIER LEAGUE;Sofapaka;Bandari;11;15;1,0;7;15;1,1333;0,7333;0,4667;1,2
318;03/06/2023;13:00;IRAQ;SUPER LEAGUE - ROUND 32;Duhok;Al Najaf;8;15;0,7333;10;15;1,1333;0,5333;0,6667;1,2
319;03/06/2023;14:00;ARGENTINA;LIGA PROFESIONAL - ROUND 19;Belgrano;Velez Sarsfield;10;15;0,8667;8;15;0,8667;0,6667;0,5333;1,2
320;03/06/2023;11:00;KAZAKHSTAN;PREMIER LEAGUE - ROUND 12;Tobol;Kyzylzhar;10;15;1,0;8;15;0,8;0,6667;0,5333;1,2
321;03/06/2023;11:00;RUSSIA;PREMIER LEAGUE - ROUND 30;Nizhny Novgorod;Khimki;6;15;0,7333;12;15;1,2;0,4;0,8;1,2
322;03/06/2023;12:30;TUNISIA;LIGUE PROFESSIONNELLE 1 - CHAMPIONSHIP GROUP - ROUND 9;Club Africain;CS Sfaxien;9;15;0,6667;9;15;0,6667;0,6;0,6;1,2
323;03/06/2023;08:00;RUSSIA;FNL - ROUND 34;Krasnodar 2;Shinnik Yaroslavl;9;15;1,1333;9;15;1,4;0,6;0,6;1,2
324;03/06/2023;17:00;CHILE;SEGUNDA DIVISION - ROUND 13;San Antonio Unido;Arturo Fernandez Vial;10;15;1,0;8;15;1,0;0,6667;0,5333;1,2
325;03/06/2023;11:00;RUSSIA;FNL - ROUND 34;Kamaz;Neftekhimik;7;15;0,6667;11;15;1,2667;0,4667;0,7333;1,2
326;03/06/2023;15:00;ARGENTINA;PRIMERA NACIONAL - ROUND 19;Almagro;Club A. Guemes;9;15;0,8;9;15;0,8667;0,6;0,6;1,2
327;03/06/2023;09:30;MALAWI;SUPER LEAGUE - ROUND 8;Blue Eagles;Extreme FC;7;15;0,7333;5;7;1,0;0,4667;0,7143;1,181
328;03/06/2023;12:00;FINLAND;VEIKKAUSLIIGA;Ilves;Lahti;10;15;1,0;2;4;0,75;0,6667;0,5;1,1667
329;03/06/2023;09:30;MALAWI;SUPER LEAGUE - ROUND 8;Bangwe All Stars;Red Lions;3;7;1,0;11;15;1,2;0,4286;0,7333;1,1619
330;03/06/2023;12:30;TUNISIA;LIGUE PROFESSIONNELLE 1 - CHAMPIONSHIP GROUP - ROUND 9;Etoile Sahel;US Tataouine;7;15;0,4667;10;15;1,0667;0,4667;0,6667;1,1334
331;03/06/2023;10:00;ZAMBIA;SUPER LEAGUE - ROUND 34;Red Arrows;Power Dynamos;10;15;1,0667;7;15;0,9333;0,6667;0,4667;1,1334
332;03/06/2023;11:00;RUSSIA;PREMIER LEAGUE - ROUND 30;Ural;Sochi;10;15;0,8667;7;15;0,6;0,6667;0,4667;1,1334
333;03/06/2023;09:00;KENYA;PREMIER LEAGUE;Wazito;Tusker;10;15;1,0667;7;15;0,6;0,6667;0,4667;1,1334
334;03/06/2023;16:00;BRAZIL;SERIE A - ROUND 9;Fortaleza;Bahia;7;15;1,2667;10;15;1,1333;0,4667;0,6667;1,1334
335;03/06/2023;14:00;SENEGAL;LIGUE 1 - ROUND 22;Diambars;Douanes;10;15;1,0667;7;15;0,5333;0,6667;0,4667;1,1334
336;03/06/2023;08:00;RUSSIA;FNL - ROUND 34;Dynamo Makhachkala;Alania Vladikavkaz;9;15;0,8667;8;15;1,0667;0,6;0,5333;1,1333
337;03/06/2023;12:00;BENIN;LIGUE 1 - CHAMPIONSHIP GROUP - ROUND 21;FC Loto;Takunnin;11;15;1,1333;4;10;0,6;0,7333;0,4;1,1333
338;03/06/2023;14:00;SPAIN;TERCERA RFEF - PROMOTION PLAY OFFS - FINAL;Torrent;Azuaga;6;15;0,8;11;15;1,0;0,4;0,7333;1,1333
339;03/06/2023;12:00;NIGERIA;NPFL - CHAMPIONSHIP GROUP - ROUND 1;Sunshine Stars;Rivers United;9;15;0,8667;8;15;0,6;0,6;0,5333;1,1333
340;03/06/2023;10:00;ZAMBIA;SUPER LEAGUE - ROUND 34;Prison Leopards;NAPSA Stars;9;15;0,8;8;15;0,8;0,6;0,5333;1,1333
341;03/06/2023;13:00;IRAQ;SUPER LEAGUE - ROUND 32;Karbala;Naft Missan;6;15;0,6;11;15;1,1333;0,4;0,7333;1,1333
342;03/06/2023;11:00;GREECE;SUPER LEAGUE 2 - ROUND 28;Panathinaikos B;Iraklis Larissa;8;15;1,1333;9;15;1,1333;0,5333;0,6;1,1333
343;03/06/2023;12:30;POLAND;DIVISION 1 - ROUND 34;S. Rzeszow;Skra;9;15;1,2667;8;15;0,6667;0,6;0,5333;1,1333
344;03/06/2023;09:30;MALAWI;SUPER LEAGUE - ROUND 8;MAFCO;Moyale Barracks;8;15;0,9333;9;15;0,8;0,5333;0,6;1,1333
345;03/06/2023;17:00;DOMINICAN REPUBLIC;LDF - ROUND 14;Vega Real;Universidad O&M;9;15;0,8;8;15;0,7333;0,6;0,5333;1,1333
346;03/06/2023;08:35;CHINA;SUPER LEAGUE - ROUND 11;Henan Songshan Longmen;Meizhou Hakka;6;15;0,5333;11;15;1,0667;0,4;0,7333;1,1333
347;03/06/2023;03:00;RUSSIA;FNL - ROUND 34;SKA Khabarovsk;Arsenal Tula;9;15;0,8667;8;15;0,8667;0,6;0,5333;1,1333
348;03/06/2023;12:00;BULGARIA;PARVA LIGA - CHAMPIONSHIP GROUP - ROUND 34;CSKA Sofia;CSKA 1948 Sofia;8;15;0,9333;9;15;1,4667;0,5333;0,6;1,1333
349;03/06/2023;10:00;SOUTH AFRICA;MOTSEPE FOUNDATION CHAMPIONSHIP - PROMOTION GROUP;Cape Town Spurs;Maritzburg Utd;8;15;1,0667;9;15;1,0;0,5333;0,6;1,1333
350;03/06/2023;13:00;SPAIN;PRIMERA RFEF - PLAY OFFS - FINAL;Amorebieta;Ferrol;6;15;0,6;11;15;1,1333;0,4;0,7333;1,1333
351;03/06/2023;21:30;USA;MLS;FC Dallas;Nashville SC;9;15;0,8;8;15;0,6667;0,6;0,5333;1,1333
352;03/06/2023;10:00;ZIMBABWE;PREMIER SOCCER LEAGUE - ROUND 12;Sheasham;Herentals;6;10;1,0;8;15;0,6667;0,6;0,5333;1,1333
353;03/06/2023;13:00;RÉUNION;REGIONALE 1 - ROUND 11;Saint-Pauloise;Piton;6;12;0,6667;4;7;0,5714;0,5;0,5714;1,0714
354;03/06/2023;21:30;USA;MLS;Minnesota United;Toronto FC;9;15;0,9333;7;15;0,8667;0,6;0,4667;1,0667
355;03/06/2023;10:00;ZAMBIA;SUPER LEAGUE - ROUND 34;Lumwana Radiants;FC Muza;9;15;1,0667;7;15;0,7333;0,6;0,4667;1,0667
356;03/06/2023;09:00;KYRGYZSTAN;PREMIER LIGA - ROUND 12;Ilbirs;Alay Osh;12;15;1,2667;4;15;0,4;0,8;0,2667;1,0667
357;03/06/2023;19:30;ARGENTINA;TORNEO FEDERAL - ROUND 14;CA Liniers;Sol de Mayo;9;15;0,9333;7;15;1,0667;0,6;0,4667;1,0667
358;03/06/2023;17:00;ECUADOR;LIGA PRO - FIRST STAGE - ROUND 13;Mushuc Runa;Orense;9;15;1,0667;7;15;1,0;0,6;0,4667;1,0667
359;03/06/2023;09:00;MOZAMBIQUE;MOCAMBOLA - ROUND 8;Baia de Pemba;Ferroviario Beira;10;15;1,1333;6;15;0,5333;0,6667;0,4;1,0667
360;03/06/2023;04:00;JAPAN;J2 LEAGUE - ROUND 19;Iwata;Blaublitz;10;15;1,0667;6;15;0,8;0,6667;0,4;1,0667
361;03/06/2023;10:00;ZIMBABWE;PREMIER SOCCER LEAGUE - ROUND 12;Cranborne Bullets;CAPS Utd;8;15;0,7333;8;15;0,8667;0,5333;0,5333;1,0666
362;03/06/2023;20:30;USA;MLS;Inter Miami;DC United;8;15;0,9333;8;15;0,6667;0,5333;0,5333;1,0666
363;03/06/2023;15:15;SPAIN;SEGUNDA RFEF - PROMOTION PLAY OFFS - FINAL;Tarazona;Navalcarnero;11;15;1,0667;5;15;0,3333;0,7333;0,3333;1,0666
364;03/06/2023;11:00;FINLAND;VEIKKAUSLIIGA;KuPS;Haka;5;15;0,6;11;15;1,7333;0,3333;0,7333;1,0666
365;03/06/2023;14:30;WORLD;WORLD CUP U20 - PLAY OFFS - QUARTER-FINALS;Israel U20;Brazil U20;2;6;0,5;11;15;1,3333;0,3333;0,7333;1,0666
366;03/06/2023;17:30;USA;MLS;Seattle Sounders;Portland Timbers;8;15;0,8;8;15;1,0;0,5333;0,5333;1,0666
367;03/06/2023;21:00;BRAZIL;SERIE A - ROUND 9;Santos;Internacional;8;15;0,8667;8;15;0,9333;0,5333;0,5333;1,0666
368;03/06/2023;12:00;MONTENEGRO;PRVA CRNOGORSKA LIGA - RELEGATION - FINAL;Berane;Mornar Bar;8;15;0,8;8;15;0,6;0,5333;0,5333;1,0666
369;03/06/2023;20:00;PARAGUAY;PRIMERA DIVISION - APERTURA - ROUND 21;Nacional Asuncion;Tacuary;6;15;0,6;8;13;1,0;0,4;0,6154;1,0154
370;03/06/2023;10:00;ZAMBIA;SUPER LEAGUE - ROUND 34;Nkana;Kansanshi;7;15;0,6667;8;15;0,8667;0,4667;0,5333;1,0
371;03/06/2023;17:00;BRAZIL;SERIE B - ROUND 10;Mirassol;Ponte Preta;8;15;0,7333;7;15;0,7333;0,5333;0,4667;1,0
372;03/06/2023;13:15;MALI;PREMIERE DIVISION - ROUND 22;Djoliba;Real Bamako;5;15;0,5333;10;15;1,0;0,3333;0,6667;1,0
373;03/06/2023;07:30;SOUTH KOREA;K LEAGUE 1 - ROUND 16;Gwangju FC;Pohang;6;15;0,6;9;15;0,8667;0,4;0,6;1,0
374;03/06/2023;13:30;SPAIN;LALIGA2 - PROMOTION - PLAY OFFS - SEMI-FINALS;Eibar;Alaves;9;15;0,7333;6;15;0,6667;0,6;0,4;1,0
375;03/06/2023;12:00;SPAIN;PRIMERA RFEF - PROMOTION PLAY OFFS - SEMI-FINALS;Celta Vigo B;Eldense;8;15;0,7333;7;15;0,7333;0,5333;0,4667;1,0
376;03/06/2023;14:00;SPAIN;PRIMERA RFEF - PROMOTION PLAY OFFS - SEMI-FINALS;R. Sociedad B;Alcorcon;7;15;0,6;8;15;0,8667;0,4667;0,5333;1,0
377;03/06/2023;12:00;AUSTRIA;BUNDESLIGA - CHAMPIONSHIP GROUP - ROUND 32;Sturm Graz;LASK;8;15;1,3333;7;15;0,9333;0,5333;0,4667;1,0
378;03/06/2023;14:00;NIGERIA;NPFL - CHAMPIONSHIP GROUP - ROUND 1;Bendel;Lobi Stars;6;15;0,5333;9;15;1,1333;0,4;0,6;1,0
379;03/06/2023;15:15;IRAQ;SUPER LEAGUE - ROUND 32;Al Zawraa;Al Kahraba;9;15;0,9333;3;8;0,75;0,6;0,375;0,975
380;03/06/2023;20:30;USA;MLS;Philadelphia Union;CF Montreal;7;15;0,9333;1;2;0,5;0,4667;0,5;0,9667
381;03/06/2023;09:15;KENYA;PREMIER LEAGUE;Nairobi City;Nzoia Sugar;5;15;0,6667;5;8;0,875;0,3333;0,625;0,9583
382;03/06/2023;17:00;BRAZIL;SERIE B - ROUND 10;ABC;Novorizontino;7;15;0,8667;7;15;0,7333;0,4667;0,4667;0,9334
383;03/06/2023;10:00;REPUBLIC OF THE CONGO;LIGUE 1 - ROUND 26;AS BNG;V. Club Mokanda;7;15;0,6667;7;15;0,6667;0,4667;0,4667;0,9334
384;03/06/2023;14:00;SENEGAL;LIGUE 1 - ROUND 22;Dakar SC;Sonacos;6;15;0,5333;8;15;0,6;0,4;0,5333;0,9333
385;03/06/2023;13:15;MALI;PREMIERE DIVISION - ROUND 22;USC Kita;Korofina;6;15;0,6;7;15;0,8667;0,4;0,4667;0,8667
386;03/06/2023;08:30;SEYCHELLES;FIRST DIVISION LEAGUE - CHAMPIONSHIP GROUP - ROUND 14;Cote d'Or;Foresters FC;1;2;0,5;4;11;0,7273;0,5;0,3636;0,8636
387;03/06/2023;12:00;BENIN;LIGUE 1 - CHAMPIONSHIP GROUP - ROUND 21;Cavaliers;Bani Ganse;6;13;0,4615;5;14;0,6429;0,4615;0,3571;0,8186
388;03/06/2023;10:00;ZIMBABWE;PREMIER SOCCER LEAGUE - ROUND 12;Chicken Inn;Black Rhinos;5;15;0,4667;7;15;0,5333;0,3333;0,4667;0,8
389;03/06/2023;13:15;SIERRA LEONE;PREMIER LEAGUE - ROUND 29;Real Republicans;Freetown City;1;6;0,3333;6;12;0,8333;0,1667;0,5;0,6667
390;03/06/2023;11:30;LIBYA;PREMIER LEAGUE - ROUND 17;Abu Salim;Asaria;4;15;0,2667;5;14;0,7857;0,2667;0,3571;0,6238
391;03/06/2023;09:00;SEYCHELLES;FIRST DIVISION LEAGUE - CHAMPIONSHIP GROUP - ROUND 14;Saint Louis;La Passe;8;14;1,0;0;1;0,0;0,5714;0,0;0,5714
392;03/06/2023;13:15;SIERRA LEONE;PREMIER LEAGUE - ROUND 29;Ports Authority;Bai Bureh Warriors;4;13;0,3846;2;8;0,5;0,3077;0,25;0,5577
393;03/06/2023;13:15;SIERRA LEONE;PREMIER LEAGUE - ROUND 29;Wilberforce Strikers;Luawa;6;14;0,7857;0;8;0,0;0,4286;0,0;0,4286
